Warning: optimizer settings and `viaIR` have been disabled for accurate coverage reports.
If you encounter "stack too deep" errors, consider using `--ir-minimum` which enables `viaIR` with minimum optimization resolving most of the errors
Compiling 80 files with Solc 0.8.28
Solc 0.8.28 finished in 1.99s
Compiler run successful!
Analysing contracts...
2026-09-24T11:28:02.942507Z  WARN foundry_evm_coverage::anchors: could not find anchor item=Line (location: (source ID: 14, lines: 68..71, bytes: 2657..2764), hits: 0) err=Could not find anchor: No matching instruction in range source ID: 14, lines: 68..71, bytes: 2657..2764
2026-09-24T11:28:02.942628Z  WARN foundry_evm_coverage::anchors: could not find anchor item=Line (location: (source ID: 14, lines: 68..71, bytes: 2657..2764), hits: 0) err=Could not find anchor: No matching instruction in range source ID: 14, lines: 68..71, bytes: 2657..2764
2026-09-24T11:28:02.942647Z  WARN foundry_evm_coverage::anchors: could not find anchor item=Function "_net" (location: (source ID: 14, lines: 68..71, bytes: 2657..2764), hits: 0) err=Could not find anchor: No matching instruction in range source ID: 14, lines: 68..71, bytes: 2657..2764
2026-09-24T11:28:02.942525Z  WARN foundry_evm_coverage::anchors: could not find anchor item=Line (location: (source ID: 11, lines: 34..49, bytes: 1420..1872), hits: 0) err=Could not find anchor: No matching instruction in range source ID: 11, lines: 34..49, bytes: 1420..1872
2026-09-24T11:28:02.942509Z  WARN foundry_evm_coverage::anchors: could not find anchor item=Line (location: (source ID: 4, lines: 48..56, bytes: 2202..2538), hits: 0) err=Could not find anchor: No matching instruction in range source ID: 4, lines: 48..56, bytes: 2202..2538
2026-09-24T11:28:02.942511Z  WARN foundry_evm_coverage::anchors: could not find anchor item=Line (location: (source ID: 12, lines: 12..15, bytes: 484..600), hits: 0) err=Could not find anchor: No matching instruction in range source ID: 12, lines: 12..15, bytes: 484..600
2026-09-24T11:28:02.942696Z  WARN foundry_evm_coverage::anchors: could not find anchor item=Function "deploy" (location: (source ID: 12, lines: 12..15, bytes: 484..600), hits: 0) err=Could not find anchor: No matching instruction in range source ID: 12, lines: 12..15, bytes: 484..600
2026-09-24T11:28:02.942703Z  WARN foundry_evm_coverage::anchors: could not find anchor item=Line (location: (source ID: 12, lines: 13..14, bytes: 576..593), hits: 0) err=Could not find anchor: No matching instruction in range source ID: 12, lines: 13..14, bytes: 576..593
2026-09-24T11:28:02.942709Z  WARN foundry_evm_coverage::anchors: could not find anchor item=Statement (location: (source ID: 12, lines: 13..14, bytes: 576..593), hits: 0) err=Could not find anchor: No matching instruction in range source ID: 12, lines: 13..14, bytes: 576..593
2026-09-24T11:28:02.942715Z  WARN foundry_evm_coverage::anchors: could not find anchor item=Statement (location: (source ID: 12, lines: 13..14, bytes: 583..593), hits: 0) err=Could not find anchor: No matching instruction in range source ID: 12, lines: 13..14, bytes: 583..593
2026-09-24T11:28:02.942720Z  WARN foundry_evm_coverage::anchors: could not find anchor item=Line (location: (source ID: 12, lines: 16..19, bytes: 606..718), hits: 0) err=Could not find anchor: No matching instruction in range source ID: 12, lines: 16..19, bytes: 606..718
2026-09-24T11:28:02.942725Z  WARN foundry_evm_coverage::anchors: could not find anchor item=Function "parse" (location: (source ID: 12, lines: 16..19, bytes: 606..718), hits: 0) err=Could not find anchor: No matching instruction in range source ID: 12, lines: 16..19, bytes: 606..718
2026-09-24T11:28:02.942731Z  WARN foundry_evm_coverage::anchors: could not find anchor item=Line (location: (source ID: 12, lines: 17..18, bytes: 693..711), hits: 0) err=Could not find anchor: No matching instruction in range source ID: 12, lines: 17..18, bytes: 693..711
2026-09-24T11:28:02.942736Z  WARN foundry_evm_coverage::anchors: could not find anchor item=Statement (location: (source ID: 12, lines: 17..18, bytes: 693..711), hits: 0) err=Could not find anchor: No matching instruction in range source ID: 12, lines: 17..18, bytes: 693..711
2026-09-24T11:28:02.942769Z  WARN foundry_evm_coverage::anchors: could not find anchor item=Statement (location: (source ID: 12, lines: 17..18, bytes: 700..711), hits: 0) err=Could not find anchor: No matching instruction in range source ID: 12, lines: 17..18, bytes: 700..711
2026-09-24T11:28:02.942687Z  WARN foundry_evm_coverage::anchors: could not find anchor item=Function "setFeeRecipient" (location: (source ID: 4, lines: 48..56, bytes: 2202..2538), hits: 0) err=Could not find anchor: No matching instruction in range source ID: 4, lines: 48..56, bytes: 2202..2538
2026-09-24T11:28:02.942508Z  WARN foundry_evm_coverage::anchors: could not find anchor item=Line (location: (source ID: 6, lines: 47..51, bytes: 2017..2112), hits: 0) err=Could not find anchor: No matching instruction in range source ID: 6, lines: 47..51, bytes: 2017..2112
2026-09-24T11:28:02.942510Z  WARN foundry_evm_coverage::anchors: could not find anchor item=Line (location: (source ID: 14, lines: 68..71, bytes: 2657..2764), hits: 0) err=Could not find anchor: No matching instruction in range source ID: 14, lines: 68..71, bytes: 2657..2764
2026-09-24T11:28:02.942506Z  WARN foundry_evm_coverage::anchors: could not find anchor item=Line (location: (source ID: 0, lines: 26..30, bytes: 1003..1206), hits: 0) err=Could not find anchor: No matching instruction in range source ID: 0, lines: 26..30, bytes: 1003..1206
2026-09-24T11:28:02.942815Z  WARN foundry_evm_coverage::anchors: could not find anchor item=Function "_net" (location: (source ID: 14, lines: 68..71, bytes: 2657..2764), hits: 0) err=Could not find anchor: No matching instruction in range source ID: 14, lines: 68..71, bytes: 2657..2764
2026-09-24T11:28:02.942527Z  WARN foundry_evm_coverage::anchors: could not find anchor item=Line (location: (source ID: 3, lines: 30..33, bytes: 1056..1196), hits: 0) err=Could not find anchor: No matching instruction in range source ID: 3, lines: 30..33, bytes: 1056..1196
2026-09-24T11:28:02.942830Z  WARN foundry_evm_coverage::anchors: could not find anchor item=Line (location: (source ID: 14, lines: 69..70, bytes: 2729..2757), hits: 0) err=Could not find anchor: No matching instruction in range source ID: 14, lines: 69..70, bytes: 2729..2757
2026-09-24T11:28:02.942657Z  WARN foundry_evm_coverage::anchors: could not find anchor item=Function "_net" (location: (source ID: 14, lines: 68..71, bytes: 2657..2764), hits: 0) err=Could not find anchor: No matching instruction in range source ID: 14, lines: 68..71, bytes: 2657..2764
2026-09-24T11:28:02.942844Z  WARN foundry_evm_coverage::anchors: could not find anchor item=Statement (location: (source ID: 14, lines: 69..70, bytes: 2729..2757), hits: 0) err=Could not find anchor: No matching instruction in range source ID: 14, lines: 69..70, bytes: 2729..2757
2026-09-24T11:28:02.942677Z  WARN foundry_evm_coverage::anchors: could not find anchor item=Function "constructor" (location: (source ID: 11, lines: 34..49, bytes: 1420..1872), hits: 0) err=Could not find anchor: No matching instruction in range source ID: 11, lines: 34..49, bytes: 1420..1872
2026-09-24T11:28:02.942857Z  WARN foundry_evm_coverage::anchors: could not find anchor item=Statement (location: (source ID: 14, lines: 69..70, bytes: 2736..2757), hits: 0) err=Could not find anchor: No matching instruction in range source ID: 14, lines: 69..70, bytes: 2736..2757
2026-09-24T11:28:02.942788Z  WARN foundry_evm_coverage::anchors: could not find anchor item=Line (location: (source ID: 12, lines: 12..15, bytes: 484..600), hits: 0) err=Could not find anchor: No matching instruction in range source ID: 12, lines: 12..15, bytes: 484..600
2026-09-24T11:28:02.942871Z  WARN foundry_evm_coverage::anchors: could not find anchor item=Statement (location: (source ID: 14, lines: 69..70, bytes: 2745..2757), hits: 0) err=Could not find anchor: No matching instruction in range source ID: 14, lines: 69..70, bytes: 2745..2757
2026-09-24T11:28:02.942816Z  WARN foundry_evm_coverage::anchors: could not find anchor item=Function "run" (location: (source ID: 0, lines: 26..30, bytes: 1003..1206), hits: 0) err=Could not find anchor: No matching instruction in range source ID: 0, lines: 26..30, bytes: 1003..1206
2026-09-24T11:28:02.942901Z  WARN foundry_evm_coverage::anchors: could not find anchor item=Line (location: (source ID: 0, lines: 27..28, bytes: 1099..1162), hits: 0) err=Could not find anchor: No matching instruction in range source ID: 0, lines: 27..28, bytes: 1099..1162
2026-09-24T11:28:02.942907Z  WARN foundry_evm_coverage::anchors: could not find anchor item=Statement (location: (source ID: 0, lines: 27..28, bytes: 1099..1162), hits: 0) err=Could not find anchor: No matching instruction in range source ID: 0, lines: 27..28, bytes: 1099..1162
2026-09-24T11:28:02.942912Z  WARN foundry_evm_coverage::anchors: could not find anchor item=Statement (location: (source ID: 0, lines: 27..28, bytes: 1120..1162), hits: 0) err=Could not find anchor: No matching instruction in range source ID: 0, lines: 27..28, bytes: 1120..1162
2026-09-24T11:28:02.942917Z  WARN foundry_evm_coverage::anchors: could not find anchor item=Line (location: (source ID: 0, lines: 28..29, bytes: 1172..1199), hits: 0) err=Could not find anchor: No matching instruction in range source ID: 0, lines: 28..29, bytes: 1172..1199
2026-09-24T11:28:02.942922Z  WARN foundry_evm_coverage::anchors: could not find anchor item=Statement (location: (source ID: 0, lines: 28..29, bytes: 1172..1199), hits: 0) err=Could not find anchor: No matching instruction in range source ID: 0, lines: 28..29, bytes: 1172..1199
2026-09-24T11:28:02.942927Z  WARN foundry_evm_coverage::anchors: could not find anchor item=Statement (location: (source ID: 0, lines: 28..29, bytes: 1179..1199), hits: 0) err=Could not find anchor: No matching instruction in range source ID: 0, lines: 28..29, bytes: 1179..1199
2026-09-24T11:28:02.942932Z  WARN foundry_evm_coverage::anchors: could not find anchor item=Line (location: (source ID: 0, lines: 31..59, bytes: 1212..2653), hits: 0) err=Could not find anchor: No matching instruction in range source ID: 0, lines: 31..59, bytes: 1212..2653
2026-09-24T11:28:02.942937Z  WARN foundry_evm_coverage::anchors: could not find anchor item=Function "_deploy" (location: (source ID: 0, lines: 31..59, bytes: 1212..2653), hits: 0) err=Could not find anchor: No matching instruction in range source ID: 0, lines: 31..59, bytes: 1212..2653
2026-09-24T11:28:02.942942Z  WARN foundry_evm_coverage::anchors: could not find anchor item=Line (location: (source ID: 0, lines: 35..36, bytes: 1351..1420), hits: 0) err=Could not find anchor: No matching instruction in range source ID: 0, lines: 35..36, bytes: 1351..1420
2026-09-24T11:28:02.942947Z  WARN foundry_evm_coverage::anchors: could not find anchor item=Statement (location: (source ID: 0, lines: 35..36, bytes: 1351..1420), hits: 0) err=Could not find anchor: No matching instruction in range source ID: 0, lines: 35..36, bytes: 1351..1420
2026-09-24T11:28:02.942526Z  WARN foundry_evm_coverage::anchors: could not find anchor item=Line (location: (source ID: 11, lines: 50..68, bytes: 1878..2694), hits: 0) err=Could not find anchor: No matching instruction in range source ID: 11, lines: 50..68, bytes: 1878..2694
2026-09-24T11:28:02.942506Z  WARN foundry_evm_coverage::anchors: could not find anchor item=Line (location: (source ID: 14, lines: 85..92, bytes: 3276..3613), hits: 0) err=Could not find anchor: No matching instruction in range source ID: 14, lines: 85..92, bytes: 3276..3613
2026-09-24T11:28:02.942833Z  WARN foundry_evm_coverage::anchors: could not find anchor item=Function "_validateRemoteToken" (location: (source ID: 3, lines: 30..33, bytes: 1056..1196), hits: 0) err=Could not find anchor: No matching instruction in range source ID: 3, lines: 30..33, bytes: 1056..1196
2026-09-24T11:28:02.942673Z  WARN foundry_evm_coverage::anchors: could not find anchor item=Line (location: (source ID: 14, lines: 69..70, bytes: 2729..2757), hits: 0) err=Could not find anchor: No matching instruction in range source ID: 14, lines: 69..70, bytes: 2729..2757
2026-09-24T11:28:02.942854Z  WARN foundry_evm_coverage::anchors: could not find anchor item=Line (location: (source ID: 14, lines: 69..70, bytes: 2729..2757), hits: 0) err=Could not find anchor: No matching instruction in range source ID: 14, lines: 69..70, bytes: 2729..2757
2026-09-24T11:28:02.942858Z  WARN foundry_evm_coverage::anchors: could not find anchor item=Line (location: (source ID: 11, lines: 41..42, bytes: 1623..1637), hits: 0) err=Could not find anchor: No matching instruction in range source ID: 11, lines: 41..42, bytes: 1623..1637
2026-09-24T11:28:02.943005Z  WARN foundry_evm_coverage::anchors: could not find anchor item=Statement (location: (source ID: 14, lines: 69..70, bytes: 2729..2757), hits: 0) err=Could not find anchor: No matching instruction in range source ID: 14, lines: 69..70, bytes: 2729..2757
2026-09-24T11:28:02.942794Z  WARN foundry_evm_coverage::anchors: could not find anchor item=Function "onlyBridge" (location: (source ID: 6, lines: 47..51, bytes: 2017..2112), hits: 0) err=Could not find anchor: No matching instruction in range source ID: 6, lines: 47..51, bytes: 2017..2112
2026-09-24T11:28:02.942878Z  WARN foundry_evm_coverage::anchors: could not find anchor item=Function "deploy" (location: (source ID: 12, lines: 12..15, bytes: 484..600), hits: 0) err=Could not find anchor: No matching instruction in range source ID: 12, lines: 12..15, bytes: 484..600
2026-09-24T11:28:02.942883Z  WARN foundry_evm_coverage::anchors: could not find anchor item=Line (location: (source ID: 14, lines: 72..79, bytes: 2770..3104), hits: 0) err=Could not find anchor: No matching instruction in range source ID: 14, lines: 72..79, bytes: 2770..3104
2026-09-24T11:28:02.943033Z  WARN foundry_evm_coverage::anchors: could not find anchor item=Line (location: (source ID: 12, lines: 13..14, bytes: 576..593), hits: 0) err=Could not find anchor: No matching instruction in range source ID: 12, lines: 13..14, bytes: 576..593
2026-09-24T11:28:02.943040Z  WARN foundry_evm_coverage::anchors: could not find anchor item=Function "_deposit" (location: (source ID: 14, lines: 72..79, bytes: 2770..3104), hits: 0) err=Could not find anchor: No matching instruction in range source ID: 14, lines: 72..79, bytes: 2770..3104
2026-09-24T11:28:02.943047Z  WARN foundry_evm_coverage::anchors: could not find anchor item=Statement (location: (source ID: 12, lines: 13..14, bytes: 576..593), hits: 0) err=Could not find anchor: No matching instruction in range source ID: 12, lines: 13..14, bytes: 576..593
2026-09-24T11:28:02.943053Z  WARN foundry_evm_coverage::anchors: could not find anchor item=Line (location: (source ID: 14, lines: 73..74, bytes: 2872..2904), hits: 0) err=Could not find anchor: No matching instruction in range source ID: 14, lines: 73..74, bytes: 2872..2904
2026-09-24T11:28:02.943060Z  WARN foundry_evm_coverage::anchors: could not find anchor item=Statement (location: (source ID: 12, lines: 13..14, bytes: 583..593), hits: 0) err=Could not find anchor: No matching instruction in range source ID: 12, lines: 13..14, bytes: 583..593
2026-09-24T11:28:02.943066Z  WARN foundry_evm_coverage::anchors: could not find anchor item=Statement (location: (source ID: 14, lines: 73..74, bytes: 2872..2904), hits: 0) err=Could not find anchor: No matching instruction in range source ID: 14, lines: 73..74, bytes: 2872..2904
2026-09-24T11:28:02.943073Z  WARN foundry_evm_coverage::anchors: could not find anchor item=Line (location: (source ID: 12, lines: 16..19, bytes: 606..718), hits: 0) err=Could not find anchor: No matching instruction in range source ID: 12, lines: 16..19, bytes: 606..718
2026-09-24T11:28:02.943079Z  WARN foundry_evm_coverage::anchors: could not find anchor item=Statement (location: (source ID: 14, lines: 73..74, bytes: 2886..2904), hits: 0) err=Could not find anchor: No matching instruction in range source ID: 14, lines: 73..74, bytes: 2886..2904
2026-09-24T11:28:02.943086Z  WARN foundry_evm_coverage::anchors: could not find anchor item=Function "parse" (location: (source ID: 12, lines: 16..19, bytes: 606..718), hits: 0) err=Could not find anchor: No matching instruction in range source ID: 12, lines: 16..19, bytes: 606..718
2026-09-24T11:28:02.942954Z  WARN foundry_evm_coverage::anchors: could not find anchor item=Branch (branch: 0, path: 0) (location: (source ID: 0, lines: 35..36, bytes: 1351..1420), hits: 0) err=Could not detect branches in source: source ID: 0, lines: 35..36, bytes: 1351..1420
2026-09-24T11:28:02.943128Z  WARN foundry_evm_coverage::anchors: could not find anchor item=Line (location: (source ID: 12, lines: 17..18, bytes: 693..711), hits: 0) err=Could not find anchor: No matching instruction in range source ID: 12, lines: 17..18, bytes: 693..711
2026-09-24T11:28:02.942977Z  WARN foundry_evm_coverage::anchors: could not find anchor item=Line (location: (source ID: 3, lines: 31..32, bytes: 1138..1158), hits: 0) err=Could not find anchor: No matching instruction in range source ID: 3, lines: 31..32, bytes: 1138..1158
2026-09-24T11:28:02.943143Z  WARN foundry_evm_coverage::anchors: could not find anchor item=Statement (location: (source ID: 12, lines: 17..18, bytes: 693..711), hits: 0) err=Could not find anchor: No matching instruction in range source ID: 12, lines: 17..18, bytes: 693..711
2026-09-24T11:28:02.943007Z  WARN foundry_evm_coverage::anchors: could not find anchor item=Statement (location: (source ID: 11, lines: 41..42, bytes: 1623..1637), hits: 0) err=Could not find anchor: No matching instruction in range source ID: 11, lines: 41..42, bytes: 1623..1637
2026-09-24T11:28:02.943156Z  WARN foundry_evm_coverage::anchors: could not find anchor item=Statement (location: (source ID: 12, lines: 17..18, bytes: 700..711), hits: 0) err=Could not find anchor: No matching instruction in range source ID: 12, lines: 17..18, bytes: 700..711
2026-09-24T11:28:02.943009Z  WARN foundry_evm_coverage::anchors: could not find anchor item=Statement (location: (source ID: 14, lines: 69..70, bytes: 2729..2757), hits: 0) err=Could not find anchor: No matching instruction in range source ID: 14, lines: 69..70, bytes: 2729..2757
2026-09-24T11:28:02.943020Z  WARN foundry_evm_coverage::anchors: could not find anchor item=Line (location: (source ID: 6, lines: 48..49, bytes: 2053..2073), hits: 0) err=Could not find anchor: No matching instruction in range source ID: 6, lines: 48..49, bytes: 2053..2073
2026-09-24T11:28:02.943024Z  WARN foundry_evm_coverage::anchors: could not find anchor item=Statement (location: (source ID: 14, lines: 69..70, bytes: 2736..2757), hits: 0) err=Could not find anchor: No matching instruction in range source ID: 14, lines: 69..70, bytes: 2736..2757
2026-09-24T11:28:02.943092Z  WARN foundry_evm_coverage::anchors: could not find anchor item=Line (location: (source ID: 14, lines: 74..75, bytes: 2914..2929), hits: 0) err=Could not find anchor: No matching instruction in range source ID: 14, lines: 74..75, bytes: 2914..2929
2026-09-24T11:28:02.942962Z  WARN foundry_evm_coverage::anchors: could not find anchor item=Function "deposit" (location: (source ID: 11, lines: 50..68, bytes: 1878..2694), hits: 0) err=Could not find anchor: No matching instruction in range source ID: 11, lines: 50..68, bytes: 1878..2694
2026-09-24T11:28:02.943198Z  WARN foundry_evm_coverage::anchors: could not find anchor item=Statement (location: (source ID: 14, lines: 74..75, bytes: 2914..2929), hits: 0) err=Could not find anchor: No matching instruction in range source ID: 14, lines: 74..75, bytes: 2914..2929
2026-09-24T11:28:02.942978Z  WARN foundry_evm_coverage::anchors: could not find anchor item=Function "_redeem" (location: (source ID: 14, lines: 85..92, bytes: 3276..3613), hits: 0) err=Could not find anchor: No matching instruction in range source ID: 14, lines: 85..92, bytes: 3276..3613
2026-09-24T11:28:02.943211Z  WARN foundry_evm_coverage::anchors: could not find anchor item=Line (location: (source ID: 14, lines: 75..76, bytes: 2939..2995), hits: 0) err=Could not find anchor: No matching instruction in range source ID: 14, lines: 75..76, bytes: 2939..2995
2026-09-24T11:28:02.943157Z  WARN foundry_evm_coverage::anchors: could not find anchor item=Line (location: (source ID: 11, lines: 42..43, bytes: 1647..1663), hits: 0) err=Could not find anchor: No matching instruction in range source ID: 11, lines: 42..43, bytes: 1647..1663
2026-09-24T11:28:02.943235Z  WARN foundry_evm_coverage::anchors: could not find anchor item=Statement (location: (source ID: 11, lines: 42..43, bytes: 1647..1663), hits: 0) err=Could not find anchor: No matching instruction in range source ID: 11, lines: 42..43, bytes: 1647..1663
2026-09-24T11:28:02.943240Z  WARN foundry_evm_coverage::anchors: could not find anchor item=Line (location: (source ID: 11, lines: 43..44, bytes: 1673..1687), hits: 0) err=Could not find anchor: No matching instruction in range source ID: 11, lines: 43..44, bytes: 1673..1687
2026-09-24T11:28:02.943245Z  WARN foundry_evm_coverage::anchors: could not find anchor item=Statement (location: (source ID: 11, lines: 43..44, bytes: 1673..1687), hits: 0) err=Could not find anchor: No matching instruction in range source ID: 11, lines: 43..44, bytes: 1673..1687
2026-09-24T11:28:02.943250Z  WARN foundry_evm_coverage::anchors: could not find anchor item=Line (location: (source ID: 11, lines: 44..45, bytes: 1697..1729), hits: 0) err=Could not find anchor: No matching instruction in range source ID: 11, lines: 44..45, bytes: 1697..1729
2026-09-24T11:28:02.943255Z  WARN foundry_evm_coverage::anchors: could not find anchor item=Statement (location: (source ID: 11, lines: 44..45, bytes: 1697..1729), hits: 0) err=Could not find anchor: No matching instruction in range source ID: 11, lines: 44..45, bytes: 1697..1729
2026-09-24T11:28:02.943260Z  WARN foundry_evm_coverage::anchors: could not find anchor item=Line (location: (source ID: 11, lines: 45..46, bytes: 1739..1763), hits: 0) err=Could not find anchor: No matching instruction in range source ID: 11, lines: 45..46, bytes: 1739..1763
2026-09-24T11:28:02.943265Z  WARN foundry_evm_coverage::anchors: could not find anchor item=Statement (location: (source ID: 11, lines: 45..46, bytes: 1739..1763), hits: 0) err=Could not find anchor: No matching instruction in range source ID: 11, lines: 45..46, bytes: 1739..1763
2026-09-24T11:28:02.943270Z  WARN foundry_evm_coverage::anchors: could not find anchor item=Line (location: (source ID: 11, lines: 46..47, bytes: 1773..1807), hits: 0) err=Could not find anchor: No matching instruction in range source ID: 11, lines: 46..47, bytes: 1773..1807
2026-09-24T11:28:02.943275Z  WARN foundry_evm_coverage::anchors: could not find anchor item=Statement (location: (source ID: 11, lines: 46..47, bytes: 1773..1807), hits: 0) err=Could not find anchor: No matching instruction in range source ID: 11, lines: 46..47, bytes: 1773..1807
2026-09-24T11:28:02.943280Z  WARN foundry_evm_coverage::anchors: could not find anchor item=Line (location: (source ID: 11, lines: 47..48, bytes: 1817..1865), hits: 0) err=Could not find anchor: No matching instruction in range source ID: 11, lines: 47..48, bytes: 1817..1865
2026-09-24T11:28:02.943285Z  WARN foundry_evm_coverage::anchors: could not find anchor item=Statement (location: (source ID: 11, lines: 47..48, bytes: 1817..1865), hits: 0) err=Could not find anchor: No matching instruction in range source ID: 11, lines: 47..48, bytes: 1817..1865
2026-09-24T11:28:02.943289Z  WARN foundry_evm_coverage::anchors: could not find anchor item=Line (location: (source ID: 11, lines: 50..68, bytes: 1878..2694), hits: 0) err=Could not find anchor: No matching instruction in range source ID: 11, lines: 50..68, bytes: 1878..2694
2026-09-24T11:28:02.943295Z  WARN foundry_evm_coverage::anchors: could not find anchor item=Function "deposit" (location: (source ID: 11, lines: 50..68, bytes: 1878..2694), hits: 0) err=Could not find anchor: No matching instruction in range source ID: 11, lines: 50..68, bytes: 1878..2694
2026-09-24T11:28:02.943300Z  WARN foundry_evm_coverage::anchors: could not find anchor item=Line (location: (source ID: 11, lines: 51..52, bytes: 1928..1965), hits: 0) err=Could not find anchor: No matching instruction in range source ID: 11, lines: 51..52, bytes: 1928..1965
2026-09-24T11:28:02.943327Z  WARN foundry_evm_coverage::anchors: could not find anchor item=Statement (location: (source ID: 11, lines: 51..52, bytes: 1928..1965), hits: 0) err=Could not find anchor: No matching instruction in range source ID: 11, lines: 51..52, bytes: 1928..1965
2026-09-24T11:28:02.943196Z  WARN foundry_evm_coverage::anchors: could not find anchor item=Statement (location: (source ID: 14, lines: 69..70, bytes: 2745..2757), hits: 0) err=Could not find anchor: No matching instruction in range source ID: 14, lines: 69..70, bytes: 2745..2757
2026-09-24T11:28:02.943199Z  WARN foundry_evm_coverage::anchors: could not find anchor item=Line (location: (source ID: 11, lines: 51..52, bytes: 1928..1965), hits: 0) err=Could not find anchor: No matching instruction in range source ID: 11, lines: 51..52, bytes: 1928..1965
2026-09-24T11:28:02.943349Z  WARN foundry_evm_coverage::anchors: could not find anchor item=Statement (location: (source ID: 11, lines: 51..52, bytes: 1928..1965), hits: 0) err=Could not find anchor: No matching instruction in range source ID: 11, lines: 51..52, bytes: 1928..1965
2026-09-24T11:28:02.943355Z  WARN foundry_evm_coverage::anchors: could not find anchor item=Line (location: (source ID: 11, lines: 52..53, bytes: 1975..2014), hits: 0) err=Could not find anchor: No matching instruction in range source ID: 11, lines: 52..53, bytes: 1975..2014
2026-09-24T11:28:02.943223Z  WARN foundry_evm_coverage::anchors: could not find anchor item=Statement (location: (source ID: 14, lines: 75..76, bytes: 2939..2995), hits: 0) err=Could not find anchor: No matching instruction in range source ID: 14, lines: 75..76, bytes: 2939..2995
2026-09-24T11:28:02.942784Z  WARN foundry_evm_coverage::anchors: could not find anchor item=Line (location: (source ID: 4, lines: 49..50, bytes: 2287..2305), hits: 0) err=Could not find anchor: No matching instruction in range source ID: 4, lines: 49..50, bytes: 2287..2305
2026-09-24T11:28:02.943374Z  WARN foundry_evm_coverage::anchors: could not find anchor item=Statement (location: (source ID: 14, lines: 75..76, bytes: 2952..2995), hits: 0) err=Could not find anchor: No matching instruction in range source ID: 14, lines: 75..76, bytes: 2952..2995
2026-09-24T11:28:02.943178Z  WARN foundry_evm_coverage::anchors: could not find anchor item=Statement (location: (source ID: 14, lines: 69..70, bytes: 2736..2757), hits: 0) err=Could not find anchor: No matching instruction in range source ID: 14, lines: 69..70, bytes: 2736..2757
2026-09-24T11:28:02.943386Z  WARN foundry_evm_coverage::anchors: could not find anchor item=Line (location: (source ID: 14, lines: 76..77, bytes: 3005..3056), hits: 0) err=Could not find anchor: No matching instruction in range source ID: 14, lines: 76..77, bytes: 3005..3056
2026-09-24T11:28:02.943335Z  WARN foundry_evm_coverage::anchors: could not find anchor item=Line (location: (source ID: 11, lines: 52..53, bytes: 1975..2014), hits: 0) err=Could not find anchor: No matching instruction in range source ID: 11, lines: 52..53, bytes: 1975..2014
2026-09-24T11:28:02.943399Z  WARN foundry_evm_coverage::anchors: could not find anchor item=Statement (location: (source ID: 14, lines: 76..77, bytes: 3005..3056), hits: 0) err=Could not find anchor: No matching instruction in range source ID: 14, lines: 76..77, bytes: 3005..3056
2026-09-24T11:28:02.943144Z  WARN foundry_evm_coverage::anchors: could not find anchor item=Statement (location: (source ID: 3, lines: 31..32, bytes: 1138..1158), hits: 0) err=Could not find anchor: No matching instruction in range source ID: 3, lines: 31..32, bytes: 1138..1158
2026-09-24T11:28:02.943412Z  WARN foundry_evm_coverage::anchors: could not find anchor item=Line (location: (source ID: 14, lines: 77..78, bytes: 3066..3097), hits: 0) err=Could not find anchor: No matching instruction in range source ID: 14, lines: 77..78, bytes: 3066..3097
2026-09-24T11:28:02.943361Z  WARN foundry_evm_coverage::anchors: could not find anchor item=Statement (location: (source ID: 11, lines: 52..53, bytes: 1975..2014), hits: 0) err=Could not find anchor: No matching instruction in range source ID: 11, lines: 52..53, bytes: 1975..2014
2026-09-24T11:28:02.943177Z  WARN foundry_evm_coverage::anchors: could not find anchor item=Statement (location: (source ID: 6, lines: 48..49, bytes: 2053..2073), hits: 0) err=Could not find anchor: No matching instruction in range source ID: 6, lines: 48..49, bytes: 2053..2073
2026-09-24T11:28:02.943375Z  WARN foundry_evm_coverage::anchors: could not find anchor item=Statement (location: (source ID: 4, lines: 49..50, bytes: 2287..2305), hits: 0) err=Could not find anchor: No matching instruction in range source ID: 4, lines: 49..50, bytes: 2287..2305
2026-09-24T11:28:02.943182Z  WARN foundry_evm_coverage::anchors: could not find anchor item=Line (location: (source ID: 23, lines: 21..24, bytes: 721..799), hits: 0) err=Could not find anchor: No matching instruction in range source ID: 23, lines: 21..24, bytes: 721..799
2026-09-24T11:28:02.943462Z  WARN foundry_evm_coverage::anchors: could not find anchor item=Function "setMessageFee" (location: (source ID: 23, lines: 21..24, bytes: 721..799), hits: 0) err=Could not find anchor: No matching instruction in range source ID: 23, lines: 21..24, bytes: 721..799
2026-09-24T11:28:02.943468Z  WARN foundry_evm_coverage::anchors: could not find anchor item=Line (location: (source ID: 23, lines: 22..23, bytes: 776..792), hits: 0) err=Could not find anchor: No matching instruction in range source ID: 23, lines: 22..23, bytes: 776..792
2026-09-24T11:28:02.943473Z  WARN foundry_evm_coverage::anchors: could not find anchor item=Statement (location: (source ID: 23, lines: 22..23, bytes: 776..792), hits: 0) err=Could not find anchor: No matching instruction in range source ID: 23, lines: 22..23, bytes: 776..792
2026-09-24T11:28:02.943478Z  WARN foundry_evm_coverage::anchors: could not find anchor item=Line (location: (source ID: 23, lines: 25..28, bytes: 805..886), hits: 0) err=Could not find anchor: No matching instruction in range source ID: 23, lines: 25..28, bytes: 805..886
2026-09-24T11:28:02.943483Z  WARN foundry_evm_coverage::anchors: could not find anchor item=Function "setFailPublish" (location: (source ID: 23, lines: 25..28, bytes: 805..886), hits: 0) err=Could not find anchor: No matching instruction in range source ID: 23, lines: 25..28, bytes: 805..886
2026-09-24T11:28:02.943488Z  WARN foundry_evm_coverage::anchors: could not find anchor item=Line (location: (source ID: 23, lines: 26..27, bytes: 860..879), hits: 0) err=Could not find anchor: No matching instruction in range source ID: 23, lines: 26..27, bytes: 860..879
2026-09-24T11:28:02.943493Z  WARN foundry_evm_coverage::anchors: could not find anchor item=Statement (location: (source ID: 23, lines: 26..27, bytes: 860..879), hits: 0) err=Could not find anchor: No matching instruction in range source ID: 23, lines: 26..27, bytes: 860..879
2026-09-24T11:28:02.943498Z  WARN foundry_evm_coverage::anchors: could not find anchor item=Line (location: (source ID: 23, lines: 29..49, bytes: 892..1650), hits: 0) err=Could not find anchor: No matching instruction in range source ID: 23, lines: 29..49, bytes: 892..1650
2026-09-24T11:28:02.943504Z  WARN foundry_evm_coverage::anchors: could not find anchor item=Function "publishMessage" (location: (source ID: 23, lines: 29..49, bytes: 892..1650), hits: 0) err=Could not find anchor: No matching instruction in range source ID: 23, lines: 29..49, bytes: 892..1650
2026-09-24T11:28:02.943509Z  WARN foundry_evm_coverage::anchors: could not find anchor item=Line (location: (source ID: 23, lines: 35..36, bytes: 1074..1118), hits: 0) err=Could not find anchor: No matching instruction in range source ID: 23, lines: 35..36, bytes: 1074..1118
2026-09-24T11:28:02.943514Z  WARN foundry_evm_coverage::anchors: could not find anchor item=Statement (location: (source ID: 23, lines: 35..36, bytes: 1074..1118), hits: 0) err=Could not find anchor: No matching instruction in range source ID: 23, lines: 35..36, bytes: 1074..1118
2026-09-24T11:28:02.943130Z  WARN foundry_evm_coverage::anchors: could not find anchor item=Branch (branch: 0, path: 1) (location: (source ID: 0, lines: 35..36, bytes: 1351..1420), hits: 0) err=Could not detect branches in source: source ID: 0, lines: 35..36, bytes: 1351..1420
2026-09-24T11:28:02.943539Z  WARN foundry_evm_coverage::anchors: could not find anchor item=Line (location: (source ID: 0, lines: 36..37, bytes: 1430..1501), hits: 0) err=Could not find anchor: No matching instruction in range source ID: 0, lines: 36..37, bytes: 1430..1501
2026-09-24T11:28:02.943544Z  WARN foundry_evm_coverage::anchors: could not find anchor item=Statement (location: (source ID: 0, lines: 36..37, bytes: 1430..1501), hits: 0) err=Could not find anchor: No matching instruction in range source ID: 0, lines: 36..37, bytes: 1430..1501
2026-09-24T11:28:02.943425Z  WARN foundry_evm_coverage::anchors: could not find anchor item=Statement (location: (source ID: 14, lines: 77..78, bytes: 3066..3097), hits: 0) err=Could not find anchor: No matching instruction in range source ID: 14, lines: 77..78, bytes: 3066..3097
2026-09-24T11:28:02.943441Z  WARN foundry_evm_coverage::anchors: could not find anchor item=Statement (location: (source ID: 11, lines: 52..53, bytes: 1995..2014), hits: 0) err=Could not find anchor: No matching instruction in range source ID: 11, lines: 52..53, bytes: 1995..2014
2026-09-24T11:28:02.943563Z  WARN foundry_evm_coverage::anchors: could not find anchor item=Line (location: (source ID: 14, lines: 80..84, bytes: 3110..3270), hits: 0) err=Could not find anchor: No matching instruction in range source ID: 14, lines: 80..84, bytes: 3110..3270
2026-09-24T11:28:02.943456Z  WARN foundry_evm_coverage::anchors: could not find anchor item=Statement (location: (source ID: 4, lines: 49..50, bytes: 2287..2356), hits: 0) err=Could not find anchor: No matching instruction in range source ID: 4, lines: 49..50, bytes: 2287..2356
2026-09-24T11:28:02.943576Z  WARN foundry_evm_coverage::anchors: could not find anchor item=Function "_mint" (location: (source ID: 14, lines: 80..84, bytes: 3110..3270), hits: 0) err=Could not find anchor: No matching instruction in range source ID: 14, lines: 80..84, bytes: 3110..3270
2026-09-24T11:28:02.943400Z  WARN foundry_evm_coverage::anchors: could not find anchor item=Statement (location: (source ID: 11, lines: 52..53, bytes: 1975..2014), hits: 0) err=Could not find anchor: No matching instruction in range source ID: 11, lines: 52..53, bytes: 1975..2014
2026-09-24T11:28:02.943588Z  WARN foundry_evm_coverage::anchors: could not find anchor item=Line (location: (source ID: 14, lines: 81..82, bytes: 3190..3222), hits: 0) err=Could not find anchor: No matching instruction in range source ID: 14, lines: 81..82, bytes: 3190..3222
2026-09-24T11:28:02.943220Z  WARN foundry_evm_coverage::anchors: could not find anchor item=Line (location: (source ID: 14, lines: 86..87, bytes: 3378..3411), hits: 0) err=Could not find anchor: No matching instruction in range source ID: 14, lines: 86..87, bytes: 3378..3411
2026-09-24T11:28:02.943601Z  WARN foundry_evm_coverage::anchors: could not find anchor item=Statement (location: (source ID: 14, lines: 81..82, bytes: 3190..3222), hits: 0) err=Could not find anchor: No matching instruction in range source ID: 14, lines: 81..82, bytes: 3190..3222
2026-09-24T11:28:02.943550Z  WARN foundry_evm_coverage::anchors: could not find anchor item=Branch (branch: 1, path: 0) (location: (source ID: 0, lines: 36..37, bytes: 1430..1501), hits: 0) err=Could not detect branches in source: source ID: 0, lines: 36..37, bytes: 1430..1501
2026-09-24T11:28:02.943614Z  WARN foundry_evm_coverage::anchors: could not find anchor item=Line (location: (source ID: 14, lines: 82..83, bytes: 3232..3263), hits: 0) err=Could not find anchor: No matching instruction in range source ID: 14, lines: 82..83, bytes: 3232..3263
2026-09-24T11:28:02.943564Z  WARN foundry_evm_coverage::anchors: could not find anchor item=Line (location: (source ID: 11, lines: 53..54, bytes: 2028..2047), hits: 0) err=Could not find anchor: No matching instruction in range source ID: 11, lines: 53..54, bytes: 2028..2047
2026-09-24T11:28:02.943638Z  WARN foundry_evm_coverage::anchors: could not find anchor item=Statement (location: (source ID: 11, lines: 53..54, bytes: 2028..2047), hits: 0) err=Could not find anchor: No matching instruction in range source ID: 11, lines: 53..54, bytes: 2028..2047
2026-09-24T11:28:02.943577Z  WARN foundry_evm_coverage::anchors: could not find anchor item=Statement (location: (source ID: 4, lines: 49..50, bytes: 2309..2330), hits: 0) err=Could not find anchor: No matching instruction in range source ID: 4, lines: 49..50, bytes: 2309..2330
2026-09-24T11:28:02.943589Z  WARN foundry_evm_coverage::anchors: could not find anchor item=Statement (location: (source ID: 11, lines: 52..53, bytes: 1995..2014), hits: 0) err=Could not find anchor: No matching instruction in range source ID: 11, lines: 52..53, bytes: 1995..2014
2026-09-24T11:28:02.943658Z  WARN foundry_evm_coverage::anchors: could not find anchor item=Line (location: (source ID: 11, lines: 53..54, bytes: 2028..2047), hits: 0) err=Could not find anchor: No matching instruction in range source ID: 11, lines: 53..54, bytes: 2028..2047
2026-09-24T11:28:02.943663Z  WARN foundry_evm_coverage::anchors: could not find anchor item=Statement (location: (source ID: 11, lines: 53..54, bytes: 2028..2047), hits: 0) err=Could not find anchor: No matching instruction in range source ID: 11, lines: 53..54, bytes: 2028..2047
2026-09-24T11:28:02.943668Z  WARN foundry_evm_coverage::anchors: could not find anchor item=Statement (location: (source ID: 11, lines: 53..54, bytes: 2028..2051), hits: 0) err=Could not find anchor: No matching instruction in range source ID: 11, lines: 53..54, bytes: 2028..2051
2026-09-24T11:28:02.943673Z  WARN foundry_evm_coverage::anchors: could not find anchor item=Statement (location: (source ID: 11, lines: 53..54, bytes: 2028..2056), hits: 0) err=Could not find anchor: No matching instruction in range source ID: 11, lines: 53..54, bytes: 2028..2056
2026-09-24T11:28:02.943678Z  WARN foundry_evm_coverage::anchors: could not find anchor item=Statement (location: (source ID: 11, lines: 53..54, bytes: 2028..2074), hits: 0) err=Could not find anchor: No matching instruction in range source ID: 11, lines: 53..54, bytes: 2028..2074
2026-09-24T11:28:02.943683Z  WARN foundry_evm_coverage::anchors: could not find anchor item=Statement (location: (source ID: 11, lines: 53..54, bytes: 2060..2074), hits: 0) err=Could not find anchor: No matching instruction in range source ID: 11, lines: 53..54, bytes: 2060..2074
2026-09-24T11:28:02.943688Z  WARN foundry_evm_coverage::anchors: could not find anchor item=Statement (location: (source ID: 11, lines: 53..54, bytes: 2076..2082), hits: 0) err=Could not find anchor: No matching instruction in range source ID: 11, lines: 53..54, bytes: 2076..2082
2026-09-24T11:28:02.943693Z  WARN foundry_evm_coverage::anchors: could not find anchor item=Branch (branch: 0, path: 0) (location: (source ID: 11, lines: 53..54, bytes: 2076..2082), hits: 0) err=Could not find anchor: No matching instruction in range source ID: 11, lines: 53..54, bytes: 2076..2082
2026-09-24T11:28:02.943698Z  WARN foundry_evm_coverage::anchors: could not find anchor item=Line (location: (source ID: 11, lines: 54..55, bytes: 2092..2134), hits: 0) err=Could not find anchor: No matching instruction in range source ID: 11, lines: 54..55, bytes: 2092..2134
2026-09-24T11:28:02.943703Z  WARN foundry_evm_coverage::anchors: could not find anchor item=Statement (location: (source ID: 11, lines: 54..55, bytes: 2092..2134), hits: 0) err=Could not find anchor: No matching instruction in range source ID: 11, lines: 54..55, bytes: 2092..2134
2026-09-24T11:28:02.943708Z  WARN foundry_evm_coverage::anchors: could not find anchor item=Statement (location: (source ID: 11, lines: 54..55, bytes: 2109..2134), hits: 0) err=Could not find anchor: No matching instruction in range source ID: 11, lines: 54..55, bytes: 2109..2134
2026-09-24T11:28:02.943712Z  WARN foundry_evm_coverage::anchors: could not find anchor item=Line (location: (source ID: 11, lines: 55..56, bytes: 2144..2177), hits: 0) err=Could not find anchor: No matching instruction in range source ID: 11, lines: 55..56, bytes: 2144..2177
2026-09-24T11:28:02.943728Z  WARN foundry_evm_coverage::anchors: could not find anchor item=Statement (location: (source ID: 11, lines: 55..56, bytes: 2144..2177), hits: 0) err=Could not find anchor: No matching instruction in range source ID: 11, lines: 55..56, bytes: 2144..2177
2026-09-24T11:28:02.943733Z  WARN foundry_evm_coverage::anchors: could not find anchor item=Line (location: (source ID: 11, lines: 56..57, bytes: 2187..2241), hits: 0) err=Could not find anchor: No matching instruction in range source ID: 11, lines: 56..57, bytes: 2187..2241
2026-09-24T11:28:02.943738Z  WARN foundry_evm_coverage::anchors: could not find anchor item=Statement (location: (source ID: 11, lines: 56..57, bytes: 2187..2241), hits: 0) err=Could not find anchor: No matching instruction in range source ID: 11, lines: 56..57, bytes: 2187..2241
2026-09-24T11:28:02.943743Z  WARN foundry_evm_coverage::anchors: could not find anchor item=Statement (location: (source ID: 11, lines: 56..57, bytes: 2205..2241), hits: 0) err=Could not find anchor: No matching instruction in range source ID: 11, lines: 56..57, bytes: 2205..2241
2026-09-24T11:28:02.943748Z  WARN foundry_evm_coverage::anchors: could not find anchor item=Line (location: (source ID: 11, lines: 57..58, bytes: 2251..2320), hits: 0) err=Could not find anchor: No matching instruction in range source ID: 11, lines: 57..58, bytes: 2251..2320
2026-09-24T11:28:02.943753Z  WARN foundry_evm_coverage::anchors: could not find anchor item=Statement (location: (source ID: 11, lines: 57..58, bytes: 2251..2320), hits: 0) err=Could not find anchor: No matching instruction in range source ID: 11, lines: 57..58, bytes: 2251..2320
2026-09-24T11:28:02.943758Z  WARN foundry_evm_coverage::anchors: could not find anchor item=Statement (location: (source ID: 11, lines: 57..58, bytes: 2274..2320), hits: 0) err=Could not find anchor: No matching instruction in range source ID: 11, lines: 57..58, bytes: 2274..2320
2026-09-24T11:28:02.943763Z  WARN foundry_evm_coverage::anchors: could not find anchor item=Line (location: (source ID: 11, lines: 58..59, bytes: 2330..2361), hits: 0) err=Could not find anchor: No matching instruction in range source ID: 11, lines: 58..59, bytes: 2330..2361
2026-09-24T11:28:02.943768Z  WARN foundry_evm_coverage::anchors: could not find anchor item=Statement (location: (source ID: 11, lines: 58..59, bytes: 2330..2361), hits: 0) err=Could not find anchor: No matching instruction in range source ID: 11, lines: 58..59, bytes: 2330..2361
2026-09-24T11:28:02.943773Z  WARN foundry_evm_coverage::anchors: could not find anchor item=Line (location: (source ID: 11, lines: 60..61, bytes: 2459..2485), hits: 0) err=Could not find anchor: No matching instruction in range source ID: 11, lines: 60..61, bytes: 2459..2485
2026-09-24T11:28:02.943777Z  WARN foundry_evm_coverage::anchors: could not find anchor item=Statement (location: (source ID: 11, lines: 60..61, bytes: 2459..2485), hits: 0) err=Could not find anchor: No matching instruction in range source ID: 11, lines: 60..61, bytes: 2459..2485
2026-09-24T11:28:02.943782Z  WARN foundry_evm_coverage::anchors: could not find anchor item=Statement (location: (source ID: 11, lines: 60..61, bytes: 2473..2485), hits: 0) err=Could not find anchor: No matching instruction in range source ID: 11, lines: 60..61, bytes: 2473..2485
2026-09-24T11:28:02.943787Z  WARN foundry_evm_coverage::anchors: could not find anchor item=Line (location: (source ID: 11, lines: 61..62, bytes: 2495..2521), hits: 0) err=Could not find anchor: No matching instruction in range source ID: 11, lines: 61..62, bytes: 2495..2521
2026-09-24T11:28:02.943792Z  WARN foundry_evm_coverage::anchors: could not find anchor item=Statement (location: (source ID: 11, lines: 61..62, bytes: 2495..2521), hits: 0) err=Could not find anchor: No matching instruction in range source ID: 11, lines: 61..62, bytes: 2495..2521
2026-09-24T11:28:02.943797Z  WARN foundry_evm_coverage::anchors: could not find anchor item=Statement (location: (source ID: 11, lines: 61..62, bytes: 2509..2521), hits: 0) err=Could not find anchor: No matching instruction in range source ID: 11, lines: 61..62, bytes: 2509..2521
2026-09-24T11:28:02.943812Z  WARN foundry_evm_coverage::anchors: could not find anchor item=Line (location: (source ID: 11, lines: 62..63, bytes: 2531..2555), hits: 0) err=Could not find anchor: No matching instruction in range source ID: 11, lines: 62..63, bytes: 2531..2555
2026-09-24T11:28:02.943818Z  WARN foundry_evm_coverage::anchors: could not find anchor item=Statement (location: (source ID: 11, lines: 62..63, bytes: 2531..2555), hits: 0) err=Could not find anchor: No matching instruction in range source ID: 11, lines: 62..63, bytes: 2531..2555
2026-09-24T11:28:02.943823Z  WARN foundry_evm_coverage::anchors: could not find anchor item=Line (location: (source ID: 11, lines: 63..64, bytes: 2565..2580), hits: 0) err=Could not find anchor: No matching instruction in range source ID: 11, lines: 63..64, bytes: 2565..2580
2026-09-24T11:28:02.943828Z  WARN foundry_evm_coverage::anchors: could not find anchor item=Statement (location: (source ID: 11, lines: 63..64, bytes: 2565..2580), hits: 0) err=Could not find anchor: No matching instruction in range source ID: 11, lines: 63..64, bytes: 2565..2580
2026-09-24T11:28:02.943833Z  WARN foundry_evm_coverage::anchors: could not find anchor item=Line (location: (source ID: 11, lines: 64..65, bytes: 2590..2627), hits: 0) err=Could not find anchor: No matching instruction in range source ID: 11, lines: 64..65, bytes: 2590..2627
2026-09-24T11:28:02.943838Z  WARN foundry_evm_coverage::anchors: could not find anchor item=Statement (location: (source ID: 11, lines: 64..65, bytes: 2590..2627), hits: 0) err=Could not find anchor: No matching instruction in range source ID: 11, lines: 64..65, bytes: 2590..2627
2026-09-24T11:28:02.943842Z  WARN foundry_evm_coverage::anchors: could not find anchor item=Line (location: (source ID: 11, lines: 65..66, bytes: 2637..2659), hits: 0) err=Could not find anchor: No matching instruction in range source ID: 11, lines: 65..66, bytes: 2637..2659
2026-09-24T11:28:02.943847Z  WARN foundry_evm_coverage::anchors: could not find anchor item=Statement (location: (source ID: 11, lines: 65..66, bytes: 2637..2659), hits: 0) err=Could not find anchor: No matching instruction in range source ID: 11, lines: 65..66, bytes: 2637..2659
2026-09-24T11:28:02.943852Z  WARN foundry_evm_coverage::anchors: could not find anchor item=Line (location: (source ID: 11, lines: 66..67, bytes: 2669..2687), hits: 0) err=Could not find anchor: No matching instruction in range source ID: 11, lines: 66..67, bytes: 2669..2687
2026-09-24T11:28:02.943857Z  WARN foundry_evm_coverage::anchors: could not find anchor item=Statement (location: (source ID: 11, lines: 66..67, bytes: 2669..2687), hits: 0) err=Could not find anchor: No matching instruction in range source ID: 11, lines: 66..67, bytes: 2669..2687
2026-09-24T11:28:02.943862Z  WARN foundry_evm_coverage::anchors: could not find anchor item=Line (location: (source ID: 11, lines: 69..82, bytes: 2700..3241), hits: 0) err=Could not find anchor: No matching instruction in range source ID: 11, lines: 69..82, bytes: 2700..3241
2026-09-24T11:28:02.943867Z  WARN foundry_evm_coverage::anchors: could not find anchor item=Function "deliverDeposit" (location: (source ID: 11, lines: 69..82, bytes: 2700..3241), hits: 0) err=Could not find anchor: No matching instruction in range source ID: 11, lines: 69..82, bytes: 2700..3241
2026-09-24T11:28:02.943872Z  WARN foundry_evm_coverage::anchors: could not find anchor item=Line (location: (source ID: 11, lines: 70..71, bytes: 2757..2795), hits: 0) err=Could not find anchor: No matching instruction in range source ID: 11, lines: 70..71, bytes: 2757..2795
2026-09-24T11:28:02.943877Z  WARN foundry_evm_coverage::anchors: could not find anchor item=Statement (location: (source ID: 11, lines: 70..71, bytes: 2757..2795), hits: 0) err=Could not find anchor: No matching instruction in range source ID: 11, lines: 70..71, bytes: 2757..2795
2026-09-24T11:28:02.943896Z  WARN foundry_evm_coverage::anchors: could not find anchor item=Line (location: (source ID: 11, lines: 71..72, bytes: 2809..2829), hits: 0) err=Could not find anchor: No matching instruction in range source ID: 11, lines: 71..72, bytes: 2809..2829
2026-09-24T11:28:02.943901Z  WARN foundry_evm_coverage::anchors: could not find anchor item=Statement (location: (source ID: 11, lines: 71..72, bytes: 2809..2829), hits: 0) err=Could not find anchor: No matching instruction in range source ID: 11, lines: 71..72, bytes: 2809..2829
2026-09-24T11:28:02.943906Z  WARN foundry_evm_coverage::anchors: could not find anchor item=Statement (location: (source ID: 11, lines: 71..72, bytes: 2809..2862), hits: 0) err=Could not find anchor: No matching instruction in range source ID: 11, lines: 71..72, bytes: 2809..2862
2026-09-24T11:28:02.943911Z  WARN foundry_evm_coverage::anchors: could not find anchor item=Statement (location: (source ID: 11, lines: 71..72, bytes: 2833..2853), hits: 0) err=Could not find anchor: No matching instruction in range source ID: 11, lines: 71..72, bytes: 2833..2853
2026-09-24T11:28:02.943916Z  WARN foundry_evm_coverage::anchors: could not find anchor item=Statement (location: (source ID: 11, lines: 71..72, bytes: 2833..2857), hits: 0) err=Could not find anchor: No matching instruction in range source ID: 11, lines: 71..72, bytes: 2833..2857
2026-09-24T11:28:02.943921Z  WARN foundry_evm_coverage::anchors: could not find anchor item=Statement (location: (source ID: 11, lines: 71..72, bytes: 2833..2862), hits: 0) err=Could not find anchor: No matching instruction in range source ID: 11, lines: 71..72, bytes: 2833..2862
2026-09-24T11:28:02.943926Z  WARN foundry_evm_coverage::anchors: could not find anchor item=Statement (location: (source ID: 11, lines: 71..72, bytes: 2864..2870), hits: 0) err=Could not find anchor: No matching instruction in range source ID: 11, lines: 71..72, bytes: 2864..2870
2026-09-24T11:28:02.943931Z  WARN foundry_evm_coverage::anchors: could not find anchor item=Branch (branch: 1, path: 0) (location: (source ID: 11, lines: 71..72, bytes: 2864..2870), hits: 0) err=Could not find anchor: No matching instruction in range source ID: 11, lines: 71..72, bytes: 2864..2870
2026-09-24T11:28:02.943936Z  WARN foundry_evm_coverage::anchors: could not find anchor item=Line (location: (source ID: 11, lines: 72..73, bytes: 2880..2918), hits: 0) err=Could not find anchor: No matching instruction in range source ID: 11, lines: 72..73, bytes: 2880..2918
2026-09-24T11:28:02.943941Z  WARN foundry_evm_coverage::anchors: could not find anchor item=Statement (location: (source ID: 11, lines: 72..73, bytes: 2880..2918), hits: 0) err=Could not find anchor: No matching instruction in range source ID: 11, lines: 72..73, bytes: 2880..2918
2026-09-24T11:28:02.943946Z  WARN foundry_evm_coverage::anchors: could not find anchor item=Statement (location: (source ID: 11, lines: 72..73, bytes: 2896..2918), hits: 0) err=Could not find anchor: No matching instruction in range source ID: 11, lines: 72..73, bytes: 2896..2918
2026-09-24T11:28:02.943951Z  WARN foundry_evm_coverage::anchors: could not find anchor item=Line (location: (source ID: 11, lines: 73..78, bytes: 2947..3110), hits: 0) err=Could not find anchor: No matching instruction in range source ID: 11, lines: 73..78, bytes: 2947..3110
2026-09-24T11:28:02.943956Z  WARN foundry_evm_coverage::anchors: could not find anchor item=Branch (branch: 2, path: 0) (location: (source ID: 11, lines: 73..78, bytes: 2947..3110), hits: 0) err=Could not find anchor: No matching instruction in range source ID: 11, lines: 73..78, bytes: 2947..3110
2026-09-24T11:28:02.943960Z  WARN foundry_evm_coverage::anchors: could not find anchor item=Line (location: (source ID: 11, lines: 74..75, bytes: 2961..3026), hits: 0) err=Could not find anchor: No matching instruction in range source ID: 11, lines: 74..75, bytes: 2961..3026
2026-09-24T11:28:02.943965Z  WARN foundry_evm_coverage::anchors: could not find anchor item=Statement (location: (source ID: 11, lines: 74..75, bytes: 2961..3026), hits: 0) err=Could not find anchor: No matching instruction in range source ID: 11, lines: 74..75, bytes: 2961..3026
2026-09-24T11:28:02.943980Z  WARN foundry_evm_coverage::anchors: could not find anchor item=Line (location: (source ID: 11, lines: 75..76, bytes: 3040..3079), hits: 0) err=Could not find anchor: No matching instruction in range source ID: 11, lines: 75..76, bytes: 3040..3079
2026-09-24T11:28:02.943985Z  WARN foundry_evm_coverage::anchors: could not find anchor item=Statement (location: (source ID: 11, lines: 75..76, bytes: 3040..3079), hits: 0) err=Could not find anchor: No matching instruction in range source ID: 11, lines: 75..76, bytes: 3040..3079
2026-09-24T11:28:02.943990Z  WARN foundry_evm_coverage::anchors: could not find anchor item=Line (location: (source ID: 11, lines: 76..77, bytes: 3093..3099), hits: 0) err=Could not find anchor: No matching instruction in range source ID: 11, lines: 76..77, bytes: 3093..3099
2026-09-24T11:28:02.943995Z  WARN foundry_evm_coverage::anchors: could not find anchor item=Statement (location: (source ID: 11, lines: 76..77, bytes: 3093..3099), hits: 0) err=Could not find anchor: No matching instruction in range source ID: 11, lines: 76..77, bytes: 3093..3099
2026-09-24T11:28:02.944000Z  WARN foundry_evm_coverage::anchors: could not find anchor item=Line (location: (source ID: 11, lines: 78..79, bytes: 3119..3158), hits: 0) err=Could not find anchor: No matching instruction in range source ID: 11, lines: 78..79, bytes: 3119..3158
2026-09-24T11:28:02.944005Z  WARN foundry_evm_coverage::anchors: could not find anchor item=Statement (location: (source ID: 11, lines: 78..79, bytes: 3119..3158), hits: 0) err=Could not find anchor: No matching instruction in range source ID: 11, lines: 78..79, bytes: 3119..3158
2026-09-24T11:28:02.944010Z  WARN foundry_evm_coverage::anchors: could not find anchor item=Line (location: (source ID: 11, lines: 79..80, bytes: 3168..3188), hits: 0) err=Could not find anchor: No matching instruction in range source ID: 11, lines: 79..80, bytes: 3168..3188
2026-09-24T11:28:02.944014Z  WARN foundry_evm_coverage::anchors: could not find anchor item=Statement (location: (source ID: 11, lines: 79..80, bytes: 3168..3188), hits: 0) err=Could not find anchor: No matching instruction in range source ID: 11, lines: 79..80, bytes: 3168..3188
2026-09-24T11:28:02.944019Z  WARN foundry_evm_coverage::anchors: could not find anchor item=Line (location: (source ID: 11, lines: 80..81, bytes: 3198..3234), hits: 0) err=Could not find anchor: No matching instruction in range source ID: 11, lines: 80..81, bytes: 3198..3234
2026-09-24T11:28:02.944024Z  WARN foundry_evm_coverage::anchors: could not find anchor item=Statement (location: (source ID: 11, lines: 80..81, bytes: 3198..3234), hits: 0) err=Could not find anchor: No matching instruction in range source ID: 11, lines: 80..81, bytes: 3198..3234
2026-09-24T11:28:02.944029Z  WARN foundry_evm_coverage::anchors: could not find anchor item=Line (location: (source ID: 11, lines: 83..89, bytes: 3247..3510), hits: 0) err=Could not find anchor: No matching instruction in range source ID: 11, lines: 83..89, bytes: 3247..3510
2026-09-24T11:28:02.944034Z  WARN foundry_evm_coverage::anchors: could not find anchor item=Function "transferWrapped" (location: (source ID: 11, lines: 83..89, bytes: 3247..3510), hits: 0) err=Could not find anchor: No matching instruction in range source ID: 11, lines: 83..89, bytes: 3247..3510
2026-09-24T11:28:02.944039Z  WARN foundry_evm_coverage::anchors: could not find anchor item=Line (location: (source ID: 11, lines: 84..85, bytes: 3305..3343), hits: 0) err=Could not find anchor: No matching instruction in range source ID: 11, lines: 84..85, bytes: 3305..3343
2026-09-24T11:28:02.944044Z  WARN foundry_evm_coverage::anchors: could not find anchor item=Statement (location: (source ID: 11, lines: 84..85, bytes: 3305..3343), hits: 0) err=Could not find anchor: No matching instruction in range source ID: 11, lines: 84..85, bytes: 3305..3343
2026-09-24T11:28:02.944060Z  WARN foundry_evm_coverage::anchors: could not find anchor item=Line (location: (source ID: 11, lines: 85..86, bytes: 3353..3403), hits: 0) err=Could not find anchor: No matching instruction in range source ID: 11, lines: 85..86, bytes: 3353..3403
2026-09-24T11:28:02.944065Z  WARN foundry_evm_coverage::anchors: could not find anchor item=Statement (location: (source ID: 11, lines: 85..86, bytes: 3353..3403), hits: 0) err=Could not find anchor: No matching instruction in range source ID: 11, lines: 85..86, bytes: 3353..3403
2026-09-24T11:28:02.944070Z  WARN foundry_evm_coverage::anchors: could not find anchor item=Statement (location: (source ID: 11, lines: 85..86, bytes: 3371..3403), hits: 0) err=Could not find anchor: No matching instruction in range source ID: 11, lines: 85..86, bytes: 3371..3403
2026-09-24T11:28:02.944075Z  WARN foundry_evm_coverage::anchors: could not find anchor item=Line (location: (source ID: 11, lines: 86..87, bytes: 3417..3429), hits: 0) err=Could not find anchor: No matching instruction in range source ID: 11, lines: 86..87, bytes: 3417..3429
2026-09-24T11:28:02.944080Z  WARN foundry_evm_coverage::anchors: could not find anchor item=Statement (location: (source ID: 11, lines: 86..87, bytes: 3417..3429), hits: 0) err=Could not find anchor: No matching instruction in range source ID: 11, lines: 86..87, bytes: 3417..3429
2026-09-24T11:28:02.944085Z  WARN foundry_evm_coverage::anchors: could not find anchor item=Statement (location: (source ID: 11, lines: 86..87, bytes: 3431..3437), hits: 0) err=Could not find anchor: No matching instruction in range source ID: 11, lines: 86..87, bytes: 3431..3437
2026-09-24T11:28:02.944090Z  WARN foundry_evm_coverage::anchors: could not find anchor item=Branch (branch: 3, path: 0) (location: (source ID: 11, lines: 86..87, bytes: 3431..3437), hits: 0) err=Could not find anchor: No matching instruction in range source ID: 11, lines: 86..87, bytes: 3431..3437
2026-09-24T11:28:02.944095Z  WARN foundry_evm_coverage::anchors: could not find anchor item=Line (location: (source ID: 11, lines: 87..88, bytes: 3447..3503), hits: 0) err=Could not find anchor: No matching instruction in range source ID: 11, lines: 87..88, bytes: 3447..3503
2026-09-24T11:28:02.944100Z  WARN foundry_evm_coverage::anchors: could not find anchor item=Statement (location: (source ID: 11, lines: 87..88, bytes: 3447..3503), hits: 0) err=Could not find anchor: No matching instruction in range source ID: 11, lines: 87..88, bytes: 3447..3503
2026-09-24T11:28:02.944105Z  WARN foundry_evm_coverage::anchors: could not find anchor item=Line (location: (source ID: 11, lines: 90..105, bytes: 3516..4252), hits: 0) err=Could not find anchor: No matching instruction in range source ID: 11, lines: 90..105, bytes: 3516..4252
2026-09-24T11:28:02.944110Z  WARN foundry_evm_coverage::anchors: could not find anchor item=Function "redeem" (location: (source ID: 11, lines: 90..105, bytes: 3516..4252), hits: 0) err=Could not find anchor: No matching instruction in range source ID: 11, lines: 90..105, bytes: 3516..4252
2026-09-24T11:28:02.944115Z  WARN foundry_evm_coverage::anchors: could not find anchor item=Line (location: (source ID: 11, lines: 91..92, bytes: 3584..3622), hits: 0) err=Could not find anchor: No matching instruction in range source ID: 11, lines: 91..92, bytes: 3584..3622
2026-09-24T11:28:02.944120Z  WARN foundry_evm_coverage::anchors: could not find anchor item=Statement (location: (source ID: 11, lines: 91..92, bytes: 3584..3622), hits: 0) err=Could not find anchor: No matching instruction in range source ID: 11, lines: 91..92, bytes: 3584..3622
2026-09-24T11:28:02.944125Z  WARN foundry_evm_coverage::anchors: could not find anchor item=Line (location: (source ID: 11, lines: 92..93, bytes: 3632..3693), hits: 0) err=Could not find anchor: No matching instruction in range source ID: 11, lines: 92..93, bytes: 3632..3693
2026-09-24T11:28:02.944130Z  WARN foundry_evm_coverage::anchors: could not find anchor item=Statement (location: (source ID: 11, lines: 92..93, bytes: 3632..3693), hits: 0) err=Could not find anchor: No matching instruction in range source ID: 11, lines: 92..93, bytes: 3632..3693
2026-09-24T11:28:02.944145Z  WARN foundry_evm_coverage::anchors: could not find anchor item=Statement (location: (source ID: 11, lines: 92..93, bytes: 3649..3693), hits: 0) err=Could not find anchor: No matching instruction in range source ID: 11, lines: 92..93, bytes: 3649..3693
2026-09-24T11:28:02.944150Z  WARN foundry_evm_coverage::anchors: could not find anchor item=Line (location: (source ID: 11, lines: 93..94, bytes: 3703..3774), hits: 0) err=Could not find anchor: No matching instruction in range source ID: 11, lines: 93..94, bytes: 3703..3774
2026-09-24T11:28:02.944155Z  WARN foundry_evm_coverage::anchors: could not find anchor item=Statement (location: (source ID: 11, lines: 93..94, bytes: 3703..3774), hits: 0) err=Could not find anchor: No matching instruction in range source ID: 11, lines: 93..94, bytes: 3703..3774
2026-09-24T11:28:02.944160Z  WARN foundry_evm_coverage::anchors: could not find anchor item=Statement (location: (source ID: 11, lines: 93..94, bytes: 3721..3774), hits: 0) err=Could not find anchor: No matching instruction in range source ID: 11, lines: 93..94, bytes: 3721..3774
2026-09-24T11:28:02.944165Z  WARN foundry_evm_coverage::anchors: could not find anchor item=Line (location: (source ID: 11, lines: 94..95, bytes: 3788..3808), hits: 0) err=Could not find anchor: No matching instruction in range source ID: 11, lines: 94..95, bytes: 3788..3808
2026-09-24T11:28:02.944170Z  WARN foundry_evm_coverage::anchors: could not find anchor item=Statement (location: (source ID: 11, lines: 94..95, bytes: 3788..3808), hits: 0) err=Could not find anchor: No matching instruction in range source ID: 11, lines: 94..95, bytes: 3788..3808
2026-09-24T11:28:02.944175Z  WARN foundry_evm_coverage::anchors: could not find anchor item=Statement (location: (source ID: 11, lines: 94..95, bytes: 3788..3812), hits: 0) err=Could not find anchor: No matching instruction in range source ID: 11, lines: 94..95, bytes: 3788..3812
2026-09-24T11:28:02.944180Z  WARN foundry_evm_coverage::anchors: could not find anchor item=Statement (location: (source ID: 11, lines: 94..95, bytes: 3788..3817), hits: 0) err=Could not find anchor: No matching instruction in range source ID: 11, lines: 94..95, bytes: 3788..3817
2026-09-24T11:28:02.944185Z  WARN foundry_evm_coverage::anchors: could not find anchor item=Statement (location: (source ID: 11, lines: 94..95, bytes: 3819..3825), hits: 0) err=Could not find anchor: No matching instruction in range source ID: 11, lines: 94..95, bytes: 3819..3825
2026-09-24T11:28:02.944190Z  WARN foundry_evm_coverage::anchors: could not find anchor item=Branch (branch: 4, path: 0) (location: (source ID: 11, lines: 94..95, bytes: 3819..3825), hits: 0) err=Could not find anchor: No matching instruction in range source ID: 11, lines: 94..95, bytes: 3819..3825
2026-09-24T11:28:02.944195Z  WARN foundry_evm_coverage::anchors: could not find anchor item=Line (location: (source ID: 11, lines: 95..96, bytes: 3839..3851), hits: 0) err=Could not find anchor: No matching instruction in range source ID: 11, lines: 95..96, bytes: 3839..3851
2026-09-24T11:28:02.944200Z  WARN foundry_evm_coverage::anchors: could not find anchor item=Statement (location: (source ID: 11, lines: 95..96, bytes: 3839..3851), hits: 0) err=Could not find anchor: No matching instruction in range source ID: 11, lines: 95..96, bytes: 3839..3851
2026-09-24T11:28:02.944205Z  WARN foundry_evm_coverage::anchors: could not find anchor item=Statement (location: (source ID: 11, lines: 95..96, bytes: 3853..3859), hits: 0) err=Could not find anchor: No matching instruction in range source ID: 11, lines: 95..96, bytes: 3853..3859
2026-09-24T11:28:02.944210Z  WARN foundry_evm_coverage::anchors: could not find anchor item=Branch (branch: 5, path: 0) (location: (source ID: 11, lines: 95..96, bytes: 3853..3859), hits: 0) err=Could not find anchor: No matching instruction in range source ID: 11, lines: 95..96, bytes: 3853..3859
2026-09-24T11:28:02.944225Z  WARN foundry_evm_coverage::anchors: could not find anchor item=Line (location: (source ID: 11, lines: 96..97, bytes: 3869..3909), hits: 0) err=Could not find anchor: No matching instruction in range source ID: 11, lines: 96..97, bytes: 3869..3909
2026-09-24T11:28:02.944230Z  WARN foundry_evm_coverage::anchors: could not find anchor item=Statement (location: (source ID: 11, lines: 96..97, bytes: 3869..3909), hits: 0) err=Could not find anchor: No matching instruction in range source ID: 11, lines: 96..97, bytes: 3869..3909
2026-09-24T11:28:02.944235Z  WARN foundry_evm_coverage::anchors: could not find anchor item=Statement (location: (source ID: 11, lines: 96..97, bytes: 3886..3909), hits: 0) err=Could not find anchor: No matching instruction in range source ID: 11, lines: 96..97, bytes: 3886..3909
2026-09-24T11:28:02.944240Z  WARN foundry_evm_coverage::anchors: could not find anchor item=Line (location: (source ID: 11, lines: 97..98, bytes: 3919..3935), hits: 0) err=Could not find anchor: No matching instruction in range source ID: 11, lines: 97..98, bytes: 3919..3935
2026-09-24T11:28:02.944245Z  WARN foundry_evm_coverage::anchors: could not find anchor item=Statement (location: (source ID: 11, lines: 97..98, bytes: 3919..3935), hits: 0) err=Could not find anchor: No matching instruction in range source ID: 11, lines: 97..98, bytes: 3919..3935
2026-09-24T11:28:02.944250Z  WARN foundry_evm_coverage::anchors: could not find anchor item=Line (location: (source ID: 11, lines: 98..99, bytes: 3945..3999), hits: 0) err=Could not find anchor: No matching instruction in range source ID: 11, lines: 98..99, bytes: 3945..3999
2026-09-24T11:28:02.944255Z  WARN foundry_evm_coverage::anchors: could not find anchor item=Statement (location: (source ID: 11, lines: 98..99, bytes: 3945..3999), hits: 0) err=Could not find anchor: No matching instruction in range source ID: 11, lines: 98..99, bytes: 3945..3999
2026-09-24T11:28:02.944260Z  WARN foundry_evm_coverage::anchors: could not find anchor item=Statement (location: (source ID: 11, lines: 98..99, bytes: 3963..3999), hits: 0) err=Could not find anchor: No matching instruction in range source ID: 11, lines: 98..99, bytes: 3963..3999
2026-09-24T11:28:02.944265Z  WARN foundry_evm_coverage::anchors: could not find anchor item=Line (location: (source ID: 11, lines: 99..100, bytes: 4009..4084), hits: 0) err=Could not find anchor: No matching instruction in range source ID: 11, lines: 99..100, bytes: 4009..4084
2026-09-24T11:28:02.944270Z  WARN foundry_evm_coverage::anchors: could not find anchor item=Statement (location: (source ID: 11, lines: 99..100, bytes: 4009..4084), hits: 0) err=Could not find anchor: No matching instruction in range source ID: 11, lines: 99..100, bytes: 4009..4084
2026-09-24T11:28:02.944275Z  WARN foundry_evm_coverage::anchors: could not find anchor item=Statement (location: (source ID: 11, lines: 99..100, bytes: 4032..4084), hits: 0) err=Could not find anchor: No matching instruction in range source ID: 11, lines: 99..100, bytes: 4032..4084
2026-09-24T11:28:02.944280Z  WARN foundry_evm_coverage::anchors: could not find anchor item=Line (location: (source ID: 11, lines: 100..101, bytes: 4094..4120), hits: 0) err=Could not find anchor: No matching instruction in range source ID: 11, lines: 100..101, bytes: 4094..4120
2026-09-24T11:28:02.944285Z  WARN foundry_evm_coverage::anchors: could not find anchor item=Statement (location: (source ID: 11, lines: 100..101, bytes: 4094..4120), hits: 0) err=Could not find anchor: No matching instruction in range source ID: 11, lines: 100..101, bytes: 4094..4120
2026-09-24T11:28:02.944290Z  WARN foundry_evm_coverage::anchors: could not find anchor item=Line (location: (source ID: 11, lines: 101..102, bytes: 4130..4176), hits: 0) err=Could not find anchor: No matching instruction in range source ID: 11, lines: 101..102, bytes: 4130..4176
2026-09-24T11:28:02.944295Z  WARN foundry_evm_coverage::anchors: could not find anchor item=Statement (location: (source ID: 11, lines: 101..102, bytes: 4130..4176), hits: 0) err=Could not find anchor: No matching instruction in range source ID: 11, lines: 101..102, bytes: 4130..4176
2026-09-24T11:28:02.944310Z  WARN foundry_evm_coverage::anchors: could not find anchor item=Line (location: (source ID: 11, lines: 102..103, bytes: 4186..4211), hits: 0) err=Could not find anchor: No matching instruction in range source ID: 11, lines: 102..103, bytes: 4186..4211
2026-09-24T11:28:02.944316Z  WARN foundry_evm_coverage::anchors: could not find anchor item=Statement (location: (source ID: 11, lines: 102..103, bytes: 4186..4211), hits: 0) err=Could not find anchor: No matching instruction in range source ID: 11, lines: 102..103, bytes: 4186..4211
2026-09-24T11:28:02.944321Z  WARN foundry_evm_coverage::anchors: could not find anchor item=Line (location: (source ID: 11, lines: 103..104, bytes: 4221..4245), hits: 0) err=Could not find anchor: No matching instruction in range source ID: 11, lines: 103..104, bytes: 4221..4245
2026-09-24T11:28:02.944326Z  WARN foundry_evm_coverage::anchors: could not find anchor item=Statement (location: (source ID: 11, lines: 103..104, bytes: 4221..4245), hits: 0) err=Could not find anchor: No matching instruction in range source ID: 11, lines: 103..104, bytes: 4221..4245
2026-09-24T11:28:02.944330Z  WARN foundry_evm_coverage::anchors: could not find anchor item=Line (location: (source ID: 11, lines: 106..120, bytes: 4258..4880), hits: 0) err=Could not find anchor: No matching instruction in range source ID: 11, lines: 106..120, bytes: 4258..4880
2026-09-24T11:28:02.944335Z  WARN foundry_evm_coverage::anchors: could not find anchor item=Function "deliverRedemption" (location: (source ID: 11, lines: 106..120, bytes: 4258..4880), hits: 0) err=Could not find anchor: No matching instruction in range source ID: 11, lines: 106..120, bytes: 4258..4880
2026-09-24T11:28:02.944340Z  WARN foundry_evm_coverage::anchors: could not find anchor item=Line (location: (source ID: 11, lines: 107..108, bytes: 4318..4355), hits: 0) err=Could not find anchor: No matching instruction in range source ID: 11, lines: 107..108, bytes: 4318..4355
2026-09-24T11:28:02.944345Z  WARN foundry_evm_coverage::anchors: could not find anchor item=Statement (location: (source ID: 11, lines: 107..108, bytes: 4318..4355), hits: 0) err=Could not find anchor: No matching instruction in range source ID: 11, lines: 107..108, bytes: 4318..4355
2026-09-24T11:28:02.944350Z  WARN foundry_evm_coverage::anchors: could not find anchor item=Line (location: (source ID: 11, lines: 108..109, bytes: 4369..4392), hits: 0) err=Could not find anchor: No matching instruction in range source ID: 11, lines: 108..109, bytes: 4369..4392
2026-09-24T11:28:02.944355Z  WARN foundry_evm_coverage::anchors: could not find anchor item=Statement (location: (source ID: 11, lines: 108..109, bytes: 4369..4392), hits: 0) err=Could not find anchor: No matching instruction in range source ID: 11, lines: 108..109, bytes: 4369..4392
2026-09-24T11:28:02.944360Z  WARN foundry_evm_coverage::anchors: could not find anchor item=Statement (location: (source ID: 11, lines: 108..109, bytes: 4369..4424), hits: 0) err=Could not find anchor: No matching instruction in range source ID: 11, lines: 108..109, bytes: 4369..4424
2026-09-24T11:28:02.944365Z  WARN foundry_evm_coverage::anchors: could not find anchor item=Statement (location: (source ID: 11, lines: 108..109, bytes: 4396..4415), hits: 0) err=Could not find anchor: No matching instruction in range source ID: 11, lines: 108..109, bytes: 4396..4415
2026-09-24T11:28:02.944370Z  WARN foundry_evm_coverage::anchors: could not find anchor item=Statement (location: (source ID: 11, lines: 108..109, bytes: 4396..4419), hits: 0) err=Could not find anchor: No matching instruction in range source ID: 11, lines: 108..109, bytes: 4396..4419
2026-09-24T11:28:02.944375Z  WARN foundry_evm_coverage::anchors: could not find anchor item=Statement (location: (source ID: 11, lines: 108..109, bytes: 4396..4424), hits: 0) err=Could not find anchor: No matching instruction in range source ID: 11, lines: 108..109, bytes: 4396..4424
2026-09-24T11:28:02.944390Z  WARN foundry_evm_coverage::anchors: could not find anchor item=Statement (location: (source ID: 11, lines: 108..109, bytes: 4426..4432), hits: 0) err=Could not find anchor: No matching instruction in range source ID: 11, lines: 108..109, bytes: 4426..4432
2026-09-24T11:28:02.944396Z  WARN foundry_evm_coverage::anchors: could not find anchor item=Branch (branch: 6, path: 0) (location: (source ID: 11, lines: 108..109, bytes: 4426..4432), hits: 0) err=Could not find anchor: No matching instruction in range source ID: 11, lines: 108..109, bytes: 4426..4432
2026-09-24T11:28:02.944401Z  WARN foundry_evm_coverage::anchors: could not find anchor item=Line (location: (source ID: 11, lines: 109..110, bytes: 4442..4483), hits: 0) err=Could not find anchor: No matching instruction in range source ID: 11, lines: 109..110, bytes: 4442..4483
2026-09-24T11:28:02.944406Z  WARN foundry_evm_coverage::anchors: could not find anchor item=Statement (location: (source ID: 11, lines: 109..110, bytes: 4442..4483), hits: 0) err=Could not find anchor: No matching instruction in range source ID: 11, lines: 109..110, bytes: 4442..4483
2026-09-24T11:28:02.944411Z  WARN foundry_evm_coverage::anchors: could not find anchor item=Statement (location: (source ID: 11, lines: 109..110, bytes: 4458..4483), hits: 0) err=Could not find anchor: No matching instruction in range source ID: 11, lines: 109..110, bytes: 4458..4483
2026-09-24T11:28:02.944416Z  WARN foundry_evm_coverage::anchors: could not find anchor item=Line (location: (source ID: 11, lines: 110..115, bytes: 4514..4682), hits: 0) err=Could not find anchor: No matching instruction in range source ID: 11, lines: 110..115, bytes: 4514..4682
2026-09-24T11:28:02.944420Z  WARN foundry_evm_coverage::anchors: could not find anchor item=Branch (branch: 7, path: 0) (location: (source ID: 11, lines: 110..115, bytes: 4514..4682), hits: 0) err=Could not find anchor: No matching instruction in range source ID: 11, lines: 110..115, bytes: 4514..4682
2026-09-24T11:28:02.944425Z  WARN foundry_evm_coverage::anchors: could not find anchor item=Line (location: (source ID: 11, lines: 111..112, bytes: 4528..4593), hits: 0) err=Could not find anchor: No matching instruction in range source ID: 11, lines: 111..112, bytes: 4528..4593
2026-09-24T11:28:02.944431Z  WARN foundry_evm_coverage::anchors: could not find anchor item=Statement (location: (source ID: 11, lines: 111..112, bytes: 4528..4593), hits: 0) err=Could not find anchor: No matching instruction in range source ID: 11, lines: 111..112, bytes: 4528..4593
2026-09-24T11:28:02.944435Z  WARN foundry_evm_coverage::anchors: could not find anchor item=Line (location: (source ID: 11, lines: 112..113, bytes: 4607..4651), hits: 0) err=Could not find anchor: No matching instruction in range source ID: 11, lines: 112..113, bytes: 4607..4651
2026-09-24T11:28:02.944440Z  WARN foundry_evm_coverage::anchors: could not find anchor item=Statement (location: (source ID: 11, lines: 112..113, bytes: 4607..4651), hits: 0) err=Could not find anchor: No matching instruction in range source ID: 11, lines: 112..113, bytes: 4607..4651
2026-09-24T11:28:02.944445Z  WARN foundry_evm_coverage::anchors: could not find anchor item=Line (location: (source ID: 11, lines: 113..114, bytes: 4665..4671), hits: 0) err=Could not find anchor: No matching instruction in range source ID: 11, lines: 113..114, bytes: 4665..4671
2026-09-24T11:28:02.944450Z  WARN foundry_evm_coverage::anchors: could not find anchor item=Statement (location: (source ID: 11, lines: 113..114, bytes: 4665..4671), hits: 0) err=Could not find anchor: No matching instruction in range source ID: 11, lines: 113..114, bytes: 4665..4671
2026-09-24T11:28:02.944455Z  WARN foundry_evm_coverage::anchors: could not find anchor item=Line (location: (source ID: 11, lines: 115..116, bytes: 4691..4735), hits: 0) err=Could not find anchor: No matching instruction in range source ID: 11, lines: 115..116, bytes: 4691..4735
2026-09-24T11:28:02.944460Z  WARN foundry_evm_coverage::anchors: could not find anchor item=Statement (location: (source ID: 11, lines: 115..116, bytes: 4691..4735), hits: 0) err=Could not find anchor: No matching instruction in range source ID: 11, lines: 115..116, bytes: 4691..4735
2026-09-24T11:28:02.944483Z  WARN foundry_evm_coverage::anchors: could not find anchor item=Line (location: (source ID: 11, lines: 116..117, bytes: 4745..4767), hits: 0) err=Could not find anchor: No matching instruction in range source ID: 11, lines: 116..117, bytes: 4745..4767
2026-09-24T11:28:02.944489Z  WARN foundry_evm_coverage::anchors: could not find anchor item=Statement (location: (source ID: 11, lines: 116..117, bytes: 4745..4767), hits: 0) err=Could not find anchor: No matching instruction in range source ID: 11, lines: 116..117, bytes: 4745..4767
2026-09-24T11:28:02.944494Z  WARN foundry_evm_coverage::anchors: could not find anchor item=Line (location: (source ID: 11, lines: 117..118, bytes: 4777..4819), hits: 0) err=Could not find anchor: No matching instruction in range source ID: 11, lines: 117..118, bytes: 4777..4819
2026-09-24T11:28:02.944499Z  WARN foundry_evm_coverage::anchors: could not find anchor item=Statement (location: (source ID: 11, lines: 117..118, bytes: 4777..4819), hits: 0) err=Could not find anchor: No matching instruction in range source ID: 11, lines: 117..118, bytes: 4777..4819
2026-09-24T11:28:02.944504Z  WARN foundry_evm_coverage::anchors: could not find anchor item=Line (location: (source ID: 11, lines: 118..119, bytes: 4829..4873), hits: 0) err=Could not find anchor: No matching instruction in range source ID: 11, lines: 118..119, bytes: 4829..4873
2026-09-24T11:28:02.944509Z  WARN foundry_evm_coverage::anchors: could not find anchor item=Statement (location: (source ID: 11, lines: 118..119, bytes: 4829..4873), hits: 0) err=Could not find anchor: No matching instruction in range source ID: 11, lines: 118..119, bytes: 4829..4873
2026-09-24T11:28:02.944513Z  WARN foundry_evm_coverage::anchors: could not find anchor item=Line (location: (source ID: 11, lines: 121..124, bytes: 4886..4990), hits: 0) err=Could not find anchor: No matching instruction in range source ID: 11, lines: 121..124, bytes: 4886..4990
2026-09-24T11:28:02.944518Z  WARN foundry_evm_coverage::anchors: could not find anchor item=Function "_min" (location: (source ID: 11, lines: 121..124, bytes: 4886..4990), hits: 0) err=Could not find anchor: No matching instruction in range source ID: 11, lines: 121..124, bytes: 4886..4990
2026-09-24T11:28:02.944523Z  WARN foundry_evm_coverage::anchors: could not find anchor item=Line (location: (source ID: 11, lines: 122..123, bytes: 4963..4983), hits: 0) err=Could not find anchor: No matching instruction in range source ID: 11, lines: 122..123, bytes: 4963..4983
2026-09-24T11:28:02.944528Z  WARN foundry_evm_coverage::anchors: could not find anchor item=Statement (location: (source ID: 11, lines: 122..123, bytes: 4963..4983), hits: 0) err=Could not find anchor: No matching instruction in range source ID: 11, lines: 122..123, bytes: 4963..4983
2026-09-24T11:28:02.944533Z  WARN foundry_evm_coverage::anchors: could not find anchor item=Statement (location: (source ID: 11, lines: 122..123, bytes: 4970..4983), hits: 0) err=Could not find anchor: No matching instruction in range source ID: 11, lines: 122..123, bytes: 4970..4983
2026-09-24T11:28:02.944538Z  WARN foundry_evm_coverage::anchors: could not find anchor item=Line (location: (source ID: 11, lines: 125..128, bytes: 4996..5106), hits: 0) err=Could not find anchor: No matching instruction in range source ID: 11, lines: 125..128, bytes: 4996..5106
2026-09-24T11:28:02.944543Z  WARN foundry_evm_coverage::anchors: could not find anchor item=Function "advanceTime" (location: (source ID: 11, lines: 125..128, bytes: 4996..5106), hits: 0) err=Could not find anchor: No matching instruction in range source ID: 11, lines: 125..128, bytes: 4996..5106
2026-09-24T11:28:02.944548Z  WARN foundry_evm_coverage::anchors: could not find anchor item=Line (location: (source ID: 11, lines: 126..127, bytes: 5050..5099), hits: 0) err=Could not find anchor: No matching instruction in range source ID: 11, lines: 126..127, bytes: 5050..5099
2026-09-24T11:28:02.944565Z  WARN foundry_evm_coverage::anchors: could not find anchor item=Statement (location: (source ID: 11, lines: 126..127, bytes: 5050..5099), hits: 0) err=Could not find anchor: No matching instruction in range source ID: 11, lines: 126..127, bytes: 5050..5099
2026-09-24T11:28:02.944571Z  WARN foundry_evm_coverage::anchors: could not find anchor item=Line (location: (source ID: 11, lines: 129..138, bytes: 5112..5530), hits: 0) err=Could not find anchor: No matching instruction in range source ID: 11, lines: 129..138, bytes: 5112..5530
2026-09-24T11:28:02.944575Z  WARN foundry_evm_coverage::anchors: could not find anchor item=Function "setPause" (location: (source ID: 11, lines: 129..138, bytes: 5112..5530), hits: 0) err=Could not find anchor: No matching instruction in range source ID: 11, lines: 129..138, bytes: 5112..5530
2026-09-24T11:28:02.944580Z  WARN foundry_evm_coverage::anchors: could not find anchor item=Line (location: (source ID: 11, lines: 130..132, bytes: 5192..5313), hits: 0) err=Could not find anchor: No matching instruction in range source ID: 11, lines: 130..132, bytes: 5192..5313
2026-09-24T11:28:02.944585Z  WARN foundry_evm_coverage::anchors: could not find anchor item=Statement (location: (source ID: 11, lines: 130..132, bytes: 5192..5313), hits: 0) err=Could not find anchor: No matching instruction in range source ID: 11, lines: 130..132, bytes: 5192..5313
2026-09-24T11:28:02.944590Z  WARN foundry_evm_coverage::anchors: could not find anchor item=Line (location: (source ID: 11, lines: 131..132, bytes: 5232..5313), hits: 0) err=Could not find anchor: No matching instruction in range source ID: 11, lines: 131..132, bytes: 5232..5313
2026-09-24T11:28:02.944595Z  WARN foundry_evm_coverage::anchors: could not find anchor item=Statement (location: (source ID: 11, lines: 131..132, bytes: 5232..5313), hits: 0) err=Could not find anchor: No matching instruction in range source ID: 11, lines: 131..132, bytes: 5232..5313
2026-09-24T11:28:02.944600Z  WARN foundry_evm_coverage::anchors: could not find anchor item=Line (location: (source ID: 11, lines: 132..133, bytes: 5323..5363), hits: 0) err=Could not find anchor: No matching instruction in range source ID: 11, lines: 132..133, bytes: 5323..5363
2026-09-24T11:28:02.944605Z  WARN foundry_evm_coverage::anchors: could not find anchor item=Statement (location: (source ID: 11, lines: 132..133, bytes: 5323..5363), hits: 0) err=Could not find anchor: No matching instruction in range source ID: 11, lines: 132..133, bytes: 5323..5363
2026-09-24T11:28:02.944610Z  WARN foundry_evm_coverage::anchors: could not find anchor item=Line (location: (source ID: 11, lines: 133..134, bytes: 5373..5406), hits: 0) err=Could not find anchor: No matching instruction in range source ID: 11, lines: 133..134, bytes: 5373..5406
2026-09-24T11:28:02.944615Z  WARN foundry_evm_coverage::anchors: could not find anchor item=Statement (location: (source ID: 11, lines: 133..134, bytes: 5373..5406), hits: 0) err=Could not find anchor: No matching instruction in range source ID: 11, lines: 133..134, bytes: 5373..5406
2026-09-24T11:28:02.944619Z  WARN foundry_evm_coverage::anchors: could not find anchor item=Line (location: (source ID: 11, lines: 134..135, bytes: 5416..5442), hits: 0) err=Could not find anchor: No matching instruction in range source ID: 11, lines: 134..135, bytes: 5416..5442
2026-09-24T11:28:02.944624Z  WARN foundry_evm_coverage::anchors: could not find anchor item=Statement (location: (source ID: 11, lines: 134..135, bytes: 5416..5442), hits: 0) err=Could not find anchor: No matching instruction in range source ID: 11, lines: 134..135, bytes: 5416..5442
2026-09-24T11:28:02.944629Z  WARN foundry_evm_coverage::anchors: could not find anchor item=Line (location: (source ID: 11, lines: 135..136, bytes: 5464..5485), hits: 0) err=Could not find anchor: No matching instruction in range source ID: 11, lines: 135..136, bytes: 5464..5485
2026-09-24T11:28:02.944634Z  WARN foundry_evm_coverage::anchors: could not find anchor item=Statement (location: (source ID: 11, lines: 135..136, bytes: 5464..5485), hits: 0) err=Could not find anchor: No matching instruction in range source ID: 11, lines: 135..136, bytes: 5464..5485
2026-09-24T11:28:02.944649Z  WARN foundry_evm_coverage::anchors: could not find anchor item=Branch (branch: 8, path: 0) (location: (source ID: 11, lines: 135..136, bytes: 5464..5485), hits: 0) err=Could not find anchor: No matching instruction in range source ID: 11, lines: 135..136, bytes: 5464..5485
2026-09-24T11:28:02.943610Z  WARN foundry_evm_coverage::anchors: could not find anchor item=Statement (location: (source ID: 14, lines: 86..87, bytes: 3378..3411), hits: 0) err=Could not find anchor: No matching instruction in range source ID: 14, lines: 86..87, bytes: 3378..3411
2026-09-24T11:28:02.943448Z  WARN foundry_evm_coverage::anchors: could not find anchor item=Statement (location: (source ID: 6, lines: 48..49, bytes: 2075..2094), hits: 0) err=Could not find anchor: No matching instruction in range source ID: 6, lines: 48..49, bytes: 2075..2094
2026-09-24T11:28:02.943615Z  WARN foundry_evm_coverage::anchors: could not find anchor item=Branch (branch: 1, path: 1) (location: (source ID: 0, lines: 36..37, bytes: 1430..1501), hits: 0) err=Could not detect branches in source: source ID: 0, lines: 36..37, bytes: 1430..1501
2026-09-24T11:28:02.944676Z  WARN foundry_evm_coverage::anchors: could not find anchor item=Line (location: (source ID: 0, lines: 37..40, bytes: 1511..1640), hits: 0) err=Could not find anchor: No matching instruction in range source ID: 0, lines: 37..40, bytes: 1511..1640
2026-09-24T11:28:02.944681Z  WARN foundry_evm_coverage::anchors: could not find anchor item=Statement (location: (source ID: 0, lines: 37..40, bytes: 1511..1640), hits: 0) err=Could not find anchor: No matching instruction in range source ID: 0, lines: 37..40, bytes: 1511..1640
2026-09-24T11:28:02.943644Z  WARN foundry_evm_coverage::anchors: could not find anchor item=Statement (location: (source ID: 11, lines: 53..54, bytes: 2028..2051), hits: 0) err=Could not find anchor: No matching instruction in range source ID: 11, lines: 53..54, bytes: 2028..2051
2026-09-24T11:28:02.943652Z  WARN foundry_evm_coverage::anchors: could not find anchor item=Statement (location: (source ID: 4, lines: 49..50, bytes: 2309..2356), hits: 0) err=Could not find anchor: No matching instruction in range source ID: 4, lines: 49..50, bytes: 2309..2356
2026-09-24T11:28:02.943521Z  WARN foundry_evm_coverage::anchors: could not find anchor item=Branch (branch: 0, path: 0) (location: (source ID: 23, lines: 35..36, bytes: 1074..1118), hits: 0) err=Could not detect branches in source: source ID: 23, lines: 35..36, bytes: 1074..1118
2026-09-24T11:28:02.943414Z  WARN foundry_evm_coverage::anchors: could not find anchor item=Statement (location: (source ID: 3, lines: 31..32, bytes: 1160..1189), hits: 0) err=Could not find anchor: No matching instruction in range source ID: 3, lines: 31..32, bytes: 1160..1189
2026-09-24T11:28:02.943609Z  WARN foundry_evm_coverage::anchors: could not find anchor item=Line (location: (source ID: 14, lines: 93..98, bytes: 3619..3835), hits: 0) err=Could not find anchor: No matching instruction in range source ID: 14, lines: 93..98, bytes: 3619..3835
2026-09-24T11:28:02.944655Z  WARN foundry_evm_coverage::anchors: could not find anchor item=Branch (branch: 8, path: 1) (location: (source ID: 11, lines: 135..137, bytes: 5452..5523), hits: 0) err=Could not detect branches in source: source ID: 11, lines: 135..137, bytes: 5452..5523
2026-09-24T11:28:02.944729Z  WARN foundry_evm_coverage::anchors: could not find anchor item=Line (location: (source ID: 11, lines: 136..137, bytes: 5500..5523), hits: 0) err=Could not find anchor: No matching instruction in range source ID: 11, lines: 136..137, bytes: 5500..5523
2026-09-24T11:28:02.944734Z  WARN foundry_evm_coverage::anchors: could not find anchor item=Function "_metadata" (location: (source ID: 14, lines: 93..98, bytes: 3619..3835), hits: 0) err=Could not find anchor: No matching instruction in range source ID: 14, lines: 93..98, bytes: 3619..3835
2026-09-24T11:28:02.943627Z  WARN foundry_evm_coverage::anchors: could not find anchor item=Statement (location: (source ID: 14, lines: 82..83, bytes: 3232..3263), hits: 0) err=Could not find anchor: No matching instruction in range source ID: 14, lines: 82..83, bytes: 3232..3263
2026-09-24T11:28:02.943396Z  WARN foundry_evm_coverage::anchors: could not find anchor item=Statement (location: (source ID: 14, lines: 69..70, bytes: 2745..2757), hits: 0) err=Could not find anchor: No matching instruction in range source ID: 14, lines: 69..70, bytes: 2745..2757
2026-09-24T11:28:02.944772Z  WARN foundry_evm_coverage::anchors: could not find anchor item=Line (location: (source ID: 14, lines: 85..92, bytes: 3276..3613), hits: 0) err=Could not find anchor: No matching instruction in range source ID: 14, lines: 85..92, bytes: 3276..3613
2026-09-24T11:28:02.944694Z  WARN foundry_evm_coverage::anchors: could not find anchor item=Statement (location: (source ID: 11, lines: 53..54, bytes: 2028..2056), hits: 0) err=Could not find anchor: No matching instruction in range source ID: 11, lines: 53..54, bytes: 2028..2056
2026-09-24T11:28:02.944784Z  WARN foundry_evm_coverage::anchors: could not find anchor item=Function "_redeem" (location: (source ID: 14, lines: 85..92, bytes: 3276..3613), hits: 0) err=Could not find anchor: No matching instruction in range source ID: 14, lines: 85..92, bytes: 3276..3613
2026-09-24T11:28:02.944709Z  WARN foundry_evm_coverage::anchors: could not find anchor item=Branch (branch: 0, path: 1) (location: (source ID: 23, lines: 35..36, bytes: 1074..1118), hits: 0) err=Could not detect branches in source: source ID: 23, lines: 35..36, bytes: 1074..1118
2026-09-24T11:28:02.944797Z  WARN foundry_evm_coverage::anchors: could not find anchor item=Line (location: (source ID: 14, lines: 86..87, bytes: 3378..3411), hits: 0) err=Could not find anchor: No matching instruction in range source ID: 14, lines: 86..87, bytes: 3378..3411
2026-09-24T11:28:02.944669Z  WARN foundry_evm_coverage::anchors: could not find anchor item=Branch (branch: 1, path: 0) (location: (source ID: 6, lines: 48..49, bytes: 2075..2094), hits: 0) err=Could not find anchor: No matching instruction in range source ID: 6, lines: 48..49, bytes: 2075..2094
2026-09-24T11:28:02.944809Z  WARN foundry_evm_coverage::anchors: could not find anchor item=Statement (location: (source ID: 14, lines: 86..87, bytes: 3378..3411), hits: 0) err=Could not find anchor: No matching instruction in range source ID: 14, lines: 86..87, bytes: 3378..3411
2026-09-24T11:28:02.944670Z  WARN foundry_evm_coverage::anchors: could not find anchor item=Statement (location: (source ID: 14, lines: 86..87, bytes: 3392..3411), hits: 0) err=Could not find anchor: No matching instruction in range source ID: 14, lines: 86..87, bytes: 3392..3411
2026-09-24T11:28:02.944822Z  WARN foundry_evm_coverage::anchors: could not find anchor item=Statement (location: (source ID: 14, lines: 86..87, bytes: 3392..3411), hits: 0) err=Could not find anchor: No matching instruction in range source ID: 14, lines: 86..87, bytes: 3392..3411
2026-09-24T11:28:02.944687Z  WARN foundry_evm_coverage::anchors: could not find anchor item=Branch (branch: 2, path: 0) (location: (source ID: 0, lines: 37..40, bytes: 1511..1640), hits: 0) err=Could not detect branches in source: source ID: 0, lines: 37..40, bytes: 1511..1640
2026-09-24T11:28:02.944834Z  WARN foundry_evm_coverage::anchors: could not find anchor item=Line (location: (source ID: 14, lines: 87..88, bytes: 3421..3436), hits: 0) err=Could not find anchor: No matching instruction in range source ID: 14, lines: 87..88, bytes: 3421..3436
2026-09-24T11:28:02.944785Z  WARN foundry_evm_coverage::anchors: could not find anchor item=Statement (location: (source ID: 11, lines: 53..54, bytes: 2028..2074), hits: 0) err=Could not find anchor: No matching instruction in range source ID: 11, lines: 53..54, bytes: 2028..2074
2026-09-24T11:28:02.944847Z  WARN foundry_evm_coverage::anchors: could not find anchor item=Statement (location: (source ID: 14, lines: 87..88, bytes: 3421..3436), hits: 0) err=Could not find anchor: No matching instruction in range source ID: 14, lines: 87..88, bytes: 3421..3436
2026-09-24T11:28:02.944716Z  WARN foundry_evm_coverage::anchors: could not find anchor item=Branch (branch: 1, path: 0) (location: (source ID: 3, lines: 31..32, bytes: 1160..1189), hits: 0) err=Could not find anchor: No matching instruction in range source ID: 3, lines: 31..32, bytes: 1160..1189
2026-09-24T11:28:02.944870Z  WARN foundry_evm_coverage::anchors: could not find anchor item=Line (location: (source ID: 14, lines: 88..89, bytes: 3446..3503), hits: 0) err=Could not find anchor: No matching instruction in range source ID: 14, lines: 88..89, bytes: 3446..3503
2026-09-24T11:28:02.944811Z  WARN foundry_evm_coverage::anchors: could not find anchor item=Line (location: (source ID: 6, lines: 52..55, bytes: 2118..2234), hits: 0) err=Could not find anchor: No matching instruction in range source ID: 6, lines: 52..55, bytes: 2118..2234
2026-09-24T11:28:02.944882Z  WARN foundry_evm_coverage::anchors: could not find anchor item=Statement (location: (source ID: 14, lines: 88..89, bytes: 3446..3503), hits: 0) err=Could not find anchor: No matching instruction in range source ID: 14, lines: 88..89, bytes: 3446..3503
2026-09-24T11:28:02.944831Z  WARN foundry_evm_coverage::anchors: could not find anchor item=Line (location: (source ID: 14, lines: 87..88, bytes: 3421..3436), hits: 0) err=Could not find anchor: No matching instruction in range source ID: 14, lines: 87..88, bytes: 3421..3436
2026-09-24T11:28:02.944895Z  WARN foundry_evm_coverage::anchors: could not find anchor item=Statement (location: (source ID: 14, lines: 88..89, bytes: 3459..3503), hits: 0) err=Could not find anchor: No matching instruction in range source ID: 14, lines: 88..89, bytes: 3459..3503
2026-09-24T11:28:02.944836Z  WARN foundry_evm_coverage::anchors: could not find anchor item=Branch (branch: 2, path: 1) (location: (source ID: 0, lines: 37..40, bytes: 1511..1640), hits: 0) err=Could not detect branches in source: source ID: 0, lines: 37..40, bytes: 1511..1640
2026-09-24T11:28:02.944907Z  WARN foundry_evm_coverage::anchors: could not find anchor item=Line (location: (source ID: 14, lines: 89..90, bytes: 3513..3570), hits: 0) err=Could not find anchor: No matching instruction in range source ID: 14, lines: 89..90, bytes: 3513..3570
2026-09-24T11:28:02.944797Z  WARN foundry_evm_coverage::anchors: could not find anchor item=Line (location: (source ID: 23, lines: 36..37, bytes: 1128..1172), hits: 0) err=Could not find anchor: No matching instruction in range source ID: 23, lines: 36..37, bytes: 1128..1172
2026-09-24T11:28:02.944920Z  WARN foundry_evm_coverage::anchors: could not find anchor item=Statement (location: (source ID: 14, lines: 89..90, bytes: 3513..3570), hits: 0) err=Could not find anchor: No matching instruction in range source ID: 14, lines: 89..90, bytes: 3513..3570
2026-09-24T11:28:02.944872Z  WARN foundry_evm_coverage::anchors: could not find anchor item=Line (location: (source ID: 3, lines: 34..41, bytes: 1202..1588), hits: 0) err=Could not find anchor: No matching instruction in range source ID: 3, lines: 34..41, bytes: 1202..1588
2026-09-24T11:28:02.944933Z  WARN foundry_evm_coverage::anchors: could not find anchor item=Line (location: (source ID: 14, lines: 90..91, bytes: 3580..3606), hits: 0) err=Could not find anchor: No matching instruction in range source ID: 14, lines: 90..91, bytes: 3580..3606
2026-09-24T11:28:02.944883Z  WARN foundry_evm_coverage::anchors: could not find anchor item=Function "bridgeMint" (location: (source ID: 6, lines: 52..55, bytes: 2118..2234), hits: 0) err=Could not find anchor: No matching instruction in range source ID: 6, lines: 52..55, bytes: 2118..2234
2026-09-24T11:28:02.944945Z  WARN foundry_evm_coverage::anchors: could not find anchor item=Statement (location: (source ID: 14, lines: 90..91, bytes: 3580..3606), hits: 0) err=Could not find anchor: No matching instruction in range source ID: 14, lines: 90..91, bytes: 3580..3606
2026-09-24T11:28:02.944904Z  WARN foundry_evm_coverage::anchors: could not find anchor item=Statement (location: (source ID: 14, lines: 87..88, bytes: 3421..3436), hits: 0) err=Could not find anchor: No matching instruction in range source ID: 14, lines: 87..88, bytes: 3421..3436
2026-09-24T11:28:02.944969Z  WARN foundry_evm_coverage::anchors: could not find anchor item=Line (location: (source ID: 14, lines: 93..98, bytes: 3619..3835), hits: 0) err=Could not find anchor: No matching instruction in range source ID: 14, lines: 93..98, bytes: 3619..3835
2026-09-24T11:28:02.944848Z  WARN foundry_evm_coverage::anchors: could not find anchor item=Statement (location: (source ID: 11, lines: 53..54, bytes: 2060..2074), hits: 0) err=Could not find anchor: No matching instruction in range source ID: 11, lines: 53..54, bytes: 2060..2074
2026-09-24T11:28:02.944982Z  WARN foundry_evm_coverage::anchors: could not find anchor item=Function "_metadata" (location: (source ID: 14, lines: 93..98, bytes: 3619..3835), hits: 0) err=Could not find anchor: No matching instruction in range source ID: 14, lines: 93..98, bytes: 3619..3835
2026-09-24T11:28:02.944735Z  WARN foundry_evm_coverage::anchors: could not find anchor item=Statement (location: (source ID: 11, lines: 136..137, bytes: 5500..5523), hits: 0) err=Could not find anchor: No matching instruction in range source ID: 11, lines: 136..137, bytes: 5500..5523
2026-09-24T11:28:02.944995Z  WARN foundry_evm_coverage::anchors: could not find anchor item=Line (location: (source ID: 14, lines: 94..95, bytes: 3690..3726), hits: 0) err=Could not find anchor: No matching instruction in range source ID: 14, lines: 94..95, bytes: 3690..3726
2026-09-24T11:28:02.944935Z  WARN foundry_evm_coverage::anchors: could not find anchor item=Function "completeDeposit" (location: (source ID: 3, lines: 34..41, bytes: 1202..1588), hits: 0) err=Could not find anchor: No matching instruction in range source ID: 3, lines: 34..41, bytes: 1202..1588
2026-09-24T11:28:02.945007Z  WARN foundry_evm_coverage::anchors: could not find anchor item=Statement (location: (source ID: 14, lines: 94..95, bytes: 3690..3726), hits: 0) err=Could not find anchor: No matching instruction in range source ID: 14, lines: 94..95, bytes: 3690..3726
2026-09-24T11:28:02.944702Z  WARN foundry_evm_coverage::anchors: could not find anchor item=Statement (location: (source ID: 4, lines: 49..50, bytes: 2334..2356), hits: 0) err=Could not find anchor: No matching instruction in range source ID: 4, lines: 49..50, bytes: 2334..2356
2026-09-24T11:28:02.945020Z  WARN foundry_evm_coverage::anchors: could not find anchor item=Statement (location: (source ID: 14, lines: 94..95, bytes: 3703..3726), hits: 0) err=Could not find anchor: No matching instruction in range source ID: 14, lines: 94..95, bytes: 3703..3726
2026-09-24T11:28:02.944972Z  WARN foundry_evm_coverage::anchors: could not find anchor item=Line (location: (source ID: 14, lines: 93..98, bytes: 3619..3835), hits: 0) err=Could not find anchor: No matching instruction in range source ID: 14, lines: 93..98, bytes: 3619..3835
2026-09-24T11:28:02.945033Z  WARN foundry_evm_coverage::anchors: could not find anchor item=Line (location: (source ID: 14, lines: 95..96, bytes: 3736..3787), hits: 0) err=Could not find anchor: No matching instruction in range source ID: 14, lines: 95..96, bytes: 3736..3787
2026-09-24T11:28:02.944983Z  WARN foundry_evm_coverage::anchors: could not find anchor item=Statement (location: (source ID: 11, lines: 53..54, bytes: 2076..2082), hits: 0) err=Could not find anchor: No matching instruction in range source ID: 11, lines: 53..54, bytes: 2076..2082
2026-09-24T11:28:02.945045Z  WARN foundry_evm_coverage::anchors: could not find anchor item=Statement (location: (source ID: 14, lines: 95..96, bytes: 3736..3787), hits: 0) err=Could not find anchor: No matching instruction in range source ID: 14, lines: 95..96, bytes: 3736..3787
2026-09-24T11:28:02.944995Z  WARN foundry_evm_coverage::anchors: could not find anchor item=Line (location: (source ID: 11, lines: 139..144, bytes: 5536..5715), hits: 0) err=Could not find anchor: No matching instruction in range source ID: 11, lines: 139..144, bytes: 5536..5715
2026-09-24T11:28:02.945072Z  WARN foundry_evm_coverage::anchors: could not find anchor item=Function "changeMaximum" (location: (source ID: 11, lines: 139..144, bytes: 5536..5715), hits: 0) err=Could not find anchor: No matching instruction in range source ID: 11, lines: 139..144, bytes: 5536..5715
2026-09-24T11:28:02.945078Z  WARN foundry_evm_coverage::anchors: could not find anchor item=Line (location: (source ID: 11, lines: 140..141, bytes: 5592..5633), hits: 0) err=Could not find anchor: No matching instruction in range source ID: 11, lines: 140..141, bytes: 5592..5633
2026-09-24T11:28:02.945083Z  WARN foundry_evm_coverage::anchors: could not find anchor item=Statement (location: (source ID: 11, lines: 140..141, bytes: 5592..5633), hits: 0) err=Could not find anchor: No matching instruction in range source ID: 11, lines: 140..141, bytes: 5592..5633
2026-09-24T11:28:02.945088Z  WARN foundry_evm_coverage::anchors: could not find anchor item=Statement (location: (source ID: 11, lines: 140..141, bytes: 5607..5633), hits: 0) err=Could not find anchor: No matching instruction in range source ID: 11, lines: 140..141, bytes: 5607..5633
2026-09-24T11:28:02.945093Z  WARN foundry_evm_coverage::anchors: could not find anchor item=Line (location: (source ID: 11, lines: 141..142, bytes: 5643..5670), hits: 0) err=Could not find anchor: No matching instruction in range source ID: 11, lines: 141..142, bytes: 5643..5670
2026-09-24T11:28:02.945098Z  WARN foundry_evm_coverage::anchors: could not find anchor item=Statement (location: (source ID: 11, lines: 141..142, bytes: 5643..5670), hits: 0) err=Could not find anchor: No matching instruction in range source ID: 11, lines: 141..142, bytes: 5643..5670
2026-09-24T11:28:02.945103Z  WARN foundry_evm_coverage::anchors: could not find anchor item=Line (location: (source ID: 11, lines: 142..143, bytes: 5680..5708), hits: 0) err=Could not find anchor: No matching instruction in range source ID: 11, lines: 142..143, bytes: 5680..5708
2026-09-24T11:28:02.945108Z  WARN foundry_evm_coverage::anchors: could not find anchor item=Statement (location: (source ID: 11, lines: 142..143, bytes: 5680..5708), hits: 0) err=Could not find anchor: No matching instruction in range source ID: 11, lines: 142..143, bytes: 5680..5708
2026-09-24T11:28:02.945113Z  WARN foundry_evm_coverage::anchors: could not find anchor item=Line (location: (source ID: 11, lines: 145..152, bytes: 5721..6047), hits: 0) err=Could not find anchor: No matching instruction in range source ID: 11, lines: 145..152, bytes: 5721..6047
2026-09-24T11:28:02.945117Z  WARN foundry_evm_coverage::anchors: could not find anchor item=Function "_changeMaximum" (location: (source ID: 11, lines: 145..152, bytes: 5721..6047), hits: 0) err=Could not find anchor: No matching instruction in range source ID: 11, lines: 145..152, bytes: 5721..6047
2026-09-24T11:28:02.945122Z  WARN foundry_evm_coverage::anchors: could not find anchor item=Line (location: (source ID: 11, lines: 146..147, bytes: 5804..5844), hits: 0) err=Could not find anchor: No matching instruction in range source ID: 11, lines: 146..147, bytes: 5804..5844
2026-09-24T11:28:02.945127Z  WARN foundry_evm_coverage::anchors: could not find anchor item=Statement (location: (source ID: 11, lines: 146..147, bytes: 5804..5844), hits: 0) err=Could not find anchor: No matching instruction in range source ID: 11, lines: 146..147, bytes: 5804..5844
2026-09-24T11:28:02.945132Z  WARN foundry_evm_coverage::anchors: could not find anchor item=Line (location: (source ID: 11, lines: 147..148, bytes: 5854..5885), hits: 0) err=Could not find anchor: No matching instruction in range source ID: 11, lines: 147..148, bytes: 5854..5885
2026-09-24T11:28:02.945137Z  WARN foundry_evm_coverage::anchors: could not find anchor item=Statement (location: (source ID: 11, lines: 147..148, bytes: 5854..5885), hits: 0) err=Could not find anchor: No matching instruction in range source ID: 11, lines: 147..148, bytes: 5854..5885
2026-09-24T11:28:02.945153Z  WARN foundry_evm_coverage::anchors: could not find anchor item=Line (location: (source ID: 11, lines: 148..149, bytes: 5899..5935), hits: 0) err=Could not find anchor: No matching instruction in range source ID: 11, lines: 148..149, bytes: 5899..5935
2026-09-24T11:28:02.945158Z  WARN foundry_evm_coverage::anchors: could not find anchor item=Statement (location: (source ID: 11, lines: 148..149, bytes: 5899..5935), hits: 0) err=Could not find anchor: No matching instruction in range source ID: 11, lines: 148..149, bytes: 5899..5935
2026-09-24T11:28:02.945163Z  WARN foundry_evm_coverage::anchors: could not find anchor item=Statement (location: (source ID: 11, lines: 148..149, bytes: 5906..5935), hits: 0) err=Could not find anchor: No matching instruction in range source ID: 11, lines: 148..149, bytes: 5906..5935
2026-09-24T11:28:02.945168Z  WARN foundry_evm_coverage::anchors: could not find anchor item=Statement (location: (source ID: 11, lines: 148..149, bytes: 5937..5977), hits: 0) err=Could not find anchor: No matching instruction in range source ID: 11, lines: 148..149, bytes: 5937..5977
2026-09-24T11:28:02.945173Z  WARN foundry_evm_coverage::anchors: could not find anchor item=Branch (branch: 9, path: 0) (location: (source ID: 11, lines: 148..149, bytes: 5937..5977), hits: 0) err=Could not find anchor: No matching instruction in range source ID: 11, lines: 148..149, bytes: 5937..5977
2026-09-24T11:28:02.945178Z  WARN foundry_evm_coverage::anchors: could not find anchor item=Line (location: (source ID: 11, lines: 149..150, bytes: 5987..6016), hits: 0) err=Could not find anchor: No matching instruction in range source ID: 11, lines: 149..150, bytes: 5987..6016
2026-09-24T11:28:02.945183Z  WARN foundry_evm_coverage::anchors: could not find anchor item=Statement (location: (source ID: 11, lines: 149..150, bytes: 5987..6016), hits: 0) err=Could not find anchor: No matching instruction in range source ID: 11, lines: 149..150, bytes: 5987..6016
2026-09-24T11:28:02.945188Z  WARN foundry_evm_coverage::anchors: could not find anchor item=Line (location: (source ID: 11, lines: 150..151, bytes: 6026..6040), hits: 0) err=Could not find anchor: No matching instruction in range source ID: 11, lines: 150..151, bytes: 6026..6040
2026-09-24T11:28:02.945193Z  WARN foundry_evm_coverage::anchors: could not find anchor item=Statement (location: (source ID: 11, lines: 150..151, bytes: 6026..6040), hits: 0) err=Could not find anchor: No matching instruction in range source ID: 11, lines: 150..151, bytes: 6026..6040
2026-09-24T11:28:02.945198Z  WARN foundry_evm_coverage::anchors: could not find anchor item=Line (location: (source ID: 11, lines: 153..177, bytes: 6053..6917), hits: 0) err=Could not find anchor: No matching instruction in range source ID: 11, lines: 153..177, bytes: 6053..6917
2026-09-24T11:28:02.945202Z  WARN foundry_evm_coverage::anchors: could not find anchor item=Function "drainPending" (location: (source ID: 11, lines: 153..177, bytes: 6053..6917), hits: 0) err=Could not find anchor: No matching instruction in range source ID: 11, lines: 153..177, bytes: 6053..6917
2026-09-24T11:28:02.945207Z  WARN foundry_evm_coverage::anchors: could not find anchor item=Line (location: (source ID: 11, lines: 154..155, bytes: 6096..6133), hits: 0) err=Could not find anchor: No matching instruction in range source ID: 11, lines: 154..155, bytes: 6096..6133
2026-09-24T11:28:02.945212Z  WARN foundry_evm_coverage::anchors: could not find anchor item=Statement (location: (source ID: 11, lines: 154..155, bytes: 6096..6133), hits: 0) err=Could not find anchor: No matching instruction in range source ID: 11, lines: 154..155, bytes: 6096..6133
2026-09-24T11:28:02.945217Z  WARN foundry_evm_coverage::anchors: could not find anchor item=Line (location: (source ID: 11, lines: 155..156, bytes: 6143..6166), hits: 0) err=Could not find anchor: No matching instruction in range source ID: 11, lines: 155..156, bytes: 6143..6166
2026-09-24T11:28:02.945222Z  WARN foundry_evm_coverage::anchors: could not find anchor item=Statement (location: (source ID: 11, lines: 155..156, bytes: 6143..6166), hits: 0) err=Could not find anchor: No matching instruction in range source ID: 11, lines: 155..156, bytes: 6143..6166
2026-09-24T11:28:02.945238Z  WARN foundry_evm_coverage::anchors: could not find anchor item=Line (location: (source ID: 11, lines: 156..157, bytes: 6176..6192), hits: 0) err=Could not find anchor: No matching instruction in range source ID: 11, lines: 156..157, bytes: 6176..6192
2026-09-24T11:28:02.945243Z  WARN foundry_evm_coverage::anchors: could not find anchor item=Statement (location: (source ID: 11, lines: 156..157, bytes: 6176..6192), hits: 0) err=Could not find anchor: No matching instruction in range source ID: 11, lines: 156..157, bytes: 6176..6192
2026-09-24T11:28:02.945248Z  WARN foundry_evm_coverage::anchors: could not find anchor item=Line (location: (source ID: 11, lines: 157..158, bytes: 6202..6240), hits: 0) err=Could not find anchor: No matching instruction in range source ID: 11, lines: 157..158, bytes: 6202..6240
2026-09-24T11:28:02.945252Z  WARN foundry_evm_coverage::anchors: could not find anchor item=Statement (location: (source ID: 11, lines: 157..158, bytes: 6202..6240), hits: 0) err=Could not find anchor: No matching instruction in range source ID: 11, lines: 157..158, bytes: 6202..6240
2026-09-24T11:28:02.945257Z  WARN foundry_evm_coverage::anchors: could not find anchor item=Line (location: (source ID: 11, lines: 158..159, bytes: 6250..6274), hits: 0) err=Could not find anchor: No matching instruction in range source ID: 11, lines: 158..159, bytes: 6250..6274
2026-09-24T11:28:02.945262Z  WARN foundry_evm_coverage::anchors: could not find anchor item=Statement (location: (source ID: 11, lines: 158..159, bytes: 6250..6274), hits: 0) err=Could not find anchor: No matching instruction in range source ID: 11, lines: 158..159, bytes: 6250..6274
2026-09-24T11:28:02.945267Z  WARN foundry_evm_coverage::anchors: could not find anchor item=Line (location: (source ID: 11, lines: 159..160, bytes: 6284..6301), hits: 0) err=Could not find anchor: No matching instruction in range source ID: 11, lines: 159..160, bytes: 6284..6301
2026-09-24T11:28:02.945272Z  WARN foundry_evm_coverage::anchors: could not find anchor item=Statement (location: (source ID: 11, lines: 159..160, bytes: 6284..6301), hits: 0) err=Could not find anchor: No matching instruction in range source ID: 11, lines: 159..160, bytes: 6284..6301
2026-09-24T11:28:02.945276Z  WARN foundry_evm_coverage::anchors: could not find anchor item=Line (location: (source ID: 11, lines: 160..161, bytes: 6316..6325), hits: 0) err=Could not find anchor: No matching instruction in range source ID: 11, lines: 160..161, bytes: 6316..6325
2026-09-24T11:28:02.945281Z  WARN foundry_evm_coverage::anchors: could not find anchor item=Statement (location: (source ID: 11, lines: 160..161, bytes: 6316..6325), hits: 0) err=Could not find anchor: No matching instruction in range source ID: 11, lines: 160..161, bytes: 6316..6325
2026-09-24T11:28:02.945286Z  WARN foundry_evm_coverage::anchors: could not find anchor item=Statement (location: (source ID: 11, lines: 160..161, bytes: 6327..6346), hits: 0) err=Could not find anchor: No matching instruction in range source ID: 11, lines: 160..161, bytes: 6327..6346
2026-09-24T11:28:02.945291Z  WARN foundry_evm_coverage::anchors: could not find anchor item=Statement (location: (source ID: 11, lines: 160..161, bytes: 6348..6351), hits: 0) err=Could not find anchor: No matching instruction in range source ID: 11, lines: 160..161, bytes: 6348..6351
2026-09-24T11:28:02.945296Z  WARN foundry_evm_coverage::anchors: could not find anchor item=Line (location: (source ID: 11, lines: 161..162, bytes: 6371..6381), hits: 0) err=Could not find anchor: No matching instruction in range source ID: 11, lines: 161..162, bytes: 6371..6381
2026-09-24T11:28:02.945301Z  WARN foundry_evm_coverage::anchors: could not find anchor item=Statement (location: (source ID: 11, lines: 161..162, bytes: 6371..6381), hits: 0) err=Could not find anchor: No matching instruction in range source ID: 11, lines: 161..162, bytes: 6371..6381
2026-09-24T11:28:02.945318Z  WARN foundry_evm_coverage::anchors: could not find anchor item=Branch (branch: 10, path: 0) (location: (source ID: 11, lines: 161..166, bytes: 6383..6535), hits: 0) err=Could not find anchor: No matching instruction in range source ID: 11, lines: 161..166, bytes: 6383..6535
2026-09-24T11:28:02.945324Z  WARN foundry_evm_coverage::anchors: could not find anchor item=Line (location: (source ID: 11, lines: 162..163, bytes: 6401..6436), hits: 0) err=Could not find anchor: No matching instruction in range source ID: 11, lines: 162..163, bytes: 6401..6436
2026-09-24T11:28:02.945329Z  WARN foundry_evm_coverage::anchors: could not find anchor item=Statement (location: (source ID: 11, lines: 162..163, bytes: 6401..6436), hits: 0) err=Could not find anchor: No matching instruction in range source ID: 11, lines: 162..163, bytes: 6401..6436
2026-09-24T11:28:02.945334Z  WARN foundry_evm_coverage::anchors: could not find anchor item=Line (location: (source ID: 11, lines: 163..164, bytes: 6454..6470), hits: 0) err=Could not find anchor: No matching instruction in range source ID: 11, lines: 163..164, bytes: 6454..6470
2026-09-24T11:28:02.945338Z  WARN foundry_evm_coverage::anchors: could not find anchor item=Statement (location: (source ID: 11, lines: 163..164, bytes: 6454..6470), hits: 0) err=Could not find anchor: No matching instruction in range source ID: 11, lines: 163..164, bytes: 6454..6470
2026-09-24T11:28:02.945343Z  WARN foundry_evm_coverage::anchors: could not find anchor item=Line (location: (source ID: 11, lines: 164..165, bytes: 6488..6520), hits: 0) err=Could not find anchor: No matching instruction in range source ID: 11, lines: 164..165, bytes: 6488..6520
2026-09-24T11:28:02.945348Z  WARN foundry_evm_coverage::anchors: could not find anchor item=Statement (location: (source ID: 11, lines: 164..165, bytes: 6488..6520), hits: 0) err=Could not find anchor: No matching instruction in range source ID: 11, lines: 164..165, bytes: 6488..6520
2026-09-24T11:28:02.945353Z  WARN foundry_evm_coverage::anchors: could not find anchor item=Line (location: (source ID: 11, lines: 167..168, bytes: 6554..6591), hits: 0) err=Could not find anchor: No matching instruction in range source ID: 11, lines: 167..168, bytes: 6554..6591
2026-09-24T11:28:02.945358Z  WARN foundry_evm_coverage::anchors: could not find anchor item=Statement (location: (source ID: 11, lines: 167..168, bytes: 6554..6591), hits: 0) err=Could not find anchor: No matching instruction in range source ID: 11, lines: 167..168, bytes: 6554..6591
2026-09-24T11:28:02.945363Z  WARN foundry_evm_coverage::anchors: could not find anchor item=Line (location: (source ID: 11, lines: 168..169, bytes: 6606..6615), hits: 0) err=Could not find anchor: No matching instruction in range source ID: 11, lines: 168..169, bytes: 6606..6615
2026-09-24T11:28:02.945368Z  WARN foundry_evm_coverage::anchors: could not find anchor item=Statement (location: (source ID: 11, lines: 168..169, bytes: 6606..6615), hits: 0) err=Could not find anchor: No matching instruction in range source ID: 11, lines: 168..169, bytes: 6606..6615
2026-09-24T11:28:02.945372Z  WARN foundry_evm_coverage::anchors: could not find anchor item=Statement (location: (source ID: 11, lines: 168..169, bytes: 6617..6639), hits: 0) err=Could not find anchor: No matching instruction in range source ID: 11, lines: 168..169, bytes: 6617..6639
2026-09-24T11:28:02.945377Z  WARN foundry_evm_coverage::anchors: could not find anchor item=Statement (location: (source ID: 11, lines: 168..169, bytes: 6641..6644), hits: 0) err=Could not find anchor: No matching instruction in range source ID: 11, lines: 168..169, bytes: 6641..6644
2026-09-24T11:28:02.945382Z  WARN foundry_evm_coverage::anchors: could not find anchor item=Line (location: (source ID: 11, lines: 169..170, bytes: 6664..6676), hits: 0) err=Could not find anchor: No matching instruction in range source ID: 11, lines: 169..170, bytes: 6664..6676
2026-09-24T11:28:02.945387Z  WARN foundry_evm_coverage::anchors: could not find anchor item=Statement (location: (source ID: 11, lines: 169..170, bytes: 6664..6676), hits: 0) err=Could not find anchor: No matching instruction in range source ID: 11, lines: 169..170, bytes: 6664..6676
2026-09-24T11:28:02.945400Z  WARN foundry_evm_coverage::anchors: could not find anchor item=Branch (branch: 11, path: 0) (location: (source ID: 11, lines: 169..175, bytes: 6678..6901), hits: 0) err=Could not find anchor: No matching instruction in range source ID: 11, lines: 169..175, bytes: 6678..6901
2026-09-24T11:28:02.945406Z  WARN foundry_evm_coverage::anchors: could not find anchor item=Line (location: (source ID: 11, lines: 170..171, bytes: 6696..6736), hits: 0) err=Could not find anchor: No matching instruction in range source ID: 11, lines: 170..171, bytes: 6696..6736
2026-09-24T11:28:02.945410Z  WARN foundry_evm_coverage::anchors: could not find anchor item=Statement (location: (source ID: 11, lines: 170..171, bytes: 6696..6736), hits: 0) err=Could not find anchor: No matching instruction in range source ID: 11, lines: 170..171, bytes: 6696..6736
2026-09-24T11:28:02.945415Z  WARN foundry_evm_coverage::anchors: could not find anchor item=Line (location: (source ID: 11, lines: 171..172, bytes: 6754..6772), hits: 0) err=Could not find anchor: No matching instruction in range source ID: 11, lines: 171..172, bytes: 6754..6772
2026-09-24T11:28:02.945420Z  WARN foundry_evm_coverage::anchors: could not find anchor item=Statement (location: (source ID: 11, lines: 171..172, bytes: 6754..6772), hits: 0) err=Could not find anchor: No matching instruction in range source ID: 11, lines: 171..172, bytes: 6754..6772
2026-09-24T11:28:02.945425Z  WARN foundry_evm_coverage::anchors: could not find anchor item=Line (location: (source ID: 11, lines: 172..173, bytes: 6790..6828), hits: 0) err=Could not find anchor: No matching instruction in range source ID: 11, lines: 172..173, bytes: 6790..6828
2026-09-24T11:28:02.945430Z  WARN foundry_evm_coverage::anchors: could not find anchor item=Statement (location: (source ID: 11, lines: 172..173, bytes: 6790..6828), hits: 0) err=Could not find anchor: No matching instruction in range source ID: 11, lines: 172..173, bytes: 6790..6828
2026-09-24T11:28:02.945434Z  WARN foundry_evm_coverage::anchors: could not find anchor item=Line (location: (source ID: 11, lines: 173..174, bytes: 6846..6886), hits: 0) err=Could not find anchor: No matching instruction in range source ID: 11, lines: 173..174, bytes: 6846..6886
2026-09-24T11:28:02.945439Z  WARN foundry_evm_coverage::anchors: could not find anchor item=Statement (location: (source ID: 11, lines: 173..174, bytes: 6846..6886), hits: 0) err=Could not find anchor: No matching instruction in range source ID: 11, lines: 173..174, bytes: 6846..6886
2026-09-24T11:28:02.945046Z  WARN foundry_evm_coverage::anchors: could not find anchor item=Branch (branch: 0, path: 0) (location: (source ID: 11, lines: 53..54, bytes: 2076..2082), hits: 0) err=Could not find anchor: No matching instruction in range source ID: 11, lines: 53..54, bytes: 2076..2082
2026-09-24T11:28:02.945452Z  WARN foundry_evm_coverage::anchors: could not find anchor item=Line (location: (source ID: 11, lines: 34..49, bytes: 1420..1872), hits: 0) err=Could not find anchor: No matching instruction in range source ID: 11, lines: 34..49, bytes: 1420..1872
2026-09-24T11:28:02.945058Z  WARN foundry_evm_coverage::anchors: could not find anchor item=Line (location: (source ID: 14, lines: 96..97, bytes: 3797..3828), hits: 0) err=Could not find anchor: No matching instruction in range source ID: 14, lines: 96..97, bytes: 3797..3828
2026-09-24T11:28:02.945465Z  WARN foundry_evm_coverage::anchors: could not find anchor item=Function "constructor" (location: (source ID: 11, lines: 34..49, bytes: 1420..1872), hits: 0) err=Could not find anchor: No matching instruction in range source ID: 11, lines: 34..49, bytes: 1420..1872
2026-09-24T11:28:02.945471Z  WARN foundry_evm_coverage::anchors: could not find anchor item=Statement (location: (source ID: 14, lines: 96..97, bytes: 3797..3828), hits: 0) err=Could not find anchor: No matching instruction in range source ID: 14, lines: 96..97, bytes: 3797..3828
2026-09-24T11:28:02.945009Z  WARN foundry_evm_coverage::anchors: could not find anchor item=Line (location: (source ID: 3, lines: 35..37, bytes: 1286..1402), hits: 0) err=Could not find anchor: No matching instruction in range source ID: 3, lines: 35..37, bytes: 1286..1402
2026-09-24T11:28:02.944908Z  WARN foundry_evm_coverage::anchors: could not find anchor item=Line (location: (source ID: 0, lines: 40..41, bytes: 1650..1712), hits: 0) err=Could not find anchor: No matching instruction in range source ID: 0, lines: 40..41, bytes: 1650..1712
2026-09-24T11:28:02.945501Z  WARN foundry_evm_coverage::anchors: could not find anchor item=Statement (location: (source ID: 0, lines: 40..41, bytes: 1650..1712), hits: 0) err=Could not find anchor: No matching instruction in range source ID: 0, lines: 40..41, bytes: 1650..1712
2026-09-24T11:28:02.945506Z  WARN foundry_evm_coverage::anchors: could not find anchor item=Line (location: (source ID: 12, lines: 12..15, bytes: 484..600), hits: 0) err=Could not find anchor: No matching instruction in range source ID: 12, lines: 12..15, bytes: 484..600
2026-09-24T11:28:02.945514Z  WARN foundry_evm_coverage::anchors: could not find anchor item=Function "deploy" (location: (source ID: 12, lines: 12..15, bytes: 484..600), hits: 0) err=Could not find anchor: No matching instruction in range source ID: 12, lines: 12..15, bytes: 484..600
2026-09-24T11:28:02.945519Z  WARN foundry_evm_coverage::anchors: could not find anchor item=Line (location: (source ID: 12, lines: 13..14, bytes: 576..593), hits: 0) err=Could not find anchor: No matching instruction in range source ID: 12, lines: 13..14, bytes: 576..593
2026-09-24T11:28:02.945524Z  WARN foundry_evm_coverage::anchors: could not find anchor item=Statement (location: (source ID: 12, lines: 13..14, bytes: 576..593), hits: 0) err=Could not find anchor: No matching instruction in range source ID: 12, lines: 13..14, bytes: 576..593
2026-09-24T11:28:02.945529Z  WARN foundry_evm_coverage::anchors: could not find anchor item=Statement (location: (source ID: 12, lines: 13..14, bytes: 583..593), hits: 0) err=Could not find anchor: No matching instruction in range source ID: 12, lines: 13..14, bytes: 583..593
2026-09-24T11:28:02.945534Z  WARN foundry_evm_coverage::anchors: could not find anchor item=Line (location: (source ID: 12, lines: 16..19, bytes: 606..718), hits: 0) err=Could not find anchor: No matching instruction in range source ID: 12, lines: 16..19, bytes: 606..718
2026-09-24T11:28:02.945539Z  WARN foundry_evm_coverage::anchors: could not find anchor item=Function "parse" (location: (source ID: 12, lines: 16..19, bytes: 606..718), hits: 0) err=Could not find anchor: No matching instruction in range source ID: 12, lines: 16..19, bytes: 606..718
2026-09-24T11:28:02.945544Z  WARN foundry_evm_coverage::anchors: could not find anchor item=Line (location: (source ID: 12, lines: 17..18, bytes: 693..711), hits: 0) err=Could not find anchor: No matching instruction in range source ID: 12, lines: 17..18, bytes: 693..711
2026-09-24T11:28:02.945549Z  WARN foundry_evm_coverage::anchors: could not find anchor item=Statement (location: (source ID: 12, lines: 17..18, bytes: 693..711), hits: 0) err=Could not find anchor: No matching instruction in range source ID: 12, lines: 17..18, bytes: 693..711
2026-09-24T11:28:02.945554Z  WARN foundry_evm_coverage::anchors: could not find anchor item=Statement (location: (source ID: 12, lines: 17..18, bytes: 700..711), hits: 0) err=Could not find anchor: No matching instruction in range source ID: 12, lines: 17..18, bytes: 700..711
2026-09-24T11:28:02.944978Z  WARN foundry_evm_coverage::anchors: could not find anchor item=Line (location: (source ID: 14, lines: 88..89, bytes: 3446..3503), hits: 0) err=Could not find anchor: No matching instruction in range source ID: 14, lines: 88..89, bytes: 3446..3503
2026-09-24T11:28:02.945041Z  WARN foundry_evm_coverage::anchors: could not find anchor item=Function "_metadata" (location: (source ID: 14, lines: 93..98, bytes: 3619..3835), hits: 0) err=Could not find anchor: No matching instruction in range source ID: 14, lines: 93..98, bytes: 3619..3835
2026-09-24T11:28:02.945452Z  WARN foundry_evm_coverage::anchors: could not find anchor item=Line (location: (source ID: 11, lines: 54..55, bytes: 2092..2134), hits: 0) err=Could not find anchor: No matching instruction in range source ID: 11, lines: 54..55, bytes: 2092..2134
2026-09-24T11:28:02.945590Z  WARN foundry_evm_coverage::anchors: could not find anchor item=Statement (location: (source ID: 11, lines: 54..55, bytes: 2092..2134), hits: 0) err=Could not find anchor: No matching instruction in range source ID: 11, lines: 54..55, bytes: 2092..2134
2026-09-24T11:28:02.944769Z  WARN foundry_evm_coverage::anchors: could not find anchor item=Line (location: (source ID: 14, lines: 94..95, bytes: 3690..3726), hits: 0) err=Could not find anchor: No matching instruction in range source ID: 14, lines: 94..95, bytes: 3690..3726
2026-09-24T11:28:02.944947Z  WARN foundry_evm_coverage::anchors: could not find anchor item=Line (location: (source ID: 6, lines: 53..54, bytes: 2203..2227), hits: 0) err=Could not find anchor: No matching instruction in range source ID: 6, lines: 53..54, bytes: 2203..2227
2026-09-24T11:28:02.945478Z  WARN foundry_evm_coverage::anchors: could not find anchor item=Line (location: (source ID: 11, lines: 41..42, bytes: 1623..1637), hits: 0) err=Could not find anchor: No matching instruction in range source ID: 11, lines: 41..42, bytes: 1623..1637
2026-09-24T11:28:02.945614Z  WARN foundry_evm_coverage::anchors: could not find anchor item=Statement (location: (source ID: 14, lines: 94..95, bytes: 3690..3726), hits: 0) err=Could not find anchor: No matching instruction in range source ID: 14, lines: 94..95, bytes: 3690..3726
2026-09-24T11:28:02.945022Z  WARN foundry_evm_coverage::anchors: could not find anchor item=Branch (branch: 2, path: 0) (location: (source ID: 4, lines: 49..52, bytes: 2358..2412), hits: 0) err=Could not find anchor: No matching instruction in range source ID: 4, lines: 49..52, bytes: 2358..2412
2026-09-24T11:28:02.945507Z  WARN foundry_evm_coverage::anchors: could not find anchor item=Branch (branch: 3, path: 0) (location: (source ID: 0, lines: 40..41, bytes: 1650..1712), hits: 0) err=Could not detect branches in source: source ID: 0, lines: 40..41, bytes: 1650..1712
2026-09-24T11:28:02.945632Z  WARN foundry_evm_coverage::anchors: could not find anchor item=Statement (location: (source ID: 14, lines: 94..95, bytes: 3703..3726), hits: 0) err=Could not find anchor: No matching instruction in range source ID: 14, lines: 94..95, bytes: 3703..3726
2026-09-24T11:28:02.944921Z  WARN foundry_evm_coverage::anchors: could not find anchor item=Statement (location: (source ID: 23, lines: 36..37, bytes: 1128..1172), hits: 0) err=Could not find anchor: No matching instruction in range source ID: 23, lines: 36..37, bytes: 1128..1172
2026-09-24T11:28:02.945647Z  WARN foundry_evm_coverage::anchors: could not find anchor item=Branch (branch: 1, path: 0) (location: (source ID: 23, lines: 36..37, bytes: 1128..1172), hits: 0) err=Could not detect branches in source: source ID: 23, lines: 36..37, bytes: 1128..1172
2026-09-24T11:28:02.945650Z  WARN foundry_evm_coverage::anchors: could not find anchor item=Line (location: (source ID: 14, lines: 95..96, bytes: 3736..3787), hits: 0) err=Could not find anchor: No matching instruction in range source ID: 14, lines: 95..96, bytes: 3736..3787
2026-09-24T11:28:02.945609Z  WARN foundry_evm_coverage::anchors: could not find anchor item=Statement (location: (source ID: 6, lines: 53..54, bytes: 2203..2227), hits: 0) err=Could not find anchor: No matching instruction in range source ID: 6, lines: 53..54, bytes: 2203..2227
2026-09-24T11:28:02.945669Z  WARN foundry_evm_coverage::anchors: could not find anchor item=Line (location: (source ID: 6, lines: 56..59, bytes: 2240..2350), hits: 0) err=Could not find anchor: No matching instruction in range source ID: 6, lines: 56..59, bytes: 2240..2350
2026-09-24T11:28:02.945692Z  WARN foundry_evm_coverage::anchors: could not find anchor item=Function "bridgeBurn" (location: (source ID: 6, lines: 56..59, bytes: 2240..2350), hits: 0) err=Could not find anchor: No matching instruction in range source ID: 6, lines: 56..59, bytes: 2240..2350
2026-09-24T11:28:02.945699Z  WARN foundry_evm_coverage::anchors: could not find anchor item=Line (location: (source ID: 6, lines: 57..58, bytes: 2322..2343), hits: 0) err=Could not find anchor: No matching instruction in range source ID: 6, lines: 57..58, bytes: 2322..2343
2026-09-24T11:28:02.945705Z  WARN foundry_evm_coverage::anchors: could not find anchor item=Statement (location: (source ID: 6, lines: 57..58, bytes: 2322..2343), hits: 0) err=Could not find anchor: No matching instruction in range source ID: 6, lines: 57..58, bytes: 2322..2343
2026-09-24T11:28:02.945711Z  WARN foundry_evm_coverage::anchors: could not find anchor item=Line (location: (source ID: 6, lines: 60..94, bytes: 2356..3784), hits: 0) err=Could not find anchor: No matching instruction in range source ID: 6, lines: 60..94, bytes: 2356..3784
2026-09-24T11:28:02.945591Z  WARN foundry_evm_coverage::anchors: could not find anchor item=Line (location: (source ID: 14, lines: 94..95, bytes: 3690..3726), hits: 0) err=Could not find anchor: No matching instruction in range source ID: 14, lines: 94..95, bytes: 3690..3726
2026-09-24T11:28:02.945653Z  WARN foundry_evm_coverage::anchors: could not find anchor item=Branch (branch: 1, path: 1) (location: (source ID: 23, lines: 36..37, bytes: 1128..1172), hits: 0) err=Could not detect branches in source: source ID: 23, lines: 36..37, bytes: 1128..1172
2026-09-24T11:28:02.945730Z  WARN foundry_evm_coverage::anchors: could not find anchor item=Line (location: (source ID: 23, lines: 37..38, bytes: 1182..1219), hits: 0) err=Could not find anchor: No matching instruction in range source ID: 23, lines: 37..38, bytes: 1182..1219
2026-09-24T11:28:02.945736Z  WARN foundry_evm_coverage::anchors: could not find anchor item=Statement (location: (source ID: 23, lines: 37..38, bytes: 1182..1219), hits: 0) err=Could not find anchor: No matching instruction in range source ID: 23, lines: 37..38, bytes: 1182..1219
2026-09-24T11:28:02.945741Z  WARN foundry_evm_coverage::anchors: could not find anchor item=Line (location: (source ID: 23, lines: 38..39, bytes: 1229..1241), hits: 0) err=Could not find anchor: No matching instruction in range source ID: 23, lines: 38..39, bytes: 1229..1241
2026-09-24T11:28:02.945747Z  WARN foundry_evm_coverage::anchors: could not find anchor item=Statement (location: (source ID: 23, lines: 38..39, bytes: 1229..1241), hits: 0) err=Could not find anchor: No matching instruction in range source ID: 23, lines: 38..39, bytes: 1229..1241
2026-09-24T11:28:02.945752Z  WARN foundry_evm_coverage::anchors: could not find anchor item=Line (location: (source ID: 23, lines: 39..40, bytes: 1251..1265), hits: 0) err=Could not find anchor: No matching instruction in range source ID: 23, lines: 39..40, bytes: 1251..1265
2026-09-24T11:28:02.945757Z  WARN foundry_evm_coverage::anchors: could not find anchor item=Statement (location: (source ID: 23, lines: 39..40, bytes: 1251..1265), hits: 0) err=Could not find anchor: No matching instruction in range source ID: 23, lines: 39..40, bytes: 1251..1265
2026-09-24T11:28:02.945762Z  WARN foundry_evm_coverage::anchors: could not find anchor item=Line (location: (source ID: 23, lines: 40..41, bytes: 1275..1291), hits: 0) err=Could not find anchor: No matching instruction in range source ID: 23, lines: 40..41, bytes: 1275..1291
2026-09-24T11:28:02.945767Z  WARN foundry_evm_coverage::anchors: could not find anchor item=Statement (location: (source ID: 23, lines: 40..41, bytes: 1275..1291), hits: 0) err=Could not find anchor: No matching instruction in range source ID: 23, lines: 40..41, bytes: 1275..1291
2026-09-24T11:28:02.945772Z  WARN foundry_evm_coverage::anchors: could not find anchor item=Line (location: (source ID: 23, lines: 41..42, bytes: 1301..1328), hits: 0) err=Could not find anchor: No matching instruction in range source ID: 23, lines: 41..42, bytes: 1301..1328
2026-09-24T11:28:02.945798Z  WARN foundry_evm_coverage::anchors: could not find anchor item=Statement (location: (source ID: 23, lines: 41..42, bytes: 1301..1328), hits: 0) err=Could not find anchor: No matching instruction in range source ID: 23, lines: 41..42, bytes: 1301..1328
2026-09-24T11:28:02.945804Z  WARN foundry_evm_coverage::anchors: could not find anchor item=Line (location: (source ID: 23, lines: 42..43, bytes: 1338..1395), hits: 0) err=Could not find anchor: No matching instruction in range source ID: 23, lines: 42..43, bytes: 1338..1395
2026-09-24T11:28:02.945808Z  WARN foundry_evm_coverage::anchors: could not find anchor item=Statement (location: (source ID: 23, lines: 42..43, bytes: 1338..1395), hits: 0) err=Could not find anchor: No matching instruction in range source ID: 23, lines: 42..43, bytes: 1338..1395
2026-09-24T11:28:02.945813Z  WARN foundry_evm_coverage::anchors: could not find anchor item=Line (location: (source ID: 23, lines: 43..44, bytes: 1405..1427), hits: 0) err=Could not find anchor: No matching instruction in range source ID: 23, lines: 43..44, bytes: 1405..1427
2026-09-24T11:28:02.945818Z  WARN foundry_evm_coverage::anchors: could not find anchor item=Statement (location: (source ID: 23, lines: 43..44, bytes: 1405..1427), hits: 0) err=Could not find anchor: No matching instruction in range source ID: 23, lines: 43..44, bytes: 1405..1427
2026-09-24T11:28:02.945823Z  WARN foundry_evm_coverage::anchors: could not find anchor item=Line (location: (source ID: 23, lines: 44..45, bytes: 1437..1475), hits: 0) err=Could not find anchor: No matching instruction in range source ID: 23, lines: 44..45, bytes: 1437..1475
2026-09-24T11:28:02.945828Z  WARN foundry_evm_coverage::anchors: could not find anchor item=Statement (location: (source ID: 23, lines: 44..45, bytes: 1437..1475), hits: 0) err=Could not find anchor: No matching instruction in range source ID: 23, lines: 44..45, bytes: 1437..1475
2026-09-24T11:28:02.945833Z  WARN foundry_evm_coverage::anchors: could not find anchor item=Line (location: (source ID: 23, lines: 45..46, bytes: 1485..1505), hits: 0) err=Could not find anchor: No matching instruction in range source ID: 23, lines: 45..46, bytes: 1485..1505
2026-09-24T11:28:02.945838Z  WARN foundry_evm_coverage::anchors: could not find anchor item=Statement (location: (source ID: 23, lines: 45..46, bytes: 1485..1505), hits: 0) err=Could not find anchor: No matching instruction in range source ID: 23, lines: 45..46, bytes: 1485..1505
2026-09-24T11:28:02.945843Z  WARN foundry_evm_coverage::anchors: could not find anchor item=Line (location: (source ID: 23, lines: 46..47, bytes: 1515..1586), hits: 0) err=Could not find anchor: No matching instruction in range source ID: 23, lines: 46..47, bytes: 1515..1586
2026-09-24T11:28:02.945848Z  WARN foundry_evm_coverage::anchors: could not find anchor item=Statement (location: (source ID: 23, lines: 46..47, bytes: 1515..1586), hits: 0) err=Could not find anchor: No matching instruction in range source ID: 23, lines: 46..47, bytes: 1515..1586
2026-09-24T11:28:02.945853Z  WARN foundry_evm_coverage::anchors: could not find anchor item=Line (location: (source ID: 23, lines: 47..48, bytes: 1596..1643), hits: 0) err=Could not find anchor: No matching instruction in range source ID: 23, lines: 47..48, bytes: 1596..1643
2026-09-24T11:28:02.945858Z  WARN foundry_evm_coverage::anchors: could not find anchor item=Statement (location: (source ID: 23, lines: 47..48, bytes: 1596..1643), hits: 0) err=Could not find anchor: No matching instruction in range source ID: 23, lines: 47..48, bytes: 1596..1643
2026-09-24T11:28:02.945863Z  WARN foundry_evm_coverage::anchors: could not find anchor item=Line (location: (source ID: 23, lines: 50..53, bytes: 1656..1797), hits: 0) err=Could not find anchor: No matching instruction in range source ID: 23, lines: 50..53, bytes: 1656..1797
2026-09-24T11:28:02.945628Z  WARN foundry_evm_coverage::anchors: could not find anchor item=Line (location: (source ID: 4, lines: 50..51, bytes: 2372..2401), hits: 0) err=Could not find anchor: No matching instruction in range source ID: 4, lines: 50..51, bytes: 2372..2401
2026-09-24T11:28:02.945886Z  WARN foundry_evm_coverage::anchors: could not find anchor item=Statement (location: (source ID: 4, lines: 50..51, bytes: 2372..2401), hits: 0) err=Could not find anchor: No matching instruction in range source ID: 4, lines: 50..51, bytes: 2372..2401
2026-09-24T11:28:02.945717Z  WARN foundry_evm_coverage::anchors: could not find anchor item=Function "applySnapshot" (location: (source ID: 6, lines: 60..94, bytes: 2356..3784), hits: 0) err=Could not find anchor: No matching instruction in range source ID: 6, lines: 60..94, bytes: 2356..3784
2026-09-24T11:28:02.945596Z  WARN foundry_evm_coverage::anchors: could not find anchor item=Statement (location: (source ID: 11, lines: 54..55, bytes: 2109..2134), hits: 0) err=Could not find anchor: No matching instruction in range source ID: 11, lines: 54..55, bytes: 2109..2134
2026-09-24T11:28:02.945906Z  WARN foundry_evm_coverage::anchors: could not find anchor item=Line (location: (source ID: 11, lines: 55..56, bytes: 2144..2177), hits: 0) err=Could not find anchor: No matching instruction in range source ID: 11, lines: 55..56, bytes: 2144..2177
2026-09-24T11:28:02.945912Z  WARN foundry_evm_coverage::anchors: could not find anchor item=Statement (location: (source ID: 11, lines: 55..56, bytes: 2144..2177), hits: 0) err=Could not find anchor: No matching instruction in range source ID: 11, lines: 55..56, bytes: 2144..2177
2026-09-24T11:28:02.945918Z  WARN foundry_evm_coverage::anchors: could not find anchor item=Line (location: (source ID: 11, lines: 56..57, bytes: 2187..2241), hits: 0) err=Could not find anchor: No matching instruction in range source ID: 11, lines: 56..57, bytes: 2187..2241
2026-09-24T11:28:02.945622Z  WARN foundry_evm_coverage::anchors: could not find anchor item=Statement (location: (source ID: 11, lines: 41..42, bytes: 1623..1637), hits: 0) err=Could not find anchor: No matching instruction in range source ID: 11, lines: 41..42, bytes: 1623..1637
2026-09-24T11:28:02.945868Z  WARN foundry_evm_coverage::anchors: could not find anchor item=Function "published" (location: (source ID: 23, lines: 50..53, bytes: 1656..1797), hits: 0) err=Could not find anchor: No matching instruction in range source ID: 23, lines: 50..53, bytes: 1656..1797
2026-09-24T11:28:02.945936Z  WARN foundry_evm_coverage::anchors: could not find anchor item=Line (location: (source ID: 11, lines: 42..43, bytes: 1647..1663), hits: 0) err=Could not find anchor: No matching instruction in range source ID: 11, lines: 42..43, bytes: 1647..1663
2026-09-24T11:28:02.945635Z  WARN foundry_evm_coverage::anchors: could not find anchor item=Branch (branch: 3, path: 1) (location: (source ID: 0, lines: 40..41, bytes: 1650..1712), hits: 0) err=Could not detect branches in source: source ID: 0, lines: 40..41, bytes: 1650..1712
2026-09-24T11:28:02.945950Z  WARN foundry_evm_coverage::anchors: could not find anchor item=Statement (location: (source ID: 11, lines: 42..43, bytes: 1647..1663), hits: 0) err=Could not find anchor: No matching instruction in range source ID: 11, lines: 42..43, bytes: 1647..1663
2026-09-24T11:28:02.945899Z  WARN foundry_evm_coverage::anchors: could not find anchor item=Line (location: (source ID: 6, lines: 67..68, bytes: 2559..2602), hits: 0) err=Could not find anchor: No matching instruction in range source ID: 6, lines: 67..68, bytes: 2559..2602
2026-09-24T11:28:02.945964Z  WARN foundry_evm_coverage::anchors: could not find anchor item=Line (location: (source ID: 11, lines: 43..44, bytes: 1673..1687), hits: 0) err=Could not find anchor: No matching instruction in range source ID: 11, lines: 43..44, bytes: 1673..1687
2026-09-24T11:28:02.945669Z  WARN foundry_evm_coverage::anchors: could not find anchor item=Statement (location: (source ID: 14, lines: 95..96, bytes: 3736..3787), hits: 0) err=Could not find anchor: No matching instruction in range source ID: 14, lines: 95..96, bytes: 3736..3787
2026-09-24T11:28:02.945495Z  WARN foundry_evm_coverage::anchors: could not find anchor item=Statement (location: (source ID: 3, lines: 35..37, bytes: 1286..1402), hits: 0) err=Could not find anchor: No matching instruction in range source ID: 3, lines: 35..37, bytes: 1286..1402
2026-09-24T11:28:02.945923Z  WARN foundry_evm_coverage::anchors: could not find anchor item=Statement (location: (source ID: 11, lines: 56..57, bytes: 2187..2241), hits: 0) err=Could not find anchor: No matching instruction in range source ID: 11, lines: 56..57, bytes: 2187..2241
2026-09-24T11:28:02.945999Z  WARN foundry_evm_coverage::anchors: could not find anchor item=Line (location: (source ID: 14, lines: 96..97, bytes: 3797..3828), hits: 0) err=Could not find anchor: No matching instruction in range source ID: 14, lines: 96..97, bytes: 3797..3828
2026-09-24T11:28:02.945575Z  WARN foundry_evm_coverage::anchors: could not find anchor item=Statement (location: (source ID: 14, lines: 88..89, bytes: 3446..3503), hits: 0) err=Could not find anchor: No matching instruction in range source ID: 14, lines: 88..89, bytes: 3446..3503
2026-09-24T11:28:02.945950Z  WARN foundry_evm_coverage::anchors: could not find anchor item=Line (location: (source ID: 0, lines: 41..42, bytes: 1722..1765), hits: 0) err=Could not find anchor: No matching instruction in range source ID: 0, lines: 41..42, bytes: 1722..1765
2026-09-24T11:28:02.946017Z  WARN foundry_evm_coverage::anchors: could not find anchor item=Statement (location: (source ID: 14, lines: 96..97, bytes: 3797..3828), hits: 0) err=Could not find anchor: No matching instruction in range source ID: 14, lines: 96..97, bytes: 3797..3828
2026-09-24T11:28:02.945965Z  WARN foundry_evm_coverage::anchors: could not find anchor item=Statement (location: (source ID: 6, lines: 67..68, bytes: 2559..2602), hits: 0) err=Could not find anchor: No matching instruction in range source ID: 6, lines: 67..68, bytes: 2559..2602
2026-09-24T11:28:02.946105Z  WARN foundry_evm_coverage::anchors: could not find anchor item=Statement (location: (source ID: 6, lines: 67..68, bytes: 2574..2602), hits: 0) err=Could not find anchor: No matching instruction in range source ID: 6, lines: 67..68, bytes: 2574..2602
2026-09-24T11:28:02.946113Z  WARN foundry_evm_coverage::anchors: could not find anchor item=Line (location: (source ID: 14, lines: 68..71, bytes: 2657..2764), hits: 0) err=Could not find anchor: No matching instruction in range source ID: 14, lines: 68..71, bytes: 2657..2764
2026-09-24T11:28:02.945995Z  WARN foundry_evm_coverage::anchors: could not find anchor item=Line (location: (source ID: 3, lines: 36..37, bytes: 1346..1402), hits: 0) err=Could not find anchor: No matching instruction in range source ID: 3, lines: 36..37, bytes: 1346..1402
2026-09-24T11:28:02.946129Z  WARN foundry_evm_coverage::anchors: could not find anchor item=Statement (location: (source ID: 3, lines: 36..37, bytes: 1346..1402), hits: 0) err=Could not find anchor: No matching instruction in range source ID: 3, lines: 36..37, bytes: 1346..1402
2026-09-24T11:28:02.946001Z  WARN foundry_evm_coverage::anchors: could not find anchor item=Statement (location: (source ID: 11, lines: 56..57, bytes: 2205..2241), hits: 0) err=Could not find anchor: No matching instruction in range source ID: 11, lines: 56..57, bytes: 2205..2241
2026-09-24T11:28:02.946019Z  WARN foundry_evm_coverage::anchors: could not find anchor item=Statement (location: (source ID: 0, lines: 41..42, bytes: 1722..1765), hits: 0) err=Could not find anchor: No matching instruction in range source ID: 0, lines: 41..42, bytes: 1722..1765
2026-09-24T11:28:02.946148Z  WARN foundry_evm_coverage::anchors: could not find anchor item=Statement (location: (source ID: 0, lines: 41..42, bytes: 1749..1765), hits: 0) err=Could not find anchor: No matching instruction in range source ID: 0, lines: 41..42, bytes: 1749..1765
2026-09-24T11:28:02.946153Z  WARN foundry_evm_coverage::anchors: could not find anchor item=Line (location: (source ID: 0, lines: 42..43, bytes: 1775..1804), hits: 0) err=Could not find anchor: No matching instruction in range source ID: 0, lines: 42..43, bytes: 1775..1804
2026-09-24T11:28:02.946171Z  WARN foundry_evm_coverage::anchors: could not find anchor item=Statement (location: (source ID: 0, lines: 42..43, bytes: 1775..1804), hits: 0) err=Could not find anchor: No matching instruction in range source ID: 0, lines: 42..43, bytes: 1775..1804
2026-09-24T11:28:02.946176Z  WARN foundry_evm_coverage::anchors: could not find anchor item=Line (location: (source ID: 0, lines: 43..44, bytes: 1814..1833), hits: 0) err=Could not find anchor: No matching instruction in range source ID: 0, lines: 43..44, bytes: 1814..1833
2026-09-24T11:28:02.946181Z  WARN foundry_evm_coverage::anchors: could not find anchor item=Statement (location: (source ID: 0, lines: 43..44, bytes: 1814..1833), hits: 0) err=Could not find anchor: No matching instruction in range source ID: 0, lines: 43..44, bytes: 1814..1833
2026-09-24T11:28:02.946186Z  WARN foundry_evm_coverage::anchors: could not find anchor item=Line (location: (source ID: 0, lines: 44..45, bytes: 1843..1924), hits: 0) err=Could not find anchor: No matching instruction in range source ID: 0, lines: 44..45, bytes: 1843..1924
2026-09-24T11:28:02.946191Z  WARN foundry_evm_coverage::anchors: could not find anchor item=Statement (location: (source ID: 0, lines: 44..45, bytes: 1843..1924), hits: 0) err=Could not find anchor: No matching instruction in range source ID: 0, lines: 44..45, bytes: 1843..1924
2026-09-24T11:28:02.946196Z  WARN foundry_evm_coverage::anchors: could not find anchor item=Line (location: (source ID: 0, lines: 45..46, bytes: 1934..1961), hits: 0) err=Could not find anchor: No matching instruction in range source ID: 0, lines: 45..46, bytes: 1934..1961
2026-09-24T11:28:02.946201Z  WARN foundry_evm_coverage::anchors: could not find anchor item=Statement (location: (source ID: 0, lines: 45..46, bytes: 1934..1961), hits: 0) err=Could not find anchor: No matching instruction in range source ID: 0, lines: 45..46, bytes: 1934..1961
2026-09-24T11:28:02.946206Z  WARN foundry_evm_coverage::anchors: could not find anchor item=Line (location: (source ID: 0, lines: 46..49, bytes: 1989..2082), hits: 0) err=Could not find anchor: No matching instruction in range source ID: 0, lines: 46..49, bytes: 1989..2082
2026-09-24T11:28:02.946211Z  WARN foundry_evm_coverage::anchors: could not find anchor item=Branch (branch: 4, path: 0) (location: (source ID: 0, lines: 46..49, bytes: 1989..2082), hits: 0) err=Could not find anchor: No matching instruction in range source ID: 0, lines: 46..49, bytes: 1989..2082
2026-09-24T11:28:02.946217Z  WARN foundry_evm_coverage::anchors: could not find anchor item=Branch (branch: 4, path: 1) (location: (source ID: 0, lines: 46..53, bytes: 1971..2304), hits: 0) err=Could not detect branches in source: source ID: 0, lines: 46..53, bytes: 1971..2304
2026-09-24T11:28:02.946222Z  WARN foundry_evm_coverage::anchors: could not find anchor item=Line (location: (source ID: 0, lines: 47..48, bytes: 2003..2071), hits: 0) err=Could not find anchor: No matching instruction in range source ID: 0, lines: 47..48, bytes: 2003..2071
2026-09-24T11:28:02.946227Z  WARN foundry_evm_coverage::anchors: could not find anchor item=Statement (location: (source ID: 0, lines: 47..48, bytes: 2003..2071), hits: 0) err=Could not find anchor: No matching instruction in range source ID: 0, lines: 47..48, bytes: 2003..2071
2026-09-24T11:28:02.946232Z  WARN foundry_evm_coverage::anchors: could not find anchor item=Line (location: (source ID: 0, lines: 49..50, bytes: 2102..2199), hits: 0) err=Could not find anchor: No matching instruction in range source ID: 0, lines: 49..50, bytes: 2102..2199
2026-09-24T11:28:02.946237Z  WARN foundry_evm_coverage::anchors: could not find anchor item=Statement (location: (source ID: 0, lines: 49..50, bytes: 2102..2199), hits: 0) err=Could not find anchor: No matching instruction in range source ID: 0, lines: 49..50, bytes: 2102..2199
2026-09-24T11:28:02.946242Z  WARN foundry_evm_coverage::anchors: could not find anchor item=Statement (location: (source ID: 0, lines: 49..50, bytes: 2129..2199), hits: 0) err=Could not find anchor: No matching instruction in range source ID: 0, lines: 49..50, bytes: 2129..2199
2026-09-24T11:28:02.946256Z  WARN foundry_evm_coverage::anchors: could not find anchor item=Line (location: (source ID: 0, lines: 50..51, bytes: 2213..2239), hits: 0) err=Could not find anchor: No matching instruction in range source ID: 0, lines: 50..51, bytes: 2213..2239
2026-09-24T11:28:02.946261Z  WARN foundry_evm_coverage::anchors: could not find anchor item=Statement (location: (source ID: 0, lines: 50..51, bytes: 2213..2239), hits: 0) err=Could not find anchor: No matching instruction in range source ID: 0, lines: 50..51, bytes: 2213..2239
2026-09-24T11:28:02.946266Z  WARN foundry_evm_coverage::anchors: could not find anchor item=Line (location: (source ID: 0, lines: 51..52, bytes: 2253..2293), hits: 0) err=Could not find anchor: No matching instruction in range source ID: 0, lines: 51..52, bytes: 2253..2293
2026-09-24T11:28:02.946271Z  WARN foundry_evm_coverage::anchors: could not find anchor item=Statement (location: (source ID: 0, lines: 51..52, bytes: 2253..2293), hits: 0) err=Could not find anchor: No matching instruction in range source ID: 0, lines: 51..52, bytes: 2253..2293
2026-09-24T11:28:02.946276Z  WARN foundry_evm_coverage::anchors: could not find anchor item=Line (location: (source ID: 0, lines: 53..54, bytes: 2313..2331), hits: 0) err=Could not find anchor: No matching instruction in range source ID: 0, lines: 53..54, bytes: 2313..2331
2026-09-24T11:28:02.946281Z  WARN foundry_evm_coverage::anchors: could not find anchor item=Statement (location: (source ID: 0, lines: 53..54, bytes: 2313..2331), hits: 0) err=Could not find anchor: No matching instruction in range source ID: 0, lines: 53..54, bytes: 2313..2331
2026-09-24T11:28:02.946286Z  WARN foundry_evm_coverage::anchors: could not find anchor item=Line (location: (source ID: 0, lines: 54..55, bytes: 2341..2426), hits: 0) err=Could not find anchor: No matching instruction in range source ID: 0, lines: 54..55, bytes: 2341..2426
2026-09-24T11:28:02.946290Z  WARN foundry_evm_coverage::anchors: could not find anchor item=Statement (location: (source ID: 0, lines: 54..55, bytes: 2341..2426), hits: 0) err=Could not find anchor: No matching instruction in range source ID: 0, lines: 54..55, bytes: 2341..2426
2026-09-24T11:28:02.946296Z  WARN foundry_evm_coverage::anchors: could not find anchor item=Branch (branch: 5, path: 0) (location: (source ID: 0, lines: 54..55, bytes: 2341..2426), hits: 0) err=Could not detect branches in source: source ID: 0, lines: 54..55, bytes: 2341..2426
2026-09-24T11:28:02.946301Z  WARN foundry_evm_coverage::anchors: could not find anchor item=Branch (branch: 5, path: 1) (location: (source ID: 0, lines: 54..55, bytes: 2341..2426), hits: 0) err=Could not detect branches in source: source ID: 0, lines: 54..55, bytes: 2341..2426
2026-09-24T11:28:02.946306Z  WARN foundry_evm_coverage::anchors: could not find anchor item=Line (location: (source ID: 0, lines: 55..56, bytes: 2436..2500), hits: 0) err=Could not find anchor: No matching instruction in range source ID: 0, lines: 55..56, bytes: 2436..2500
2026-09-24T11:28:02.946311Z  WARN foundry_evm_coverage::anchors: could not find anchor item=Statement (location: (source ID: 0, lines: 55..56, bytes: 2436..2500), hits: 0) err=Could not find anchor: No matching instruction in range source ID: 0, lines: 55..56, bytes: 2436..2500
2026-09-24T11:28:02.946316Z  WARN foundry_evm_coverage::anchors: could not find anchor item=Line (location: (source ID: 0, lines: 56..57, bytes: 2510..2574), hits: 0) err=Could not find anchor: No matching instruction in range source ID: 0, lines: 56..57, bytes: 2510..2574
2026-09-24T11:28:02.946321Z  WARN foundry_evm_coverage::anchors: could not find anchor item=Statement (location: (source ID: 0, lines: 56..57, bytes: 2510..2574), hits: 0) err=Could not find anchor: No matching instruction in range source ID: 0, lines: 56..57, bytes: 2510..2574
2026-09-24T11:28:02.946326Z  WARN foundry_evm_coverage::anchors: could not find anchor item=Line (location: (source ID: 0, lines: 57..58, bytes: 2584..2646), hits: 0) err=Could not find anchor: No matching instruction in range source ID: 0, lines: 57..58, bytes: 2584..2646
2026-09-24T11:28:02.946339Z  WARN foundry_evm_coverage::anchors: could not find anchor item=Statement (location: (source ID: 0, lines: 57..58, bytes: 2584..2646), hits: 0) err=Could not find anchor: No matching instruction in range source ID: 0, lines: 57..58, bytes: 2584..2646
2026-09-24T11:28:02.946344Z  WARN foundry_evm_coverage::anchors: could not find anchor item=Line (location: (source ID: 0, lines: 60..96, bytes: 2659..4683), hits: 0) err=Could not find anchor: No matching instruction in range source ID: 0, lines: 60..96, bytes: 2659..4683
2026-09-24T11:28:02.946349Z  WARN foundry_evm_coverage::anchors: could not find anchor item=Function "_read" (location: (source ID: 0, lines: 60..96, bytes: 2659..4683), hits: 0) err=Could not find anchor: No matching instruction in range source ID: 0, lines: 60..96, bytes: 2659..4683
2026-09-24T11:28:02.946354Z  WARN foundry_evm_coverage::anchors: could not find anchor item=Line (location: (source ID: 0, lines: 61..62, bytes: 2748..2816), hits: 0) err=Could not find anchor: No matching instruction in range source ID: 0, lines: 61..62, bytes: 2748..2816
2026-09-24T11:28:02.946359Z  WARN foundry_evm_coverage::anchors: could not find anchor item=Statement (location: (source ID: 0, lines: 61..62, bytes: 2748..2816), hits: 0) err=Could not find anchor: No matching instruction in range source ID: 0, lines: 61..62, bytes: 2748..2816
2026-09-24T11:28:02.946364Z  WARN foundry_evm_coverage::anchors: could not find anchor item=Branch (branch: 6, path: 0) (location: (source ID: 0, lines: 61..62, bytes: 2748..2816), hits: 0) err=Could not detect branches in source: source ID: 0, lines: 61..62, bytes: 2748..2816
2026-09-24T11:28:02.946369Z  WARN foundry_evm_coverage::anchors: could not find anchor item=Branch (branch: 6, path: 1) (location: (source ID: 0, lines: 61..62, bytes: 2748..2816), hits: 0) err=Could not detect branches in source: source ID: 0, lines: 61..62, bytes: 2748..2816
2026-09-24T11:28:02.946374Z  WARN foundry_evm_coverage::anchors: could not find anchor item=Line (location: (source ID: 0, lines: 62..66, bytes: 2826..2987), hits: 0) err=Could not find anchor: No matching instruction in range source ID: 0, lines: 62..66, bytes: 2826..2987
2026-09-24T11:28:02.946379Z  WARN foundry_evm_coverage::anchors: could not find anchor item=Statement (location: (source ID: 0, lines: 62..66, bytes: 2826..2987), hits: 0) err=Could not find anchor: No matching instruction in range source ID: 0, lines: 62..66, bytes: 2826..2987
2026-09-24T11:28:02.946384Z  WARN foundry_evm_coverage::anchors: could not find anchor item=Branch (branch: 7, path: 0) (location: (source ID: 0, lines: 62..66, bytes: 2826..2987), hits: 0) err=Could not detect branches in source: source ID: 0, lines: 62..66, bytes: 2826..2987
2026-09-24T11:28:02.946390Z  WARN foundry_evm_coverage::anchors: could not find anchor item=Branch (branch: 7, path: 1) (location: (source ID: 0, lines: 62..66, bytes: 2826..2987), hits: 0) err=Could not detect branches in source: source ID: 0, lines: 62..66, bytes: 2826..2987
2026-09-24T11:28:02.946395Z  WARN foundry_evm_coverage::anchors: could not find anchor item=Line (location: (source ID: 0, lines: 66..67, bytes: 2997..3049), hits: 0) err=Could not find anchor: No matching instruction in range source ID: 0, lines: 66..67, bytes: 2997..3049
2026-09-24T11:28:02.946400Z  WARN foundry_evm_coverage::anchors: could not find anchor item=Statement (location: (source ID: 0, lines: 66..67, bytes: 2997..3049), hits: 0) err=Could not find anchor: No matching instruction in range source ID: 0, lines: 66..67, bytes: 2997..3049
2026-09-24T11:28:02.946404Z  WARN foundry_evm_coverage::anchors: could not find anchor item=Line (location: (source ID: 0, lines: 67..68, bytes: 3059..3115), hits: 0) err=Could not find anchor: No matching instruction in range source ID: 0, lines: 67..68, bytes: 3059..3115
2026-09-24T11:28:02.946423Z  WARN foundry_evm_coverage::anchors: could not find anchor item=Statement (location: (source ID: 0, lines: 67..68, bytes: 3059..3115), hits: 0) err=Could not find anchor: No matching instruction in range source ID: 0, lines: 67..68, bytes: 3059..3115
2026-09-24T11:28:02.946428Z  WARN foundry_evm_coverage::anchors: could not find anchor item=Statement (location: (source ID: 0, lines: 67..68, bytes: 3075..3115), hits: 0) err=Could not find anchor: No matching instruction in range source ID: 0, lines: 67..68, bytes: 3075..3115
2026-09-24T11:28:02.946433Z  WARN foundry_evm_coverage::anchors: could not find anchor item=Line (location: (source ID: 0, lines: 68..69, bytes: 3125..3188), hits: 0) err=Could not find anchor: No matching instruction in range source ID: 0, lines: 68..69, bytes: 3125..3188
2026-09-24T11:28:02.946438Z  WARN foundry_evm_coverage::anchors: could not find anchor item=Statement (location: (source ID: 0, lines: 68..69, bytes: 3125..3188), hits: 0) err=Could not find anchor: No matching instruction in range source ID: 0, lines: 68..69, bytes: 3125..3188
2026-09-24T11:28:02.946442Z  WARN foundry_evm_coverage::anchors: could not find anchor item=Statement (location: (source ID: 0, lines: 68..69, bytes: 3142..3188), hits: 0) err=Could not find anchor: No matching instruction in range source ID: 0, lines: 68..69, bytes: 3142..3188
2026-09-24T11:28:02.946447Z  WARN foundry_evm_coverage::anchors: could not find anchor item=Line (location: (source ID: 0, lines: 69..70, bytes: 3198..3263), hits: 0) err=Could not find anchor: No matching instruction in range source ID: 0, lines: 69..70, bytes: 3198..3263
2026-09-24T11:28:02.946452Z  WARN foundry_evm_coverage::anchors: could not find anchor item=Statement (location: (source ID: 0, lines: 69..70, bytes: 3198..3263), hits: 0) err=Could not find anchor: No matching instruction in range source ID: 0, lines: 69..70, bytes: 3198..3263
2026-09-24T11:28:02.946457Z  WARN foundry_evm_coverage::anchors: could not find anchor item=Statement (location: (source ID: 0, lines: 69..70, bytes: 3217..3263), hits: 0) err=Could not find anchor: No matching instruction in range source ID: 0, lines: 69..70, bytes: 3217..3263
2026-09-24T11:28:02.946462Z  WARN foundry_evm_coverage::anchors: could not find anchor item=Line (location: (source ID: 0, lines: 70..71, bytes: 3273..3336), hits: 0) err=Could not find anchor: No matching instruction in range source ID: 0, lines: 70..71, bytes: 3273..3336
2026-09-24T11:28:02.946467Z  WARN foundry_evm_coverage::anchors: could not find anchor item=Statement (location: (source ID: 0, lines: 70..71, bytes: 3273..3336), hits: 0) err=Could not find anchor: No matching instruction in range source ID: 0, lines: 70..71, bytes: 3273..3336
2026-09-24T11:28:02.946472Z  WARN foundry_evm_coverage::anchors: could not find anchor item=Statement (location: (source ID: 0, lines: 70..71, bytes: 3291..3336), hits: 0) err=Could not find anchor: No matching instruction in range source ID: 0, lines: 70..71, bytes: 3291..3336
2026-09-24T11:28:02.946476Z  WARN foundry_evm_coverage::anchors: could not find anchor item=Line (location: (source ID: 0, lines: 71..75, bytes: 3346..3503), hits: 0) err=Could not find anchor: No matching instruction in range source ID: 0, lines: 71..75, bytes: 3346..3503
2026-09-24T11:28:02.946481Z  WARN foundry_evm_coverage::anchors: could not find anchor item=Statement (location: (source ID: 0, lines: 71..75, bytes: 3346..3503), hits: 0) err=Could not find anchor: No matching instruction in range source ID: 0, lines: 71..75, bytes: 3346..3503
2026-09-24T11:28:02.946486Z  WARN foundry_evm_coverage::anchors: could not find anchor item=Branch (branch: 8, path: 0) (location: (source ID: 0, lines: 71..75, bytes: 3346..3503), hits: 0) err=Could not detect branches in source: source ID: 0, lines: 71..75, bytes: 3346..3503
2026-09-24T11:28:02.946492Z  WARN foundry_evm_coverage::anchors: could not find anchor item=Branch (branch: 8, path: 1) (location: (source ID: 0, lines: 71..75, bytes: 3346..3503), hits: 0) err=Could not detect branches in source: source ID: 0, lines: 71..75, bytes: 3346..3503
2026-09-24T11:28:02.946507Z  WARN foundry_evm_coverage::anchors: could not find anchor item=Line (location: (source ID: 0, lines: 75..76, bytes: 3513..3550), hits: 0) err=Could not find anchor: No matching instruction in range source ID: 0, lines: 75..76, bytes: 3513..3550
2026-09-24T11:28:02.946512Z  WARN foundry_evm_coverage::anchors: could not find anchor item=Statement (location: (source ID: 0, lines: 75..76, bytes: 3513..3550), hits: 0) err=Could not find anchor: No matching instruction in range source ID: 0, lines: 75..76, bytes: 3513..3550
2026-09-24T11:28:02.946517Z  WARN foundry_evm_coverage::anchors: could not find anchor item=Line (location: (source ID: 0, lines: 76..77, bytes: 3560..3599), hits: 0) err=Could not find anchor: No matching instruction in range source ID: 0, lines: 76..77, bytes: 3560..3599
2026-09-24T11:28:02.946522Z  WARN foundry_evm_coverage::anchors: could not find anchor item=Statement (location: (source ID: 0, lines: 76..77, bytes: 3560..3599), hits: 0) err=Could not find anchor: No matching instruction in range source ID: 0, lines: 76..77, bytes: 3560..3599
2026-09-24T11:28:02.946527Z  WARN foundry_evm_coverage::anchors: could not find anchor item=Line (location: (source ID: 0, lines: 77..78, bytes: 3609..3671), hits: 0) err=Could not find anchor: No matching instruction in range source ID: 0, lines: 77..78, bytes: 3609..3671
2026-09-24T11:28:02.946532Z  WARN foundry_evm_coverage::anchors: could not find anchor item=Statement (location: (source ID: 0, lines: 77..78, bytes: 3609..3671), hits: 0) err=Could not find anchor: No matching instruction in range source ID: 0, lines: 77..78, bytes: 3609..3671
2026-09-24T11:28:02.946537Z  WARN foundry_evm_coverage::anchors: could not find anchor item=Line (location: (source ID: 0, lines: 78..79, bytes: 3681..3750), hits: 0) err=Could not find anchor: No matching instruction in range source ID: 0, lines: 78..79, bytes: 3681..3750
2026-09-24T11:28:02.946541Z  WARN foundry_evm_coverage::anchors: could not find anchor item=Statement (location: (source ID: 0, lines: 78..79, bytes: 3681..3750), hits: 0) err=Could not find anchor: No matching instruction in range source ID: 0, lines: 78..79, bytes: 3681..3750
2026-09-24T11:28:02.946546Z  WARN foundry_evm_coverage::anchors: could not find anchor item=Line (location: (source ID: 0, lines: 79..80, bytes: 3760..3808), hits: 0) err=Could not find anchor: No matching instruction in range source ID: 0, lines: 79..80, bytes: 3760..3808
2026-09-24T11:28:02.946551Z  WARN foundry_evm_coverage::anchors: could not find anchor item=Statement (location: (source ID: 0, lines: 79..80, bytes: 3760..3808), hits: 0) err=Could not find anchor: No matching instruction in range source ID: 0, lines: 79..80, bytes: 3760..3808
2026-09-24T11:28:02.946556Z  WARN foundry_evm_coverage::anchors: could not find anchor item=Line (location: (source ID: 0, lines: 80..81, bytes: 3818..3864), hits: 0) err=Could not find anchor: No matching instruction in range source ID: 0, lines: 80..81, bytes: 3818..3864
2026-09-24T11:28:02.946561Z  WARN foundry_evm_coverage::anchors: could not find anchor item=Statement (location: (source ID: 0, lines: 80..81, bytes: 3818..3864), hits: 0) err=Could not find anchor: No matching instruction in range source ID: 0, lines: 80..81, bytes: 3818..3864
2026-09-24T11:28:02.946565Z  WARN foundry_evm_coverage::anchors: could not find anchor item=Line (location: (source ID: 0, lines: 81..82, bytes: 3874..3934), hits: 0) err=Could not find anchor: No matching instruction in range source ID: 0, lines: 81..82, bytes: 3874..3934
2026-09-24T11:28:02.946570Z  WARN foundry_evm_coverage::anchors: could not find anchor item=Statement (location: (source ID: 0, lines: 81..82, bytes: 3874..3934), hits: 0) err=Could not find anchor: No matching instruction in range source ID: 0, lines: 81..82, bytes: 3874..3934
2026-09-24T11:28:02.946575Z  WARN foundry_evm_coverage::anchors: could not find anchor item=Line (location: (source ID: 0, lines: 82..83, bytes: 3944..4010), hits: 0) err=Could not find anchor: No matching instruction in range source ID: 0, lines: 82..83, bytes: 3944..4010
2026-09-24T11:28:02.946590Z  WARN foundry_evm_coverage::anchors: could not find anchor item=Statement (location: (source ID: 0, lines: 82..83, bytes: 3944..4010), hits: 0) err=Could not find anchor: No matching instruction in range source ID: 0, lines: 82..83, bytes: 3944..4010
2026-09-24T11:28:02.946595Z  WARN foundry_evm_coverage::anchors: could not find anchor item=Line (location: (source ID: 0, lines: 83..87, bytes: 4020..4173), hits: 0) err=Could not find anchor: No matching instruction in range source ID: 0, lines: 83..87, bytes: 4020..4173
2026-09-24T11:28:02.946600Z  WARN foundry_evm_coverage::anchors: could not find anchor item=Statement (location: (source ID: 0, lines: 83..87, bytes: 4020..4173), hits: 0) err=Could not find anchor: No matching instruction in range source ID: 0, lines: 83..87, bytes: 4020..4173
2026-09-24T11:28:02.946605Z  WARN foundry_evm_coverage::anchors: could not find anchor item=Branch (branch: 9, path: 0) (location: (source ID: 0, lines: 83..87, bytes: 4020..4173), hits: 0) err=Could not detect branches in source: source ID: 0, lines: 83..87, bytes: 4020..4173
2026-09-24T11:28:02.946611Z  WARN foundry_evm_coverage::anchors: could not find anchor item=Branch (branch: 9, path: 1) (location: (source ID: 0, lines: 83..87, bytes: 4020..4173), hits: 0) err=Could not detect branches in source: source ID: 0, lines: 83..87, bytes: 4020..4173
2026-09-24T11:28:02.946616Z  WARN foundry_evm_coverage::anchors: could not find anchor item=Line (location: (source ID: 0, lines: 87..88, bytes: 4183..4246), hits: 0) err=Could not find anchor: No matching instruction in range source ID: 0, lines: 87..88, bytes: 4183..4246
2026-09-24T11:28:02.946621Z  WARN foundry_evm_coverage::anchors: could not find anchor item=Statement (location: (source ID: 0, lines: 87..88, bytes: 4183..4246), hits: 0) err=Could not find anchor: No matching instruction in range source ID: 0, lines: 87..88, bytes: 4183..4246
2026-09-24T11:28:02.946625Z  WARN foundry_evm_coverage::anchors: could not find anchor item=Line (location: (source ID: 0, lines: 88..89, bytes: 4256..4307), hits: 0) err=Could not find anchor: No matching instruction in range source ID: 0, lines: 88..89, bytes: 4256..4307
2026-09-24T11:28:02.946630Z  WARN foundry_evm_coverage::anchors: could not find anchor item=Statement (location: (source ID: 0, lines: 88..89, bytes: 4256..4307), hits: 0) err=Could not find anchor: No matching instruction in range source ID: 0, lines: 88..89, bytes: 4256..4307
2026-09-24T11:28:02.946635Z  WARN foundry_evm_coverage::anchors: could not find anchor item=Line (location: (source ID: 0, lines: 89..90, bytes: 4317..4368), hits: 0) err=Could not find anchor: No matching instruction in range source ID: 0, lines: 89..90, bytes: 4317..4368
2026-09-24T11:28:02.946640Z  WARN foundry_evm_coverage::anchors: could not find anchor item=Statement (location: (source ID: 0, lines: 89..90, bytes: 4317..4368), hits: 0) err=Could not find anchor: No matching instruction in range source ID: 0, lines: 89..90, bytes: 4317..4368
2026-09-24T11:28:02.946645Z  WARN foundry_evm_coverage::anchors: could not find anchor item=Line (location: (source ID: 0, lines: 90..91, bytes: 4378..4437), hits: 0) err=Could not find anchor: No matching instruction in range source ID: 0, lines: 90..91, bytes: 4378..4437
2026-09-24T11:28:02.946650Z  WARN foundry_evm_coverage::anchors: could not find anchor item=Statement (location: (source ID: 0, lines: 90..91, bytes: 4378..4437), hits: 0) err=Could not find anchor: No matching instruction in range source ID: 0, lines: 90..91, bytes: 4378..4437
2026-09-24T11:28:02.946655Z  WARN foundry_evm_coverage::anchors: could not find anchor item=Line (location: (source ID: 0, lines: 91..92, bytes: 4447..4506), hits: 0) err=Could not find anchor: No matching instruction in range source ID: 0, lines: 91..92, bytes: 4447..4506
2026-09-24T11:28:02.946659Z  WARN foundry_evm_coverage::anchors: could not find anchor item=Statement (location: (source ID: 0, lines: 91..92, bytes: 4447..4506), hits: 0) err=Could not find anchor: No matching instruction in range source ID: 0, lines: 91..92, bytes: 4447..4506
2026-09-24T11:28:02.946673Z  WARN foundry_evm_coverage::anchors: could not find anchor item=Line (location: (source ID: 0, lines: 92..93, bytes: 4516..4568), hits: 0) err=Could not find anchor: No matching instruction in range source ID: 0, lines: 92..93, bytes: 4516..4568
2026-09-24T11:28:02.946678Z  WARN foundry_evm_coverage::anchors: could not find anchor item=Statement (location: (source ID: 0, lines: 92..93, bytes: 4516..4568), hits: 0) err=Could not find anchor: No matching instruction in range source ID: 0, lines: 92..93, bytes: 4516..4568
2026-09-24T11:28:02.946683Z  WARN foundry_evm_coverage::anchors: could not find anchor item=Line (location: (source ID: 0, lines: 93..94, bytes: 4578..4620), hits: 0) err=Could not find anchor: No matching instruction in range source ID: 0, lines: 93..94, bytes: 4578..4620
2026-09-24T11:28:02.946688Z  WARN foundry_evm_coverage::anchors: could not find anchor item=Statement (location: (source ID: 0, lines: 93..94, bytes: 4578..4620), hits: 0) err=Could not find anchor: No matching instruction in range source ID: 0, lines: 93..94, bytes: 4578..4620
2026-09-24T11:28:02.946693Z  WARN foundry_evm_coverage::anchors: could not find anchor item=Line (location: (source ID: 0, lines: 94..95, bytes: 4630..4676), hits: 0) err=Could not find anchor: No matching instruction in range source ID: 0, lines: 94..95, bytes: 4630..4676
2026-09-24T11:28:02.946697Z  WARN foundry_evm_coverage::anchors: could not find anchor item=Statement (location: (source ID: 0, lines: 94..95, bytes: 4630..4676), hits: 0) err=Could not find anchor: No matching instruction in range source ID: 0, lines: 94..95, bytes: 4630..4676
2026-09-24T11:28:02.946135Z  WARN foundry_evm_coverage::anchors: could not find anchor item=Line (location: (source ID: 3, lines: 37..38, bytes: 1416..1452), hits: 0) err=Could not find anchor: No matching instruction in range source ID: 3, lines: 37..38, bytes: 1416..1452
2026-09-24T11:28:02.946142Z  WARN foundry_evm_coverage::anchors: could not find anchor item=Line (location: (source ID: 11, lines: 57..58, bytes: 2251..2320), hits: 0) err=Could not find anchor: No matching instruction in range source ID: 11, lines: 57..58, bytes: 2251..2320
2026-09-24T11:28:02.946718Z  WARN foundry_evm_coverage::anchors: could not find anchor item=Statement (location: (source ID: 11, lines: 57..58, bytes: 2251..2320), hits: 0) err=Could not find anchor: No matching instruction in range source ID: 11, lines: 57..58, bytes: 2251..2320
2026-09-24T11:28:02.946724Z  WARN foundry_evm_coverage::anchors: could not find anchor item=Statement (location: (source ID: 11, lines: 57..58, bytes: 2274..2320), hits: 0) err=Could not find anchor: No matching instruction in range source ID: 11, lines: 57..58, bytes: 2274..2320
2026-09-24T11:28:02.946730Z  WARN foundry_evm_coverage::anchors: could not find anchor item=Line (location: (source ID: 11, lines: 58..59, bytes: 2330..2361), hits: 0) err=Could not find anchor: No matching instruction in range source ID: 11, lines: 58..59, bytes: 2330..2361
2026-09-24T11:28:02.946735Z  WARN foundry_evm_coverage::anchors: could not find anchor item=Statement (location: (source ID: 11, lines: 58..59, bytes: 2330..2361), hits: 0) err=Could not find anchor: No matching instruction in range source ID: 11, lines: 58..59, bytes: 2330..2361
2026-09-24T11:28:02.946116Z  WARN foundry_evm_coverage::anchors: could not find anchor item=Branch (branch: 2, path: 0) (location: (source ID: 6, lines: 67..71, bytes: 2604..2685), hits: 0) err=Could not find anchor: No matching instruction in range source ID: 6, lines: 67..71, bytes: 2604..2685
2026-09-24T11:28:02.946125Z  WARN foundry_evm_coverage::anchors: could not find anchor item=Function "_net" (location: (source ID: 14, lines: 68..71, bytes: 2657..2764), hits: 0) err=Could not find anchor: No matching instruction in range source ID: 14, lines: 68..71, bytes: 2657..2764
2026-09-24T11:28:02.945937Z  WARN foundry_evm_coverage::anchors: could not find anchor item=Line (location: (source ID: 23, lines: 51..52, bytes: 1756..1790), hits: 0) err=Could not find anchor: No matching instruction in range source ID: 23, lines: 51..52, bytes: 1756..1790
2026-09-24T11:28:02.946770Z  WARN foundry_evm_coverage::anchors: could not find anchor item=Line (location: (source ID: 14, lines: 69..70, bytes: 2729..2757), hits: 0) err=Could not find anchor: No matching instruction in range source ID: 14, lines: 69..70, bytes: 2729..2757
2026-09-24T11:28:02.946784Z  WARN foundry_evm_coverage::anchors: could not find anchor item=Statement (location: (source ID: 14, lines: 69..70, bytes: 2729..2757), hits: 0) err=Could not find anchor: No matching instruction in range source ID: 14, lines: 69..70, bytes: 2729..2757
2026-09-24T11:28:02.946021Z  WARN foundry_evm_coverage::anchors: could not find anchor item=Statement (location: (source ID: 14, lines: 88..89, bytes: 3459..3503), hits: 0) err=Could not find anchor: No matching instruction in range source ID: 14, lines: 88..89, bytes: 3459..3503
2026-09-24T11:28:02.945732Z  WARN foundry_evm_coverage::anchors: could not find anchor item=Statement (location: (source ID: 14, lines: 94..95, bytes: 3690..3726), hits: 0) err=Could not find anchor: No matching instruction in range source ID: 14, lines: 94..95, bytes: 3690..3726
2026-09-24T11:28:02.945977Z  WARN foundry_evm_coverage::anchors: could not find anchor item=Statement (location: (source ID: 11, lines: 43..44, bytes: 1673..1687), hits: 0) err=Could not find anchor: No matching instruction in range source ID: 11, lines: 43..44, bytes: 1673..1687
2026-09-24T11:28:02.946872Z  WARN foundry_evm_coverage::anchors: could not find anchor item=Statement (location: (source ID: 14, lines: 94..95, bytes: 3703..3726), hits: 0) err=Could not find anchor: No matching instruction in range source ID: 14, lines: 94..95, bytes: 3703..3726
2026-09-24T11:28:02.946878Z  WARN foundry_evm_coverage::anchors: could not find anchor item=Line (location: (source ID: 11, lines: 44..45, bytes: 1697..1729), hits: 0) err=Could not find anchor: No matching instruction in range source ID: 11, lines: 44..45, bytes: 1697..1729
2026-09-24T11:28:02.946748Z  WARN foundry_evm_coverage::anchors: could not find anchor item=Line (location: (source ID: 6, lines: 68..69, bytes: 2618..2648), hits: 0) err=Could not find anchor: No matching instruction in range source ID: 6, lines: 68..69, bytes: 2618..2648
2026-09-24T11:28:02.946912Z  WARN foundry_evm_coverage::anchors: could not find anchor item=Statement (location: (source ID: 6, lines: 68..69, bytes: 2618..2648), hits: 0) err=Could not find anchor: No matching instruction in range source ID: 6, lines: 68..69, bytes: 2618..2648
2026-09-24T11:28:02.946796Z  WARN foundry_evm_coverage::anchors: could not find anchor item=Statement (location: (source ID: 14, lines: 69..70, bytes: 2736..2757), hits: 0) err=Could not find anchor: No matching instruction in range source ID: 14, lines: 69..70, bytes: 2736..2757
2026-09-24T11:28:02.946711Z  WARN foundry_evm_coverage::anchors: could not find anchor item=Statement (location: (source ID: 3, lines: 37..38, bytes: 1416..1452), hits: 0) err=Could not find anchor: No matching instruction in range source ID: 3, lines: 37..38, bytes: 1416..1452
2026-09-24T11:28:02.946938Z  WARN foundry_evm_coverage::anchors: could not find anchor item=Statement (location: (source ID: 3, lines: 37..38, bytes: 1454..1477), hits: 0) err=Could not find anchor: No matching instruction in range source ID: 3, lines: 37..38, bytes: 1454..1477
2026-09-24T11:28:02.946741Z  WARN foundry_evm_coverage::anchors: could not find anchor item=Line (location: (source ID: 11, lines: 60..61, bytes: 2459..2485), hits: 0) err=Could not find anchor: No matching instruction in range source ID: 11, lines: 60..61, bytes: 2459..2485
2026-09-24T11:28:02.946952Z  WARN foundry_evm_coverage::anchors: could not find anchor item=Line (location: (source ID: 14, lines: 93..98, bytes: 3619..3835), hits: 0) err=Could not find anchor: No matching instruction in range source ID: 14, lines: 93..98, bytes: 3619..3835
2026-09-24T11:28:02.946773Z  WARN foundry_evm_coverage::anchors: could not find anchor item=Statement (location: (source ID: 23, lines: 51..52, bytes: 1756..1790), hits: 0) err=Could not find anchor: No matching instruction in range source ID: 23, lines: 51..52, bytes: 1756..1790
2026-09-24T11:28:02.946978Z  WARN foundry_evm_coverage::anchors: could not find anchor item=Line (location: (source ID: 23, lines: 54..57, bytes: 1803..1906), hits: 0) err=Could not find anchor: No matching instruction in range source ID: 23, lines: 54..57, bytes: 1803..1906
2026-09-24T11:28:02.946984Z  WARN foundry_evm_coverage::anchors: could not find anchor item=Function "attest" (location: (source ID: 23, lines: 54..57, bytes: 1803..1906), hits: 0) err=Could not find anchor: No matching instruction in range source ID: 23, lines: 54..57, bytes: 1803..1906
2026-09-24T11:28:02.946986Z  WARN foundry_evm_coverage::anchors: could not find anchor item=Function "_metadata" (location: (source ID: 14, lines: 93..98, bytes: 3619..3835), hits: 0) err=Could not find anchor: No matching instruction in range source ID: 14, lines: 93..98, bytes: 3619..3835
2026-09-24T11:28:02.946934Z  WARN foundry_evm_coverage::anchors: could not find anchor item=Statement (location: (source ID: 14, lines: 69..70, bytes: 2745..2757), hits: 0) err=Could not find anchor: No matching instruction in range source ID: 14, lines: 69..70, bytes: 2745..2757
2026-09-24T11:28:02.946860Z  WARN foundry_evm_coverage::anchors: could not find anchor item=Line (location: (source ID: 14, lines: 89..90, bytes: 3513..3570), hits: 0) err=Could not find anchor: No matching instruction in range source ID: 14, lines: 89..90, bytes: 3513..3570
2026-09-24T11:28:02.947005Z  WARN foundry_evm_coverage::anchors: could not find anchor item=Line (location: (source ID: 14, lines: 72..79, bytes: 2770..3104), hits: 0) err=Could not find anchor: No matching instruction in range source ID: 14, lines: 72..79, bytes: 2770..3104
2026-09-24T11:28:02.946944Z  WARN foundry_evm_coverage::anchors: could not find anchor item=Branch (branch: 2, path: 0) (location: (source ID: 3, lines: 37..38, bytes: 1454..1477), hits: 0) err=Could not find anchor: No matching instruction in range source ID: 3, lines: 37..38, bytes: 1454..1477
2026-09-24T11:28:02.946888Z  WARN foundry_evm_coverage::anchors: could not find anchor item=Line (location: (source ID: 14, lines: 95..96, bytes: 3736..3787), hits: 0) err=Could not find anchor: No matching instruction in range source ID: 14, lines: 95..96, bytes: 3736..3787
2026-09-24T11:28:02.946893Z  WARN foundry_evm_coverage::anchors: could not find anchor item=Statement (location: (source ID: 11, lines: 44..45, bytes: 1697..1729), hits: 0) err=Could not find anchor: No matching instruction in range source ID: 11, lines: 44..45, bytes: 1697..1729
2026-09-24T11:28:02.945892Z  WARN foundry_evm_coverage::anchors: could not find anchor item=Line (location: (source ID: 4, lines: 52..53, bytes: 2421..2452), hits: 0) err=Could not find anchor: No matching instruction in range source ID: 4, lines: 52..53, bytes: 2421..2452
2026-09-24T11:28:02.947062Z  WARN foundry_evm_coverage::anchors: could not find anchor item=Line (location: (source ID: 11, lines: 45..46, bytes: 1739..1763), hits: 0) err=Could not find anchor: No matching instruction in range source ID: 11, lines: 45..46, bytes: 1739..1763
2026-09-24T11:28:02.946923Z  WARN foundry_evm_coverage::anchors: could not find anchor item=Line (location: (source ID: 6, lines: 69..70, bytes: 2662..2674), hits: 0) err=Could not find anchor: No matching instruction in range source ID: 6, lines: 69..70, bytes: 2662..2674
2026-09-24T11:28:02.947076Z  WARN foundry_evm_coverage::anchors: could not find anchor item=Statement (location: (source ID: 11, lines: 45..46, bytes: 1739..1763), hits: 0) err=Could not find anchor: No matching instruction in range source ID: 11, lines: 45..46, bytes: 1739..1763
2026-09-24T11:28:02.946952Z  WARN foundry_evm_coverage::anchors: could not find anchor item=Statement (location: (source ID: 11, lines: 60..61, bytes: 2459..2485), hits: 0) err=Could not find anchor: No matching instruction in range source ID: 11, lines: 60..61, bytes: 2459..2485
2026-09-24T11:28:02.947101Z  WARN foundry_evm_coverage::anchors: could not find anchor item=Statement (location: (source ID: 11, lines: 60..61, bytes: 2473..2485), hits: 0) err=Could not find anchor: No matching instruction in range source ID: 11, lines: 60..61, bytes: 2473..2485
2026-09-24T11:28:02.947107Z  WARN foundry_evm_coverage::anchors: could not find anchor item=Line (location: (source ID: 11, lines: 61..62, bytes: 2495..2521), hits: 0) err=Could not find anchor: No matching instruction in range source ID: 11, lines: 61..62, bytes: 2495..2521
2026-09-24T11:28:02.947113Z  WARN foundry_evm_coverage::anchors: could not find anchor item=Statement (location: (source ID: 11, lines: 61..62, bytes: 2495..2521), hits: 0) err=Could not find anchor: No matching instruction in range source ID: 11, lines: 61..62, bytes: 2495..2521
2026-09-24T11:28:02.947058Z  WARN foundry_evm_coverage::anchors: could not find anchor item=Statement (location: (source ID: 14, lines: 95..96, bytes: 3736..3787), hits: 0) err=Could not find anchor: No matching instruction in range source ID: 14, lines: 95..96, bytes: 3736..3787
2026-09-24T11:28:02.946989Z  WARN foundry_evm_coverage::anchors: could not find anchor item=Line (location: (source ID: 23, lines: 55..56, bytes: 1862..1899), hits: 0) err=Could not find anchor: No matching instruction in range source ID: 23, lines: 55..56, bytes: 1862..1899
2026-09-24T11:28:02.947132Z  WARN foundry_evm_coverage::anchors: could not find anchor item=Statement (location: (source ID: 23, lines: 55..56, bytes: 1862..1899), hits: 0) err=Could not find anchor: No matching instruction in range source ID: 23, lines: 55..56, bytes: 1862..1899
2026-09-24T11:28:02.947137Z  WARN foundry_evm_coverage::anchors: could not find anchor item=Line (location: (source ID: 23, lines: 58..69, bytes: 1912..2272), hits: 0) err=Could not find anchor: No matching instruction in range source ID: 23, lines: 58..69, bytes: 1912..2272
2026-09-24T11:28:02.947142Z  WARN foundry_evm_coverage::anchors: could not find anchor item=Function "parseAndVerifyVM" (location: (source ID: 23, lines: 58..69, bytes: 1912..2272), hits: 0) err=Could not find anchor: No matching instruction in range source ID: 23, lines: 58..69, bytes: 1912..2272
2026-09-24T11:28:02.947147Z  WARN foundry_evm_coverage::anchors: could not find anchor item=Line (location: (source ID: 23, lines: 64..65, bytes: 2090..2128), hits: 0) err=Could not find anchor: No matching instruction in range source ID: 23, lines: 64..65, bytes: 2090..2128
2026-09-24T11:28:02.947152Z  WARN foundry_evm_coverage::anchors: could not find anchor item=Statement (location: (source ID: 23, lines: 64..65, bytes: 2090..2128), hits: 0) err=Could not find anchor: No matching instruction in range source ID: 23, lines: 64..65, bytes: 2090..2128
2026-09-24T11:28:02.947157Z  WARN foundry_evm_coverage::anchors: could not find anchor item=Line (location: (source ID: 23, lines: 65..66, bytes: 2142..2148), hits: 0) err=Could not find anchor: No matching instruction in range source ID: 23, lines: 65..66, bytes: 2142..2148
2026-09-24T11:28:02.947162Z  WARN foundry_evm_coverage::anchors: could not find anchor item=Statement (location: (source ID: 23, lines: 65..66, bytes: 2142..2148), hits: 0) err=Could not find anchor: No matching instruction in range source ID: 23, lines: 65..66, bytes: 2142..2148
2026-09-24T11:28:02.947167Z  WARN foundry_evm_coverage::anchors: could not find anchor item=Statement (location: (source ID: 23, lines: 65..66, bytes: 2150..2192), hits: 0) err=Could not find anchor: No matching instruction in range source ID: 23, lines: 65..66, bytes: 2150..2192
2026-09-24T11:28:02.947172Z  WARN foundry_evm_coverage::anchors: could not find anchor item=Branch (branch: 2, path: 0) (location: (source ID: 23, lines: 65..66, bytes: 2150..2192), hits: 0) err=Could not find anchor: No matching instruction in range source ID: 23, lines: 65..66, bytes: 2150..2192
2026-09-24T11:28:02.947194Z  WARN foundry_evm_coverage::anchors: could not find anchor item=Line (location: (source ID: 23, lines: 66..67, bytes: 2202..2234), hits: 0) err=Could not find anchor: No matching instruction in range source ID: 23, lines: 66..67, bytes: 2202..2234
2026-09-24T11:28:02.947199Z  WARN foundry_evm_coverage::anchors: could not find anchor item=Statement (location: (source ID: 23, lines: 66..67, bytes: 2202..2234), hits: 0) err=Could not find anchor: No matching instruction in range source ID: 23, lines: 66..67, bytes: 2202..2234
2026-09-24T11:28:02.947204Z  WARN foundry_evm_coverage::anchors: could not find anchor item=Line (location: (source ID: 23, lines: 67..68, bytes: 2244..2265), hits: 0) err=Could not find anchor: No matching instruction in range source ID: 23, lines: 67..68, bytes: 2244..2265
2026-09-24T11:28:02.947209Z  WARN foundry_evm_coverage::anchors: could not find anchor item=Statement (location: (source ID: 23, lines: 67..68, bytes: 2244..2265), hits: 0) err=Could not find anchor: No matching instruction in range source ID: 23, lines: 67..68, bytes: 2244..2265
2026-09-24T11:28:02.947016Z  WARN foundry_evm_coverage::anchors: could not find anchor item=Statement (location: (source ID: 14, lines: 89..90, bytes: 3513..3570), hits: 0) err=Could not find anchor: No matching instruction in range source ID: 14, lines: 89..90, bytes: 3513..3570
2026-09-24T11:28:02.947016Z  WARN foundry_evm_coverage::anchors: could not find anchor item=Function "_deposit" (location: (source ID: 14, lines: 72..79, bytes: 2770..3104), hits: 0) err=Could not find anchor: No matching instruction in range source ID: 14, lines: 72..79, bytes: 2770..3104
2026-09-24T11:28:02.947039Z  WARN foundry_evm_coverage::anchors: could not find anchor item=Line (location: (source ID: 3, lines: 38..39, bytes: 1487..1533), hits: 0) err=Could not find anchor: No matching instruction in range source ID: 3, lines: 38..39, bytes: 1487..1533
2026-09-24T11:28:02.947119Z  WARN foundry_evm_coverage::anchors: could not find anchor item=Statement (location: (source ID: 11, lines: 61..62, bytes: 2509..2521), hits: 0) err=Could not find anchor: No matching instruction in range source ID: 11, lines: 61..62, bytes: 2509..2521
2026-09-24T11:28:02.947244Z  WARN foundry_evm_coverage::anchors: could not find anchor item=Line (location: (source ID: 11, lines: 62..63, bytes: 2531..2555), hits: 0) err=Could not find anchor: No matching instruction in range source ID: 11, lines: 62..63, bytes: 2531..2555
2026-09-24T11:28:02.947249Z  WARN foundry_evm_coverage::anchors: could not find anchor item=Statement (location: (source ID: 11, lines: 62..63, bytes: 2531..2555), hits: 0) err=Could not find anchor: No matching instruction in range source ID: 11, lines: 62..63, bytes: 2531..2555
2026-09-24T11:28:02.947008Z  WARN foundry_evm_coverage::anchors: could not find anchor item=Line (location: (source ID: 14, lines: 94..95, bytes: 3690..3726), hits: 0) err=Could not find anchor: No matching instruction in range source ID: 14, lines: 94..95, bytes: 3690..3726
2026-09-24T11:28:02.947076Z  WARN foundry_evm_coverage::anchors: could not find anchor item=Statement (location: (source ID: 6, lines: 69..70, bytes: 2662..2674), hits: 0) err=Could not find anchor: No matching instruction in range source ID: 6, lines: 69..70, bytes: 2662..2674
2026-09-24T11:28:02.947089Z  WARN foundry_evm_coverage::anchors: could not find anchor item=Line (location: (source ID: 11, lines: 46..47, bytes: 1773..1807), hits: 0) err=Could not find anchor: No matching instruction in range source ID: 11, lines: 46..47, bytes: 1773..1807
2026-09-24T11:28:02.947218Z  WARN foundry_evm_coverage::anchors: could not find anchor item=Line (location: (source ID: 23, lines: 16..20, bytes: 615..715), hits: 0) err=Could not find anchor: No matching instruction in range source ID: 23, lines: 16..20, bytes: 615..715
2026-09-24T11:28:02.947282Z  WARN foundry_evm_coverage::anchors: could not find anchor item=Statement (location: (source ID: 11, lines: 46..47, bytes: 1773..1807), hits: 0) err=Could not find anchor: No matching instruction in range source ID: 11, lines: 46..47, bytes: 1773..1807
2026-09-24T11:28:02.947233Z  WARN foundry_evm_coverage::anchors: could not find anchor item=Line (location: (source ID: 14, lines: 73..74, bytes: 2872..2904), hits: 0) err=Could not find anchor: No matching instruction in range source ID: 14, lines: 73..74, bytes: 2872..2904
2026-09-24T11:28:02.947306Z  WARN foundry_evm_coverage::anchors: could not find anchor item=Line (location: (source ID: 11, lines: 47..48, bytes: 1817..1865), hits: 0) err=Could not find anchor: No matching instruction in range source ID: 11, lines: 47..48, bytes: 1817..1865
2026-09-24T11:28:02.947311Z  WARN foundry_evm_coverage::anchors: could not find anchor item=Statement (location: (source ID: 14, lines: 73..74, bytes: 2872..2904), hits: 0) err=Could not find anchor: No matching instruction in range source ID: 14, lines: 73..74, bytes: 2872..2904
2026-09-24T11:28:02.947134Z  WARN foundry_evm_coverage::anchors: could not find anchor item=Line (location: (source ID: 14, lines: 96..97, bytes: 3797..3828), hits: 0) err=Could not find anchor: No matching instruction in range source ID: 14, lines: 96..97, bytes: 3797..3828
2026-09-24T11:28:02.947322Z  WARN foundry_evm_coverage::anchors: could not find anchor item=Statement (location: (source ID: 14, lines: 73..74, bytes: 2886..2904), hits: 0) err=Could not find anchor: No matching instruction in range source ID: 14, lines: 73..74, bytes: 2886..2904
2026-09-24T11:28:02.947268Z  WARN foundry_evm_coverage::anchors: could not find anchor item=Line (location: (source ID: 6, lines: 72..73, bytes: 2711..2723), hits: 0) err=Could not find anchor: No matching instruction in range source ID: 6, lines: 72..73, bytes: 2711..2723
2026-09-24T11:28:02.947276Z  WARN foundry_evm_coverage::anchors: could not find anchor item=Statement (location: (source ID: 14, lines: 94..95, bytes: 3690..3726), hits: 0) err=Could not find anchor: No matching instruction in range source ID: 14, lines: 94..95, bytes: 3690..3726
2026-09-24T11:28:02.947230Z  WARN foundry_evm_coverage::anchors: could not find anchor item=Line (location: (source ID: 14, lines: 90..91, bytes: 3580..3606), hits: 0) err=Could not find anchor: No matching instruction in range source ID: 14, lines: 90..91, bytes: 3580..3606
2026-09-24T11:28:02.947285Z  WARN foundry_evm_coverage::anchors: could not find anchor item=Function "constructor" (location: (source ID: 23, lines: 16..20, bytes: 615..715), hits: 0) err=Could not find anchor: No matching instruction in range source ID: 23, lines: 16..20, bytes: 615..715
2026-09-24T11:28:02.947358Z  WARN foundry_evm_coverage::anchors: could not find anchor item=Statement (location: (source ID: 14, lines: 94..95, bytes: 3703..3726), hits: 0) err=Could not find anchor: No matching instruction in range source ID: 14, lines: 94..95, bytes: 3703..3726
2026-09-24T11:28:02.947064Z  WARN foundry_evm_coverage::anchors: could not find anchor item=Statement (location: (source ID: 4, lines: 52..53, bytes: 2421..2452), hits: 0) err=Could not find anchor: No matching instruction in range source ID: 4, lines: 52..53, bytes: 2421..2452
2026-09-24T11:28:02.947237Z  WARN foundry_evm_coverage::anchors: could not find anchor item=Statement (location: (source ID: 3, lines: 38..39, bytes: 1487..1533), hits: 0) err=Could not find anchor: No matching instruction in range source ID: 3, lines: 38..39, bytes: 1487..1533
2026-09-24T11:28:02.947378Z  WARN foundry_evm_coverage::anchors: could not find anchor item=Line (location: (source ID: 14, lines: 95..96, bytes: 3736..3787), hits: 0) err=Could not find anchor: No matching instruction in range source ID: 14, lines: 95..96, bytes: 3736..3787
2026-09-24T11:28:02.947319Z  WARN foundry_evm_coverage::anchors: could not find anchor item=Statement (location: (source ID: 11, lines: 47..48, bytes: 1817..1865), hits: 0) err=Could not find anchor: No matching instruction in range source ID: 11, lines: 47..48, bytes: 1817..1865
2026-09-24T11:28:02.947333Z  WARN foundry_evm_coverage::anchors: could not find anchor item=Line (location: (source ID: 14, lines: 74..75, bytes: 2914..2929), hits: 0) err=Could not find anchor: No matching instruction in range source ID: 14, lines: 74..75, bytes: 2914..2929
2026-09-24T11:28:02.947337Z  WARN foundry_evm_coverage::anchors: could not find anchor item=Statement (location: (source ID: 6, lines: 72..73, bytes: 2711..2723), hits: 0) err=Could not find anchor: No matching instruction in range source ID: 6, lines: 72..73, bytes: 2711..2723
2026-09-24T11:28:02.947428Z  WARN foundry_evm_coverage::anchors: could not find anchor item=Statement (location: (source ID: 14, lines: 74..75, bytes: 2914..2929), hits: 0) err=Could not find anchor: No matching instruction in range source ID: 14, lines: 74..75, bytes: 2914..2929
2026-09-24T11:28:02.947359Z  WARN foundry_evm_coverage::anchors: could not find anchor item=Line (location: (source ID: 23, lines: 17..18, bytes: 654..672), hits: 0) err=Could not find anchor: No matching instruction in range source ID: 23, lines: 17..18, bytes: 654..672
2026-09-24T11:28:02.947373Z  WARN foundry_evm_coverage::anchors: could not find anchor item=Line (location: (source ID: 4, lines: 53..54, bytes: 2462..2481), hits: 0) err=Could not find anchor: No matching instruction in range source ID: 4, lines: 53..54, bytes: 2462..2481
2026-09-24T11:28:02.947381Z  WARN foundry_evm_coverage::anchors: could not find anchor item=Line (location: (source ID: 3, lines: 39..40, bytes: 1543..1581), hits: 0) err=Could not find anchor: No matching instruction in range source ID: 3, lines: 39..40, bytes: 1543..1581
2026-09-24T11:28:02.947255Z  WARN foundry_evm_coverage::anchors: could not find anchor item=Line (location: (source ID: 11, lines: 63..64, bytes: 2565..2580), hits: 0) err=Could not find anchor: No matching instruction in range source ID: 11, lines: 63..64, bytes: 2565..2580
2026-09-24T11:28:02.947465Z  WARN foundry_evm_coverage::anchors: could not find anchor item=Statement (location: (source ID: 11, lines: 63..64, bytes: 2565..2580), hits: 0) err=Could not find anchor: No matching instruction in range source ID: 11, lines: 63..64, bytes: 2565..2580
2026-09-24T11:28:02.947400Z  WARN foundry_evm_coverage::anchors: could not find anchor item=Statement (location: (source ID: 14, lines: 95..96, bytes: 3736..3787), hits: 0) err=Could not find anchor: No matching instruction in range source ID: 14, lines: 95..96, bytes: 3736..3787
2026-09-24T11:28:02.947403Z  WARN foundry_evm_coverage::anchors: could not find anchor item=Line (location: (source ID: 11, lines: 50..68, bytes: 1878..2694), hits: 0) err=Could not find anchor: No matching instruction in range source ID: 11, lines: 50..68, bytes: 1878..2694
2026-09-24T11:28:02.947484Z  WARN foundry_evm_coverage::anchors: could not find anchor item=Line (location: (source ID: 22, lines: 12..15, bytes: 352..502), hits: 0) err=Could not find anchor: No matching instruction in range source ID: 22, lines: 12..15, bytes: 352..502
2026-09-24T11:28:02.947490Z  WARN foundry_evm_coverage::anchors: could not find anchor item=Function "deposit" (location: (source ID: 11, lines: 50..68, bytes: 1878..2694), hits: 0) err=Could not find anchor: No matching instruction in range source ID: 11, lines: 50..68, bytes: 1878..2694
2026-09-24T11:28:02.947440Z  WARN foundry_evm_coverage::anchors: could not find anchor item=Line (location: (source ID: 14, lines: 75..76, bytes: 2939..2995), hits: 0) err=Could not find anchor: No matching instruction in range source ID: 14, lines: 75..76, bytes: 2939..2995
2026-09-24T11:28:02.947504Z  WARN foundry_evm_coverage::anchors: could not find anchor item=Line (location: (source ID: 11, lines: 51..52, bytes: 1928..1965), hits: 0) err=Could not find anchor: No matching instruction in range source ID: 11, lines: 51..52, bytes: 1928..1965
2026-09-24T11:28:02.947509Z  WARN foundry_evm_coverage::anchors: could not find anchor item=Statement (location: (source ID: 14, lines: 75..76, bytes: 2939..2995), hits: 0) err=Could not find anchor: No matching instruction in range source ID: 14, lines: 75..76, bytes: 2939..2995
2026-09-24T11:28:02.947458Z  WARN foundry_evm_coverage::anchors: could not find anchor item=Statement (location: (source ID: 3, lines: 39..40, bytes: 1543..1581), hits: 0) err=Could not find anchor: No matching instruction in range source ID: 3, lines: 39..40, bytes: 1543..1581
2026-09-24T11:28:02.947332Z  WARN foundry_evm_coverage::anchors: could not find anchor item=Statement (location: (source ID: 14, lines: 96..97, bytes: 3797..3828), hits: 0) err=Could not find anchor: No matching instruction in range source ID: 14, lines: 96..97, bytes: 3797..3828
2026-09-24T11:28:02.947471Z  WARN foundry_evm_coverage::anchors: could not find anchor item=Line (location: (source ID: 11, lines: 64..65, bytes: 2590..2627), hits: 0) err=Could not find anchor: No matching instruction in range source ID: 11, lines: 64..65, bytes: 2590..2627
2026-09-24T11:28:02.947359Z  WARN foundry_evm_coverage::anchors: could not find anchor item=Statement (location: (source ID: 14, lines: 90..91, bytes: 3580..3606), hits: 0) err=Could not find anchor: No matching instruction in range source ID: 14, lines: 90..91, bytes: 3580..3606
2026-09-24T11:28:02.947491Z  WARN foundry_evm_coverage::anchors: could not find anchor item=Function "uiMultiplier" (location: (source ID: 22, lines: 12..15, bytes: 352..502), hits: 0) err=Could not find anchor: No matching instruction in range source ID: 22, lines: 12..15, bytes: 352..502
2026-09-24T11:28:02.947561Z  WARN foundry_evm_coverage::anchors: could not find anchor item=Line (location: (source ID: 22, lines: 13..14, bytes: 418..495), hits: 0) err=Could not find anchor: No matching instruction in range source ID: 22, lines: 13..14, bytes: 418..495
2026-09-24T11:28:02.947566Z  WARN foundry_evm_coverage::anchors: could not find anchor item=Statement (location: (source ID: 22, lines: 13..14, bytes: 418..495), hits: 0) err=Could not find anchor: No matching instruction in range source ID: 22, lines: 13..14, bytes: 418..495
2026-09-24T11:28:02.947571Z  WARN foundry_evm_coverage::anchors: could not find anchor item=Statement (location: (source ID: 22, lines: 13..14, bytes: 425..495), hits: 0) err=Could not find anchor: No matching instruction in range source ID: 22, lines: 13..14, bytes: 425..495
2026-09-24T11:28:02.947577Z  WARN foundry_evm_coverage::anchors: could not find anchor item=Line (location: (source ID: 22, lines: 16..19, bytes: 508..598), hits: 0) err=Could not find anchor: No matching instruction in range source ID: 22, lines: 16..19, bytes: 508..598
2026-09-24T11:28:02.947582Z  WARN foundry_evm_coverage::anchors: could not find anchor item=Function "newUIMultiplier" (location: (source ID: 22, lines: 16..19, bytes: 508..598), hits: 0) err=Could not find anchor: No matching instruction in range source ID: 22, lines: 16..19, bytes: 508..598
2026-09-24T11:28:02.947587Z  WARN foundry_evm_coverage::anchors: could not find anchor item=Line (location: (source ID: 22, lines: 17..18, bytes: 577..591), hits: 0) err=Could not find anchor: No matching instruction in range source ID: 22, lines: 17..18, bytes: 577..591
2026-09-24T11:28:02.947592Z  WARN foundry_evm_coverage::anchors: could not find anchor item=Statement (location: (source ID: 22, lines: 17..18, bytes: 577..591), hits: 0) err=Could not find anchor: No matching instruction in range source ID: 22, lines: 17..18, bytes: 577..591
2026-09-24T11:28:02.947597Z  WARN foundry_evm_coverage::anchors: could not find anchor item=Line (location: (source ID: 22, lines: 20..25, bytes: 604..779), hits: 0) err=Could not find anchor: No matching instruction in range source ID: 22, lines: 20..25, bytes: 604..779
2026-09-24T11:28:02.947603Z  WARN foundry_evm_coverage::anchors: could not find anchor item=Function "setMultiplier" (location: (source ID: 22, lines: 20..25, bytes: 604..779), hits: 0) err=Could not find anchor: No matching instruction in range source ID: 22, lines: 20..25, bytes: 604..779
2026-09-24T11:28:02.947608Z  WARN foundry_evm_coverage::anchors: could not find anchor item=Line (location: (source ID: 22, lines: 21..22, bytes: 697..715), hits: 0) err=Could not find anchor: No matching instruction in range source ID: 22, lines: 21..22, bytes: 697..715
2026-09-24T11:28:02.947635Z  WARN foundry_evm_coverage::anchors: could not find anchor item=Statement (location: (source ID: 22, lines: 21..22, bytes: 697..715), hits: 0) err=Could not find anchor: No matching instruction in range source ID: 22, lines: 21..22, bytes: 697..715
2026-09-24T11:28:02.947640Z  WARN foundry_evm_coverage::anchors: could not find anchor item=Line (location: (source ID: 22, lines: 22..23, bytes: 725..744), hits: 0) err=Could not find anchor: No matching instruction in range source ID: 22, lines: 22..23, bytes: 725..744
2026-09-24T11:28:02.947645Z  WARN foundry_evm_coverage::anchors: could not find anchor item=Statement (location: (source ID: 22, lines: 22..23, bytes: 725..744), hits: 0) err=Could not find anchor: No matching instruction in range source ID: 22, lines: 22..23, bytes: 725..744
2026-09-24T11:28:02.947651Z  WARN foundry_evm_coverage::anchors: could not find anchor item=Line (location: (source ID: 22, lines: 23..24, bytes: 754..772), hits: 0) err=Could not find anchor: No matching instruction in range source ID: 22, lines: 23..24, bytes: 754..772
2026-09-24T11:28:02.947656Z  WARN foundry_evm_coverage::anchors: could not find anchor item=Statement (location: (source ID: 22, lines: 23..24, bytes: 754..772), hits: 0) err=Could not find anchor: No matching instruction in range source ID: 22, lines: 23..24, bytes: 754..772
2026-09-24T11:28:02.947661Z  WARN foundry_evm_coverage::anchors: could not find anchor item=Line (location: (source ID: 22, lines: 26..29, bytes: 785..879), hits: 0) err=Could not find anchor: No matching instruction in range source ID: 22, lines: 26..29, bytes: 785..879
2026-09-24T11:28:02.947666Z  WARN foundry_evm_coverage::anchors: could not find anchor item=Function "seize" (location: (source ID: 22, lines: 26..29, bytes: 785..879), hits: 0) err=Could not find anchor: No matching instruction in range source ID: 22, lines: 26..29, bytes: 785..879
2026-09-24T11:28:02.947671Z  WARN foundry_evm_coverage::anchors: could not find anchor item=Line (location: (source ID: 22, lines: 27..28, bytes: 851..872), hits: 0) err=Could not find anchor: No matching instruction in range source ID: 22, lines: 27..28, bytes: 851..872
2026-09-24T11:28:02.947677Z  WARN foundry_evm_coverage::anchors: could not find anchor item=Statement (location: (source ID: 22, lines: 27..28, bytes: 851..872), hits: 0) err=Could not find anchor: No matching instruction in range source ID: 22, lines: 27..28, bytes: 851..872
2026-09-24T11:28:02.947682Z  WARN foundry_evm_coverage::anchors: could not find anchor item=Line (location: (source ID: 22, lines: 35..38, bytes: 1056..1158), hits: 0) err=Could not find anchor: No matching instruction in range source ID: 22, lines: 35..38, bytes: 1056..1158
2026-09-24T11:28:02.947687Z  WARN foundry_evm_coverage::anchors: could not find anchor item=Function "setBlockedRecipient" (location: (source ID: 22, lines: 35..38, bytes: 1056..1158), hits: 0) err=Could not find anchor: No matching instruction in range source ID: 22, lines: 35..38, bytes: 1056..1158
2026-09-24T11:28:02.947693Z  WARN foundry_evm_coverage::anchors: could not find anchor item=Line (location: (source ID: 22, lines: 36..37, bytes: 1123..1151), hits: 0) err=Could not find anchor: No matching instruction in range source ID: 22, lines: 36..37, bytes: 1123..1151
2026-09-24T11:28:02.947698Z  WARN foundry_evm_coverage::anchors: could not find anchor item=Statement (location: (source ID: 22, lines: 36..37, bytes: 1123..1151), hits: 0) err=Could not find anchor: No matching instruction in range source ID: 22, lines: 36..37, bytes: 1123..1151
2026-09-24T11:28:02.947703Z  WARN foundry_evm_coverage::anchors: could not find anchor item=Line (location: (source ID: 22, lines: 39..43, bytes: 1164..1300), hits: 0) err=Could not find anchor: No matching instruction in range source ID: 22, lines: 39..43, bytes: 1164..1300
2026-09-24T11:28:02.947708Z  WARN foundry_evm_coverage::anchors: could not find anchor item=Function "setCallback" (location: (source ID: 22, lines: 39..43, bytes: 1164..1300), hits: 0) err=Could not find anchor: No matching instruction in range source ID: 22, lines: 39..43, bytes: 1164..1300
2026-09-24T11:28:02.947724Z  WARN foundry_evm_coverage::anchors: could not find anchor item=Line (location: (source ID: 22, lines: 40..41, bytes: 1241..1264), hits: 0) err=Could not find anchor: No matching instruction in range source ID: 22, lines: 40..41, bytes: 1241..1264
2026-09-24T11:28:02.947729Z  WARN foundry_evm_coverage::anchors: could not find anchor item=Statement (location: (source ID: 22, lines: 40..41, bytes: 1241..1264), hits: 0) err=Could not find anchor: No matching instruction in range source ID: 22, lines: 40..41, bytes: 1241..1264
2026-09-24T11:28:02.947735Z  WARN foundry_evm_coverage::anchors: could not find anchor item=Line (location: (source ID: 22, lines: 41..42, bytes: 1274..1293), hits: 0) err=Could not find anchor: No matching instruction in range source ID: 22, lines: 41..42, bytes: 1274..1293
2026-09-24T11:28:02.947740Z  WARN foundry_evm_coverage::anchors: could not find anchor item=Statement (location: (source ID: 22, lines: 41..42, bytes: 1274..1293), hits: 0) err=Could not find anchor: No matching instruction in range source ID: 22, lines: 41..42, bytes: 1274..1293
2026-09-24T11:28:02.947745Z  WARN foundry_evm_coverage::anchors: could not find anchor item=Line (location: (source ID: 22, lines: 48..51, bytes: 1427..1526), hits: 0) err=Could not find anchor: No matching instruction in range source ID: 22, lines: 48..51, bytes: 1427..1526
2026-09-24T11:28:02.947750Z  WARN foundry_evm_coverage::anchors: could not find anchor item=Function "mint" (location: (source ID: 22, lines: 48..51, bytes: 1427..1526), hits: 0) err=Could not find anchor: No matching instruction in range source ID: 22, lines: 48..51, bytes: 1427..1526
2026-09-24T11:28:02.947756Z  WARN foundry_evm_coverage::anchors: could not find anchor item=Line (location: (source ID: 22, lines: 49..50, bytes: 1495..1519), hits: 0) err=Could not find anchor: No matching instruction in range source ID: 22, lines: 49..50, bytes: 1495..1519
2026-09-24T11:28:02.947761Z  WARN foundry_evm_coverage::anchors: could not find anchor item=Statement (location: (source ID: 22, lines: 49..50, bytes: 1495..1519), hits: 0) err=Could not find anchor: No matching instruction in range source ID: 22, lines: 49..50, bytes: 1495..1519
2026-09-24T11:28:02.947766Z  WARN foundry_evm_coverage::anchors: could not find anchor item=Line (location: (source ID: 22, lines: 52..55, bytes: 1532..1601), hits: 0) err=Could not find anchor: No matching instruction in range source ID: 22, lines: 52..55, bytes: 1532..1601
2026-09-24T11:28:02.947771Z  WARN foundry_evm_coverage::anchors: could not find anchor item=Function "setTaxed" (location: (source ID: 22, lines: 52..55, bytes: 1532..1601), hits: 0) err=Could not find anchor: No matching instruction in range source ID: 22, lines: 52..55, bytes: 1532..1601
2026-09-24T11:28:02.947776Z  WARN foundry_evm_coverage::anchors: could not find anchor item=Line (location: (source ID: 22, lines: 53..54, bytes: 1581..1594), hits: 0) err=Could not find anchor: No matching instruction in range source ID: 22, lines: 53..54, bytes: 1581..1594
2026-09-24T11:28:02.947781Z  WARN foundry_evm_coverage::anchors: could not find anchor item=Statement (location: (source ID: 22, lines: 53..54, bytes: 1581..1594), hits: 0) err=Could not find anchor: No matching instruction in range source ID: 22, lines: 53..54, bytes: 1581..1594
2026-09-24T11:28:02.947786Z  WARN foundry_evm_coverage::anchors: could not find anchor item=Line (location: (source ID: 22, lines: 56..59, bytes: 1607..1678), hits: 0) err=Could not find anchor: No matching instruction in range source ID: 22, lines: 56..59, bytes: 1607..1678
2026-09-24T11:28:02.947792Z  WARN foundry_evm_coverage::anchors: could not find anchor item=Function "setFrozen" (location: (source ID: 22, lines: 56..59, bytes: 1607..1678), hits: 0) err=Could not find anchor: No matching instruction in range source ID: 22, lines: 56..59, bytes: 1607..1678
2026-09-24T11:28:02.947815Z  WARN foundry_evm_coverage::anchors: could not find anchor item=Line (location: (source ID: 22, lines: 57..58, bytes: 1657..1671), hits: 0) err=Could not find anchor: No matching instruction in range source ID: 22, lines: 57..58, bytes: 1657..1671
2026-09-24T11:28:02.947820Z  WARN foundry_evm_coverage::anchors: could not find anchor item=Statement (location: (source ID: 22, lines: 57..58, bytes: 1657..1671), hits: 0) err=Could not find anchor: No matching instruction in range source ID: 22, lines: 57..58, bytes: 1657..1671
2026-09-24T11:28:02.947825Z  WARN foundry_evm_coverage::anchors: could not find anchor item=Line (location: (source ID: 22, lines: 60..72, bytes: 1684..2271), hits: 0) err=Could not find anchor: No matching instruction in range source ID: 22, lines: 60..72, bytes: 1684..2271
2026-09-24T11:28:02.947830Z  WARN foundry_evm_coverage::anchors: could not find anchor item=Function "_update" (location: (source ID: 22, lines: 60..72, bytes: 1684..2271), hits: 0) err=Could not find anchor: No matching instruction in range source ID: 22, lines: 60..72, bytes: 1684..2271
2026-09-24T11:28:02.947836Z  WARN foundry_evm_coverage::anchors: could not find anchor item=Line (location: (source ID: 22, lines: 61..62, bytes: 1770..1803), hits: 0) err=Could not find anchor: No matching instruction in range source ID: 22, lines: 61..62, bytes: 1770..1803
2026-09-24T11:28:02.947841Z  WARN foundry_evm_coverage::anchors: could not find anchor item=Statement (location: (source ID: 22, lines: 61..62, bytes: 1770..1803), hits: 0) err=Could not find anchor: No matching instruction in range source ID: 22, lines: 61..62, bytes: 1770..1803
2026-09-24T11:28:02.947547Z  WARN foundry_evm_coverage::anchors: could not find anchor item=Statement (location: (source ID: 11, lines: 64..65, bytes: 2590..2627), hits: 0) err=Could not find anchor: No matching instruction in range source ID: 11, lines: 64..65, bytes: 2590..2627
2026-09-24T11:28:02.947855Z  WARN foundry_evm_coverage::anchors: could not find anchor item=Line (location: (source ID: 11, lines: 65..66, bytes: 2637..2659), hits: 0) err=Could not find anchor: No matching instruction in range source ID: 11, lines: 65..66, bytes: 2637..2659
2026-09-24T11:28:02.947431Z  WARN foundry_evm_coverage::anchors: could not find anchor item=Statement (location: (source ID: 6, lines: 72..73, bytes: 2727..2736), hits: 0) err=Could not find anchor: No matching instruction in range source ID: 6, lines: 72..73, bytes: 2727..2736
2026-09-24T11:28:02.947567Z  WARN foundry_evm_coverage::anchors: could not find anchor item=Line (location: (source ID: 24, lines: 16..21, bytes: 676..947), hits: 0) err=Could not find anchor: No matching instruction in range source ID: 24, lines: 16..21, bytes: 676..947
2026-09-24T11:28:02.947875Z  WARN foundry_evm_coverage::anchors: could not find anchor item=Function "publishMessage" (location: (source ID: 24, lines: 16..21, bytes: 676..947), hits: 0) err=Could not find anchor: No matching instruction in range source ID: 24, lines: 16..21, bytes: 676..947
2026-09-24T11:28:02.947880Z  WARN foundry_evm_coverage::anchors: could not find anchor item=Line (location: (source ID: 24, lines: 17..18, bytes: 790..831), hits: 0) err=Could not find anchor: No matching instruction in range source ID: 24, lines: 17..18, bytes: 790..831
2026-09-24T11:28:02.947885Z  WARN foundry_evm_coverage::anchors: could not find anchor item=Statement (location: (source ID: 24, lines: 17..18, bytes: 790..831), hits: 0) err=Could not find anchor: No matching instruction in range source ID: 24, lines: 17..18, bytes: 790..831
2026-09-24T11:28:02.947517Z  WARN foundry_evm_coverage::anchors: could not find anchor item=Statement (location: (source ID: 11, lines: 51..52, bytes: 1928..1965), hits: 0) err=Could not find anchor: No matching instruction in range source ID: 11, lines: 51..52, bytes: 1928..1965
2026-09-24T11:28:02.947896Z  WARN foundry_evm_coverage::anchors: could not find anchor item=Branch (branch: 0, path: 0) (location: (source ID: 24, lines: 17..18, bytes: 790..831), hits: 0) err=Could not detect branches in source: source ID: 24, lines: 17..18, bytes: 790..831
2026-09-24T11:28:02.947533Z  WARN foundry_evm_coverage::anchors: could not find anchor item=Line (location: (source ID: 3, lines: 42..54, bytes: 1594..2061), hits: 0) err=Could not find anchor: No matching instruction in range source ID: 3, lines: 42..54, bytes: 1594..2061
2026-09-24T11:28:02.947849Z  WARN foundry_evm_coverage::anchors: could not find anchor item=Branch (branch: 0, path: 0) (location: (source ID: 22, lines: 61..62, bytes: 1770..1803), hits: 0) err=Could not detect branches in source: source ID: 22, lines: 61..62, bytes: 1770..1803
2026-09-24T11:28:02.947492Z  WARN foundry_evm_coverage::anchors: could not find anchor item=Line (location: (source ID: 14, lines: 96..97, bytes: 3797..3828), hits: 0) err=Could not find anchor: No matching instruction in range source ID: 14, lines: 96..97, bytes: 3797..3828
2026-09-24T11:28:02.947861Z  WARN foundry_evm_coverage::anchors: could not find anchor item=Statement (location: (source ID: 11, lines: 65..66, bytes: 2637..2659), hits: 0) err=Could not find anchor: No matching instruction in range source ID: 11, lines: 65..66, bytes: 2637..2659
2026-09-24T11:28:02.947942Z  WARN foundry_evm_coverage::anchors: could not find anchor item=Line (location: (source ID: 11, lines: 66..67, bytes: 2669..2687), hits: 0) err=Could not find anchor: No matching instruction in range source ID: 11, lines: 66..67, bytes: 2669..2687
2026-09-24T11:28:02.947949Z  WARN foundry_evm_coverage::anchors: could not find anchor item=Statement (location: (source ID: 11, lines: 66..67, bytes: 2669..2687), hits: 0) err=Could not find anchor: No matching instruction in range source ID: 11, lines: 66..67, bytes: 2669..2687
2026-09-24T11:28:02.947954Z  WARN foundry_evm_coverage::anchors: could not find anchor item=Line (location: (source ID: 11, lines: 69..82, bytes: 2700..3241), hits: 0) err=Could not find anchor: No matching instruction in range source ID: 11, lines: 69..82, bytes: 2700..3241
2026-09-24T11:28:02.947960Z  WARN foundry_evm_coverage::anchors: could not find anchor item=Function "deliverDeposit" (location: (source ID: 11, lines: 69..82, bytes: 2700..3241), hits: 0) err=Could not find anchor: No matching instruction in range source ID: 11, lines: 69..82, bytes: 2700..3241
2026-09-24T11:28:02.947966Z  WARN foundry_evm_coverage::anchors: could not find anchor item=Line (location: (source ID: 11, lines: 70..71, bytes: 2757..2795), hits: 0) err=Could not find anchor: No matching instruction in range source ID: 11, lines: 70..71, bytes: 2757..2795
2026-09-24T11:28:02.947972Z  WARN foundry_evm_coverage::anchors: could not find anchor item=Statement (location: (source ID: 11, lines: 70..71, bytes: 2757..2795), hits: 0) err=Could not find anchor: No matching instruction in range source ID: 11, lines: 70..71, bytes: 2757..2795
2026-09-24T11:28:02.947977Z  WARN foundry_evm_coverage::anchors: could not find anchor item=Line (location: (source ID: 11, lines: 71..72, bytes: 2809..2829), hits: 0) err=Could not find anchor: No matching instruction in range source ID: 11, lines: 71..72, bytes: 2809..2829
2026-09-24T11:28:02.947983Z  WARN foundry_evm_coverage::anchors: could not find anchor item=Statement (location: (source ID: 11, lines: 71..72, bytes: 2809..2829), hits: 0) err=Could not find anchor: No matching instruction in range source ID: 11, lines: 71..72, bytes: 2809..2829
2026-09-24T11:28:02.947988Z  WARN foundry_evm_coverage::anchors: could not find anchor item=Statement (location: (source ID: 11, lines: 71..72, bytes: 2809..2862), hits: 0) err=Could not find anchor: No matching instruction in range source ID: 11, lines: 71..72, bytes: 2809..2862
2026-09-24T11:28:02.947868Z  WARN foundry_evm_coverage::anchors: could not find anchor item=Statement (location: (source ID: 6, lines: 72..73, bytes: 2740..2783), hits: 0) err=Could not find anchor: No matching instruction in range source ID: 6, lines: 72..73, bytes: 2740..2783
2026-09-24T11:28:02.947687Z  WARN foundry_evm_coverage::anchors: could not find anchor item=Line (location: (source ID: 14, lines: 68..71, bytes: 2657..2764), hits: 0) err=Could not find anchor: No matching instruction in range source ID: 14, lines: 68..71, bytes: 2657..2764
2026-09-24T11:28:02.947949Z  WARN foundry_evm_coverage::anchors: could not find anchor item=Statement (location: (source ID: 14, lines: 96..97, bytes: 3797..3828), hits: 0) err=Could not find anchor: No matching instruction in range source ID: 14, lines: 96..97, bytes: 3797..3828
2026-09-24T11:28:02.948024Z  WARN foundry_evm_coverage::anchors: could not find anchor item=Function "_net" (location: (source ID: 14, lines: 68..71, bytes: 2657..2764), hits: 0) err=Could not find anchor: No matching instruction in range source ID: 14, lines: 68..71, bytes: 2657..2764
2026-09-24T11:28:02.947451Z  WARN foundry_evm_coverage::anchors: could not find anchor item=Statement (location: (source ID: 4, lines: 53..54, bytes: 2462..2481), hits: 0) err=Could not find anchor: No matching instruction in range source ID: 4, lines: 53..54, bytes: 2462..2481
2026-09-24T11:28:02.947529Z  WARN foundry_evm_coverage::anchors: could not find anchor item=Statement (location: (source ID: 14, lines: 75..76, bytes: 2952..2995), hits: 0) err=Could not find anchor: No matching instruction in range source ID: 14, lines: 75..76, bytes: 2952..2995
2026-09-24T11:28:02.947904Z  WARN foundry_evm_coverage::anchors: could not find anchor item=Line (location: (source ID: 11, lines: 52..53, bytes: 1975..2014), hits: 0) err=Could not find anchor: No matching instruction in range source ID: 11, lines: 52..53, bytes: 1975..2014
2026-09-24T11:28:02.948050Z  WARN foundry_evm_coverage::anchors: could not find anchor item=Line (location: (source ID: 14, lines: 76..77, bytes: 3005..3056), hits: 0) err=Could not find anchor: No matching instruction in range source ID: 14, lines: 76..77, bytes: 3005..3056
2026-09-24T11:28:02.947921Z  WARN foundry_evm_coverage::anchors: could not find anchor item=Function "redeem" (location: (source ID: 3, lines: 42..54, bytes: 1594..2061), hits: 0) err=Could not find anchor: No matching instruction in range source ID: 3, lines: 42..54, bytes: 1594..2061
2026-09-24T11:28:02.948065Z  WARN foundry_evm_coverage::anchors: could not find anchor item=Line (location: (source ID: 3, lines: 48..49, bytes: 1747..1780), hits: 0) err=Could not find anchor: No matching instruction in range source ID: 3, lines: 48..49, bytes: 1747..1780
2026-09-24T11:28:02.948069Z  WARN foundry_evm_coverage::anchors: could not find anchor item=Line (location: (source ID: 1, lines: 14..70, bytes: 600..3338), hits: 0) err=Could not find anchor: No matching instruction in range source ID: 1, lines: 14..70, bytes: 600..3338
2026-09-24T11:28:02.948077Z  WARN foundry_evm_coverage::anchors: could not find anchor item=Function "run" (location: (source ID: 1, lines: 14..70, bytes: 600..3338), hits: 0) err=Could not find anchor: No matching instruction in range source ID: 1, lines: 14..70, bytes: 600..3338
2026-09-24T11:28:02.948082Z  WARN foundry_evm_coverage::anchors: could not find anchor item=Line (location: (source ID: 1, lines: 15..16, bytes: 634..665), hits: 0) err=Could not find anchor: No matching instruction in range source ID: 1, lines: 15..16, bytes: 634..665
2026-09-24T11:28:02.948087Z  WARN foundry_evm_coverage::anchors: could not find anchor item=Statement (location: (source ID: 1, lines: 15..16, bytes: 634..665), hits: 0) err=Could not find anchor: No matching instruction in range source ID: 1, lines: 15..16, bytes: 634..665
2026-09-24T11:28:02.948092Z  WARN foundry_evm_coverage::anchors: could not find anchor item=Line (location: (source ID: 1, lines: 16..17, bytes: 675..694), hits: 0) err=Could not find anchor: No matching instruction in range source ID: 1, lines: 16..17, bytes: 675..694
2026-09-24T11:28:02.948097Z  WARN foundry_evm_coverage::anchors: could not find anchor item=Statement (location: (source ID: 1, lines: 16..17, bytes: 675..694), hits: 0) err=Could not find anchor: No matching instruction in range source ID: 1, lines: 16..17, bytes: 675..694
2026-09-24T11:28:02.948102Z  WARN foundry_evm_coverage::anchors: could not find anchor item=Line (location: (source ID: 1, lines: 17..18, bytes: 704..755), hits: 0) err=Could not find anchor: No matching instruction in range source ID: 1, lines: 17..18, bytes: 704..755
2026-09-24T11:28:02.948119Z  WARN foundry_evm_coverage::anchors: could not find anchor item=Statement (location: (source ID: 1, lines: 17..18, bytes: 704..755), hits: 0) err=Could not find anchor: No matching instruction in range source ID: 1, lines: 17..18, bytes: 704..755
2026-09-24T11:28:02.948124Z  WARN foundry_evm_coverage::anchors: could not find anchor item=Statement (location: (source ID: 1, lines: 17..18, bytes: 730..755), hits: 0) err=Could not find anchor: No matching instruction in range source ID: 1, lines: 17..18, bytes: 730..755
2026-09-24T11:28:02.948129Z  WARN foundry_evm_coverage::anchors: could not find anchor item=Line (location: (source ID: 1, lines: 18..19, bytes: 765..821), hits: 0) err=Could not find anchor: No matching instruction in range source ID: 1, lines: 18..19, bytes: 765..821
2026-09-24T11:28:02.948134Z  WARN foundry_evm_coverage::anchors: could not find anchor item=Statement (location: (source ID: 1, lines: 18..19, bytes: 765..821), hits: 0) err=Could not find anchor: No matching instruction in range source ID: 1, lines: 18..19, bytes: 765..821
2026-09-24T11:28:02.948139Z  WARN foundry_evm_coverage::anchors: could not find anchor item=Statement (location: (source ID: 1, lines: 18..19, bytes: 796..821), hits: 0) err=Could not find anchor: No matching instruction in range source ID: 1, lines: 18..19, bytes: 796..821
2026-09-24T11:28:02.948144Z  WARN foundry_evm_coverage::anchors: could not find anchor item=Line (location: (source ID: 1, lines: 19..20, bytes: 831..874), hits: 0) err=Could not find anchor: No matching instruction in range source ID: 1, lines: 19..20, bytes: 831..874
2026-09-24T11:28:02.948149Z  WARN foundry_evm_coverage::anchors: could not find anchor item=Statement (location: (source ID: 1, lines: 19..20, bytes: 831..874), hits: 0) err=Could not find anchor: No matching instruction in range source ID: 1, lines: 19..20, bytes: 831..874
2026-09-24T11:28:02.948154Z  WARN foundry_evm_coverage::anchors: could not find anchor item=Statement (location: (source ID: 1, lines: 19..20, bytes: 854..874), hits: 0) err=Could not find anchor: No matching instruction in range source ID: 1, lines: 19..20, bytes: 854..874
2026-09-24T11:28:02.948159Z  WARN foundry_evm_coverage::anchors: could not find anchor item=Line (location: (source ID: 1, lines: 20..22, bytes: 884..1000), hits: 0) err=Could not find anchor: No matching instruction in range source ID: 1, lines: 20..22, bytes: 884..1000
2026-09-24T11:28:02.948164Z  WARN foundry_evm_coverage::anchors: could not find anchor item=Statement (location: (source ID: 1, lines: 20..22, bytes: 884..1000), hits: 0) err=Could not find anchor: No matching instruction in range source ID: 1, lines: 20..22, bytes: 884..1000
2026-09-24T11:28:02.948169Z  WARN foundry_evm_coverage::anchors: could not find anchor item=Line (location: (source ID: 1, lines: 21..22, bytes: 916..1000), hits: 0) err=Could not find anchor: No matching instruction in range source ID: 1, lines: 21..22, bytes: 916..1000
2026-09-24T11:28:02.948173Z  WARN foundry_evm_coverage::anchors: could not find anchor item=Statement (location: (source ID: 1, lines: 21..22, bytes: 916..1000), hits: 0) err=Could not find anchor: No matching instruction in range source ID: 1, lines: 21..22, bytes: 916..1000
2026-09-24T11:28:02.948178Z  WARN foundry_evm_coverage::anchors: could not find anchor item=Line (location: (source ID: 1, lines: 22..25, bytes: 1010..1178), hits: 0) err=Could not find anchor: No matching instruction in range source ID: 1, lines: 22..25, bytes: 1010..1178
2026-09-24T11:28:02.948183Z  WARN foundry_evm_coverage::anchors: could not find anchor item=Statement (location: (source ID: 1, lines: 22..25, bytes: 1010..1178), hits: 0) err=Could not find anchor: No matching instruction in range source ID: 1, lines: 22..25, bytes: 1010..1178
2026-09-24T11:28:02.948209Z  WARN foundry_evm_coverage::anchors: could not find anchor item=Statement (location: (source ID: 1, lines: 22..25, bytes: 1037..1178), hits: 0) err=Could not find anchor: No matching instruction in range source ID: 1, lines: 22..25, bytes: 1037..1178
2026-09-24T11:28:02.948214Z  WARN foundry_evm_coverage::anchors: could not find anchor item=Line (location: (source ID: 1, lines: 25..26, bytes: 1188..1250), hits: 0) err=Could not find anchor: No matching instruction in range source ID: 1, lines: 25..26, bytes: 1188..1250
2026-09-24T11:28:02.948219Z  WARN foundry_evm_coverage::anchors: could not find anchor item=Statement (location: (source ID: 1, lines: 25..26, bytes: 1188..1250), hits: 0) err=Could not find anchor: No matching instruction in range source ID: 1, lines: 25..26, bytes: 1188..1250
2026-09-24T11:28:02.948224Z  WARN foundry_evm_coverage::anchors: could not find anchor item=Line (location: (source ID: 1, lines: 26..27, bytes: 1260..1306), hits: 0) err=Could not find anchor: No matching instruction in range source ID: 1, lines: 26..27, bytes: 1260..1306
2026-09-24T11:28:02.948229Z  WARN foundry_evm_coverage::anchors: could not find anchor item=Statement (location: (source ID: 1, lines: 26..27, bytes: 1260..1306), hits: 0) err=Could not find anchor: No matching instruction in range source ID: 1, lines: 26..27, bytes: 1260..1306
2026-09-24T11:28:02.948234Z  WARN foundry_evm_coverage::anchors: could not find anchor item=Line (location: (source ID: 1, lines: 27..28, bytes: 1316..1332), hits: 0) err=Could not find anchor: No matching instruction in range source ID: 1, lines: 27..28, bytes: 1316..1332
2026-09-24T11:28:02.948239Z  WARN foundry_evm_coverage::anchors: could not find anchor item=Statement (location: (source ID: 1, lines: 27..28, bytes: 1316..1332), hits: 0) err=Could not find anchor: No matching instruction in range source ID: 1, lines: 27..28, bytes: 1316..1332
2026-09-24T11:28:02.948244Z  WARN foundry_evm_coverage::anchors: could not find anchor item=Line (location: (source ID: 1, lines: 28..29, bytes: 1342..1359), hits: 0) err=Could not find anchor: No matching instruction in range source ID: 1, lines: 28..29, bytes: 1342..1359
2026-09-24T11:28:02.948249Z  WARN foundry_evm_coverage::anchors: could not find anchor item=Statement (location: (source ID: 1, lines: 28..29, bytes: 1342..1359), hits: 0) err=Could not find anchor: No matching instruction in range source ID: 1, lines: 28..29, bytes: 1342..1359
2026-09-24T11:28:02.948253Z  WARN foundry_evm_coverage::anchors: could not find anchor item=Line (location: (source ID: 1, lines: 29..30, bytes: 1369..1395), hits: 0) err=Could not find anchor: No matching instruction in range source ID: 1, lines: 29..30, bytes: 1369..1395
2026-09-24T11:28:02.948258Z  WARN foundry_evm_coverage::anchors: could not find anchor item=Statement (location: (source ID: 1, lines: 29..30, bytes: 1369..1395), hits: 0) err=Could not find anchor: No matching instruction in range source ID: 1, lines: 29..30, bytes: 1369..1395
2026-09-24T11:28:02.948263Z  WARN foundry_evm_coverage::anchors: could not find anchor item=Line (location: (source ID: 1, lines: 30..31, bytes: 1405..1444), hits: 0) err=Could not find anchor: No matching instruction in range source ID: 1, lines: 30..31, bytes: 1405..1444
2026-09-24T11:28:02.948268Z  WARN foundry_evm_coverage::anchors: could not find anchor item=Statement (location: (source ID: 1, lines: 30..31, bytes: 1405..1444), hits: 0) err=Could not find anchor: No matching instruction in range source ID: 1, lines: 30..31, bytes: 1405..1444
2026-09-24T11:28:02.948273Z  WARN foundry_evm_coverage::anchors: could not find anchor item=Line (location: (source ID: 1, lines: 32..33, bytes: 1455..1502), hits: 0) err=Could not find anchor: No matching instruction in range source ID: 1, lines: 32..33, bytes: 1455..1502
2026-09-24T11:28:02.948278Z  WARN foundry_evm_coverage::anchors: could not find anchor item=Statement (location: (source ID: 1, lines: 32..33, bytes: 1455..1502), hits: 0) err=Could not find anchor: No matching instruction in range source ID: 1, lines: 32..33, bytes: 1455..1502
2026-09-24T11:28:02.948292Z  WARN foundry_evm_coverage::anchors: could not find anchor item=Statement (location: (source ID: 1, lines: 32..33, bytes: 1473..1502), hits: 0) err=Could not find anchor: No matching instruction in range source ID: 1, lines: 32..33, bytes: 1473..1502
2026-09-24T11:28:02.948297Z  WARN foundry_evm_coverage::anchors: could not find anchor item=Line (location: (source ID: 1, lines: 33..34, bytes: 1512..1604), hits: 0) err=Could not find anchor: No matching instruction in range source ID: 1, lines: 33..34, bytes: 1512..1604
2026-09-24T11:28:02.948302Z  WARN foundry_evm_coverage::anchors: could not find anchor item=Statement (location: (source ID: 1, lines: 33..34, bytes: 1512..1604), hits: 0) err=Could not find anchor: No matching instruction in range source ID: 1, lines: 33..34, bytes: 1512..1604
2026-09-24T11:28:02.948307Z  WARN foundry_evm_coverage::anchors: could not find anchor item=Line (location: (source ID: 1, lines: 34..39, bytes: 1614..1781), hits: 0) err=Could not find anchor: No matching instruction in range source ID: 1, lines: 34..39, bytes: 1614..1781
2026-09-24T11:28:02.948312Z  WARN foundry_evm_coverage::anchors: could not find anchor item=Statement (location: (source ID: 1, lines: 34..39, bytes: 1614..1781), hits: 0) err=Could not find anchor: No matching instruction in range source ID: 1, lines: 34..39, bytes: 1614..1781
2026-09-24T11:28:02.948317Z  WARN foundry_evm_coverage::anchors: could not find anchor item=Line (location: (source ID: 1, lines: 39..40, bytes: 1791..1856), hits: 0) err=Could not find anchor: No matching instruction in range source ID: 1, lines: 39..40, bytes: 1791..1856
2026-09-24T11:28:02.948322Z  WARN foundry_evm_coverage::anchors: could not find anchor item=Statement (location: (source ID: 1, lines: 39..40, bytes: 1791..1856), hits: 0) err=Could not find anchor: No matching instruction in range source ID: 1, lines: 39..40, bytes: 1791..1856
2026-09-24T11:28:02.948327Z  WARN foundry_evm_coverage::anchors: could not find anchor item=Statement (location: (source ID: 1, lines: 39..40, bytes: 1814..1856), hits: 0) err=Could not find anchor: No matching instruction in range source ID: 1, lines: 39..40, bytes: 1814..1856
2026-09-24T11:28:02.948332Z  WARN foundry_evm_coverage::anchors: could not find anchor item=Line (location: (source ID: 1, lines: 40..41, bytes: 1866..1893), hits: 0) err=Could not find anchor: No matching instruction in range source ID: 1, lines: 40..41, bytes: 1866..1893
2026-09-24T11:28:02.948337Z  WARN foundry_evm_coverage::anchors: could not find anchor item=Statement (location: (source ID: 1, lines: 40..41, bytes: 1866..1893), hits: 0) err=Could not find anchor: No matching instruction in range source ID: 1, lines: 40..41, bytes: 1866..1893
2026-09-24T11:28:02.948342Z  WARN foundry_evm_coverage::anchors: could not find anchor item=Line (location: (source ID: 1, lines: 41..42, bytes: 1903..1934), hits: 0) err=Could not find anchor: No matching instruction in range source ID: 1, lines: 41..42, bytes: 1903..1934
2026-09-24T11:28:02.948347Z  WARN foundry_evm_coverage::anchors: could not find anchor item=Statement (location: (source ID: 1, lines: 41..42, bytes: 1903..1934), hits: 0) err=Could not find anchor: No matching instruction in range source ID: 1, lines: 41..42, bytes: 1903..1934
2026-09-24T11:28:02.948352Z  WARN foundry_evm_coverage::anchors: could not find anchor item=Line (location: (source ID: 1, lines: 42..47, bytes: 1944..2113), hits: 0) err=Could not find anchor: No matching instruction in range source ID: 1, lines: 42..47, bytes: 1944..2113
2026-09-24T11:28:02.948357Z  WARN foundry_evm_coverage::anchors: could not find anchor item=Statement (location: (source ID: 1, lines: 42..47, bytes: 1944..2113), hits: 0) err=Could not find anchor: No matching instruction in range source ID: 1, lines: 42..47, bytes: 1944..2113
2026-09-24T11:28:02.948362Z  WARN foundry_evm_coverage::anchors: could not find anchor item=Line (location: (source ID: 1, lines: 48..49, bytes: 2124..2163), hits: 0) err=Could not find anchor: No matching instruction in range source ID: 1, lines: 48..49, bytes: 2124..2163
2026-09-24T11:28:02.948375Z  WARN foundry_evm_coverage::anchors: could not find anchor item=Statement (location: (source ID: 1, lines: 48..49, bytes: 2124..2163), hits: 0) err=Could not find anchor: No matching instruction in range source ID: 1, lines: 48..49, bytes: 2124..2163
2026-09-24T11:28:02.948380Z  WARN foundry_evm_coverage::anchors: could not find anchor item=Line (location: (source ID: 1, lines: 49..50, bytes: 2173..2262), hits: 0) err=Could not find anchor: No matching instruction in range source ID: 1, lines: 49..50, bytes: 2173..2262
2026-09-24T11:28:02.948386Z  WARN foundry_evm_coverage::anchors: could not find anchor item=Statement (location: (source ID: 1, lines: 49..50, bytes: 2173..2262), hits: 0) err=Could not find anchor: No matching instruction in range source ID: 1, lines: 49..50, bytes: 2173..2262
2026-09-24T11:28:02.948391Z  WARN foundry_evm_coverage::anchors: could not find anchor item=Line (location: (source ID: 1, lines: 50..53, bytes: 2272..2406), hits: 0) err=Could not find anchor: No matching instruction in range source ID: 1, lines: 50..53, bytes: 2272..2406
2026-09-24T11:28:02.948396Z  WARN foundry_evm_coverage::anchors: could not find anchor item=Statement (location: (source ID: 1, lines: 50..53, bytes: 2272..2406), hits: 0) err=Could not find anchor: No matching instruction in range source ID: 1, lines: 50..53, bytes: 2272..2406
2026-09-24T11:28:02.948400Z  WARN foundry_evm_coverage::anchors: could not find anchor item=Line (location: (source ID: 1, lines: 53..54, bytes: 2416..2474), hits: 0) err=Could not find anchor: No matching instruction in range source ID: 1, lines: 53..54, bytes: 2416..2474
2026-09-24T11:28:02.948405Z  WARN foundry_evm_coverage::anchors: could not find anchor item=Statement (location: (source ID: 1, lines: 53..54, bytes: 2416..2474), hits: 0) err=Could not find anchor: No matching instruction in range source ID: 1, lines: 53..54, bytes: 2416..2474
2026-09-24T11:28:02.948410Z  WARN foundry_evm_coverage::anchors: could not find anchor item=Line (location: (source ID: 1, lines: 54..55, bytes: 2484..2506), hits: 0) err=Could not find anchor: No matching instruction in range source ID: 1, lines: 54..55, bytes: 2484..2506
2026-09-24T11:28:02.948415Z  WARN foundry_evm_coverage::anchors: could not find anchor item=Statement (location: (source ID: 1, lines: 54..55, bytes: 2484..2506), hits: 0) err=Could not find anchor: No matching instruction in range source ID: 1, lines: 54..55, bytes: 2484..2506
2026-09-24T11:28:02.948420Z  WARN foundry_evm_coverage::anchors: could not find anchor item=Line (location: (source ID: 1, lines: 55..56, bytes: 2516..2549), hits: 0) err=Could not find anchor: No matching instruction in range source ID: 1, lines: 55..56, bytes: 2516..2549
2026-09-24T11:28:02.948425Z  WARN foundry_evm_coverage::anchors: could not find anchor item=Statement (location: (source ID: 1, lines: 55..56, bytes: 2516..2549), hits: 0) err=Could not find anchor: No matching instruction in range source ID: 1, lines: 55..56, bytes: 2516..2549
2026-09-24T11:28:02.948430Z  WARN foundry_evm_coverage::anchors: could not find anchor item=Line (location: (source ID: 1, lines: 56..57, bytes: 2559..2652), hits: 0) err=Could not find anchor: No matching instruction in range source ID: 1, lines: 56..57, bytes: 2559..2652
2026-09-24T11:28:02.948435Z  WARN foundry_evm_coverage::anchors: could not find anchor item=Statement (location: (source ID: 1, lines: 56..57, bytes: 2559..2652), hits: 0) err=Could not find anchor: No matching instruction in range source ID: 1, lines: 56..57, bytes: 2559..2652
2026-09-24T11:28:02.948440Z  WARN foundry_evm_coverage::anchors: could not find anchor item=Line (location: (source ID: 1, lines: 57..60, bytes: 2662..2796), hits: 0) err=Could not find anchor: No matching instruction in range source ID: 1, lines: 57..60, bytes: 2662..2796
2026-09-24T11:28:02.948445Z  WARN foundry_evm_coverage::anchors: could not find anchor item=Statement (location: (source ID: 1, lines: 57..60, bytes: 2662..2796), hits: 0) err=Could not find anchor: No matching instruction in range source ID: 1, lines: 57..60, bytes: 2662..2796
2026-09-24T11:28:02.948466Z  WARN foundry_evm_coverage::anchors: could not find anchor item=Line (location: (source ID: 1, lines: 60..61, bytes: 2806..2899), hits: 0) err=Could not find anchor: No matching instruction in range source ID: 1, lines: 60..61, bytes: 2806..2899
2026-09-24T11:28:02.948471Z  WARN foundry_evm_coverage::anchors: could not find anchor item=Statement (location: (source ID: 1, lines: 60..61, bytes: 2806..2899), hits: 0) err=Could not find anchor: No matching instruction in range source ID: 1, lines: 60..61, bytes: 2806..2899
2026-09-24T11:28:02.948476Z  WARN foundry_evm_coverage::anchors: could not find anchor item=Line (location: (source ID: 1, lines: 61..65, bytes: 2909..3052), hits: 0) err=Could not find anchor: No matching instruction in range source ID: 1, lines: 61..65, bytes: 2909..3052
2026-09-24T11:28:02.948481Z  WARN foundry_evm_coverage::anchors: could not find anchor item=Statement (location: (source ID: 1, lines: 61..65, bytes: 2909..3052), hits: 0) err=Could not find anchor: No matching instruction in range source ID: 1, lines: 61..65, bytes: 2909..3052
2026-09-24T11:28:02.948071Z  WARN foundry_evm_coverage::anchors: could not find anchor item=Statement (location: (source ID: 3, lines: 48..49, bytes: 1747..1780), hits: 0) err=Could not find anchor: No matching instruction in range source ID: 3, lines: 48..49, bytes: 1747..1780
2026-09-24T11:28:02.948001Z  WARN foundry_evm_coverage::anchors: could not find anchor item=Statement (location: (source ID: 6, lines: 72..73, bytes: 2751..2783), hits: 0) err=Could not find anchor: No matching instruction in range source ID: 6, lines: 72..73, bytes: 2751..2783
2026-09-24T11:28:02.948503Z  WARN foundry_evm_coverage::anchors: could not find anchor item=Statement (location: (source ID: 6, lines: 72..75, bytes: 2711..2988), hits: 0) err=Could not find anchor: No matching instruction in range source ID: 6, lines: 72..75, bytes: 2711..2988
2026-09-24T11:28:02.948508Z  WARN foundry_evm_coverage::anchors: could not find anchor item=Statement (location: (source ID: 6, lines: 72..75, bytes: 2727..2988), hits: 0) err=Could not find anchor: No matching instruction in range source ID: 6, lines: 72..75, bytes: 2727..2988
2026-09-24T11:28:02.948514Z  WARN foundry_evm_coverage::anchors: could not find anchor item=Statement (location: (source ID: 6, lines: 72..75, bytes: 2740..2988), hits: 0) err=Could not find anchor: No matching instruction in range source ID: 6, lines: 72..75, bytes: 2740..2988
2026-09-24T11:28:02.948520Z  WARN foundry_evm_coverage::anchors: could not find anchor item=Line (location: (source ID: 6, lines: 73..74, bytes: 2803..2846), hits: 0) err=Could not find anchor: No matching instruction in range source ID: 6, lines: 73..74, bytes: 2803..2846
2026-09-24T11:28:02.948525Z  WARN foundry_evm_coverage::anchors: could not find anchor item=Statement (location: (source ID: 6, lines: 73..74, bytes: 2803..2846), hits: 0) err=Could not find anchor: No matching instruction in range source ID: 6, lines: 73..74, bytes: 2803..2846
2026-09-24T11:28:02.948531Z  WARN foundry_evm_coverage::anchors: could not find anchor item=Statement (location: (source ID: 6, lines: 73..74, bytes: 2821..2846), hits: 0) err=Could not find anchor: No matching instruction in range source ID: 6, lines: 73..74, bytes: 2821..2846
2026-09-24T11:28:02.948536Z  WARN foundry_evm_coverage::anchors: could not find anchor item=Statement (location: (source ID: 6, lines: 73..75, bytes: 2803..2988), hits: 0) err=Could not find anchor: No matching instruction in range source ID: 6, lines: 73..75, bytes: 2803..2988
2026-09-24T11:28:02.948542Z  WARN foundry_evm_coverage::anchors: could not find anchor item=Statement (location: (source ID: 6, lines: 73..75, bytes: 2850..2988), hits: 0) err=Could not find anchor: No matching instruction in range source ID: 6, lines: 73..75, bytes: 2850..2988
2026-09-24T11:28:02.948547Z  WARN foundry_evm_coverage::anchors: could not find anchor item=Line (location: (source ID: 6, lines: 74..75, bytes: 2908..2988), hits: 0) err=Could not find anchor: No matching instruction in range source ID: 6, lines: 74..75, bytes: 2908..2988
2026-09-24T11:28:02.948563Z  WARN foundry_evm_coverage::anchors: could not find anchor item=Statement (location: (source ID: 6, lines: 74..75, bytes: 2908..2988), hits: 0) err=Could not find anchor: No matching instruction in range source ID: 6, lines: 74..75, bytes: 2908..2988
2026-09-24T11:28:02.948569Z  WARN foundry_evm_coverage::anchors: could not find anchor item=Line (location: (source ID: 6, lines: 75..76, bytes: 2999..3023), hits: 0) err=Could not find anchor: No matching instruction in range source ID: 6, lines: 75..76, bytes: 2999..3023
2026-09-24T11:28:02.948575Z  WARN foundry_evm_coverage::anchors: could not find anchor item=Statement (location: (source ID: 6, lines: 75..76, bytes: 2999..3023), hits: 0) err=Could not find anchor: No matching instruction in range source ID: 6, lines: 75..76, bytes: 2999..3023
2026-09-24T11:28:02.948580Z  WARN foundry_evm_coverage::anchors: could not find anchor item=Branch (branch: 3, path: 0) (location: (source ID: 6, lines: 75..76, bytes: 2999..3023), hits: 0) err=Could not find anchor: No matching instruction in range source ID: 6, lines: 75..76, bytes: 2999..3023
2026-09-24T11:28:02.948586Z  WARN foundry_evm_coverage::anchors: could not find anchor item=Line (location: (source ID: 6, lines: 76..77, bytes: 3033..3069), hits: 0) err=Could not find anchor: No matching instruction in range source ID: 6, lines: 76..77, bytes: 3033..3069
2026-09-24T11:28:02.948591Z  WARN foundry_evm_coverage::anchors: could not find anchor item=Statement (location: (source ID: 6, lines: 76..77, bytes: 3033..3069), hits: 0) err=Could not find anchor: No matching instruction in range source ID: 6, lines: 76..77, bytes: 3033..3069
2026-09-24T11:28:02.948597Z  WARN foundry_evm_coverage::anchors: could not find anchor item=Statement (location: (source ID: 6, lines: 76..77, bytes: 3047..3069), hits: 0) err=Could not find anchor: No matching instruction in range source ID: 6, lines: 76..77, bytes: 3047..3069
2026-09-24T11:28:02.948602Z  WARN foundry_evm_coverage::anchors: could not find anchor item=Line (location: (source ID: 6, lines: 78..79, bytes: 3111..3147), hits: 0) err=Could not find anchor: No matching instruction in range source ID: 6, lines: 78..79, bytes: 3111..3147
2026-09-24T11:28:02.948608Z  WARN foundry_evm_coverage::anchors: could not find anchor item=Statement (location: (source ID: 6, lines: 78..79, bytes: 3111..3147), hits: 0) err=Could not find anchor: No matching instruction in range source ID: 6, lines: 78..79, bytes: 3111..3147
2026-09-24T11:28:02.948613Z  WARN foundry_evm_coverage::anchors: could not find anchor item=Statement (location: (source ID: 6, lines: 78..80, bytes: 3096..3229), hits: 0) err=Could not find anchor: No matching instruction in range source ID: 6, lines: 78..80, bytes: 3096..3229
2026-09-24T11:28:02.948618Z  WARN foundry_evm_coverage::anchors: could not find anchor item=Statement (location: (source ID: 6, lines: 78..80, bytes: 3111..3229), hits: 0) err=Could not find anchor: No matching instruction in range source ID: 6, lines: 78..80, bytes: 3111..3229
2026-09-24T11:28:02.948624Z  WARN foundry_evm_coverage::anchors: could not find anchor item=Line (location: (source ID: 6, lines: 80..83, bytes: 3240..3336), hits: 0) err=Could not find anchor: No matching instruction in range source ID: 6, lines: 80..83, bytes: 3240..3336
2026-09-24T11:28:02.948630Z  WARN foundry_evm_coverage::anchors: could not find anchor item=Branch (branch: 4, path: 0) (location: (source ID: 6, lines: 80..83, bytes: 3240..3336), hits: 0) err=Could not find anchor: No matching instruction in range source ID: 6, lines: 80..83, bytes: 3240..3336
2026-09-24T11:28:02.948635Z  WARN foundry_evm_coverage::anchors: could not find anchor item=Line (location: (source ID: 6, lines: 81..82, bytes: 3254..3325), hits: 0) err=Could not find anchor: No matching instruction in range source ID: 6, lines: 81..82, bytes: 3254..3325
2026-09-24T11:28:02.948650Z  WARN foundry_evm_coverage::anchors: could not find anchor item=Statement (location: (source ID: 6, lines: 81..82, bytes: 3254..3325), hits: 0) err=Could not find anchor: No matching instruction in range source ID: 6, lines: 81..82, bytes: 3254..3325
2026-09-24T11:28:02.948656Z  WARN foundry_evm_coverage::anchors: could not find anchor item=Line (location: (source ID: 6, lines: 83..84, bytes: 3345..3363), hits: 0) err=Could not find anchor: No matching instruction in range source ID: 6, lines: 83..84, bytes: 3345..3363
2026-09-24T11:28:02.948061Z  WARN foundry_evm_coverage::anchors: could not find anchor item=Statement (location: (source ID: 14, lines: 76..77, bytes: 3005..3056), hits: 0) err=Could not find anchor: No matching instruction in range source ID: 14, lines: 76..77, bytes: 3005..3056
2026-09-24T11:28:02.947929Z  WARN foundry_evm_coverage::anchors: could not find anchor item=Branch (branch: 0, path: 1) (location: (source ID: 22, lines: 61..62, bytes: 1770..1803), hits: 0) err=Could not detect branches in source: source ID: 22, lines: 61..62, bytes: 1770..1803
2026-09-24T11:28:02.948673Z  WARN foundry_evm_coverage::anchors: could not find anchor item=Line (location: (source ID: 14, lines: 77..78, bytes: 3066..3097), hits: 0) err=Could not find anchor: No matching instruction in range source ID: 14, lines: 77..78, bytes: 3066..3097
2026-09-24T11:28:02.948487Z  WARN foundry_evm_coverage::anchors: could not find anchor item=Branch (branch: 0, path: 0) (location: (source ID: 1, lines: 61..65, bytes: 2909..3052), hits: 0) err=Could not detect branches in source: source ID: 1, lines: 61..65, bytes: 2909..3052
2026-09-24T11:28:02.948687Z  WARN foundry_evm_coverage::anchors: could not find anchor item=Branch (branch: 0, path: 1) (location: (source ID: 1, lines: 61..65, bytes: 2909..3052), hits: 0) err=Could not detect branches in source: source ID: 1, lines: 61..65, bytes: 2909..3052
2026-09-24T11:28:02.948692Z  WARN foundry_evm_coverage::anchors: could not find anchor item=Line (location: (source ID: 1, lines: 65..66, bytes: 3062..3122), hits: 0) err=Could not find anchor: No matching instruction in range source ID: 1, lines: 65..66, bytes: 3062..3122
2026-09-24T11:28:02.948697Z  WARN foundry_evm_coverage::anchors: could not find anchor item=Statement (location: (source ID: 1, lines: 65..66, bytes: 3062..3122), hits: 0) err=Could not find anchor: No matching instruction in range source ID: 1, lines: 65..66, bytes: 3062..3122
2026-09-24T11:28:02.948703Z  WARN foundry_evm_coverage::anchors: could not find anchor item=Branch (branch: 1, path: 0) (location: (source ID: 1, lines: 65..66, bytes: 3062..3122), hits: 0) err=Could not detect branches in source: source ID: 1, lines: 65..66, bytes: 3062..3122
2026-09-24T11:28:02.948708Z  WARN foundry_evm_coverage::anchors: could not find anchor item=Branch (branch: 1, path: 1) (location: (source ID: 1, lines: 65..66, bytes: 3062..3122), hits: 0) err=Could not detect branches in source: source ID: 1, lines: 65..66, bytes: 3062..3122
2026-09-24T11:28:02.948713Z  WARN foundry_evm_coverage::anchors: could not find anchor item=Line (location: (source ID: 1, lines: 66..67, bytes: 3132..3198), hits: 0) err=Could not find anchor: No matching instruction in range source ID: 1, lines: 66..67, bytes: 3132..3198
2026-09-24T11:28:02.948718Z  WARN foundry_evm_coverage::anchors: could not find anchor item=Statement (location: (source ID: 1, lines: 66..67, bytes: 3132..3198), hits: 0) err=Could not find anchor: No matching instruction in range source ID: 1, lines: 66..67, bytes: 3132..3198
2026-09-24T11:28:02.948723Z  WARN foundry_evm_coverage::anchors: could not find anchor item=Branch (branch: 2, path: 0) (location: (source ID: 1, lines: 66..67, bytes: 3132..3198), hits: 0) err=Could not detect branches in source: source ID: 1, lines: 66..67, bytes: 3132..3198
2026-09-24T11:28:02.948729Z  WARN foundry_evm_coverage::anchors: could not find anchor item=Branch (branch: 2, path: 1) (location: (source ID: 1, lines: 66..67, bytes: 3132..3198), hits: 0) err=Could not detect branches in source: source ID: 1, lines: 66..67, bytes: 3132..3198
2026-09-24T11:28:02.948751Z  WARN foundry_evm_coverage::anchors: could not find anchor item=Line (location: (source ID: 1, lines: 67..68, bytes: 3208..3307), hits: 0) err=Could not find anchor: No matching instruction in range source ID: 1, lines: 67..68, bytes: 3208..3307
2026-09-24T11:28:02.948756Z  WARN foundry_evm_coverage::anchors: could not find anchor item=Statement (location: (source ID: 1, lines: 67..68, bytes: 3208..3307), hits: 0) err=Could not find anchor: No matching instruction in range source ID: 1, lines: 67..68, bytes: 3208..3307
2026-09-24T11:28:02.948761Z  WARN foundry_evm_coverage::anchors: could not find anchor item=Line (location: (source ID: 1, lines: 68..69, bytes: 3317..3331), hits: 0) err=Could not find anchor: No matching instruction in range source ID: 1, lines: 68..69, bytes: 3317..3331
2026-09-24T11:28:02.948766Z  WARN foundry_evm_coverage::anchors: could not find anchor item=Statement (location: (source ID: 1, lines: 68..69, bytes: 3317..3331), hits: 0) err=Could not find anchor: No matching instruction in range source ID: 1, lines: 68..69, bytes: 3317..3331
2026-09-24T11:28:02.948771Z  WARN foundry_evm_coverage::anchors: could not find anchor item=Line (location: (source ID: 1, lines: 71..89, bytes: 3344..3776), hits: 0) err=Could not find anchor: No matching instruction in range source ID: 1, lines: 71..89, bytes: 3344..3776
2026-09-24T11:28:02.948776Z  WARN foundry_evm_coverage::anchors: could not find anchor item=Function "_config" (location: (source ID: 1, lines: 71..89, bytes: 3344..3776), hits: 0) err=Could not find anchor: No matching instruction in range source ID: 1, lines: 71..89, bytes: 3344..3776
2026-09-24T11:28:02.948781Z  WARN foundry_evm_coverage::anchors: could not find anchor item=Line (location: (source ID: 1, lines: 76..88, bytes: 3498..3769), hits: 0) err=Could not find anchor: No matching instruction in range source ID: 1, lines: 76..88, bytes: 3498..3769
2026-09-24T11:28:02.948786Z  WARN foundry_evm_coverage::anchors: could not find anchor item=Statement (location: (source ID: 1, lines: 76..88, bytes: 3498..3769), hits: 0) err=Could not find anchor: No matching instruction in range source ID: 1, lines: 76..88, bytes: 3498..3769
2026-09-24T11:28:02.948791Z  WARN foundry_evm_coverage::anchors: could not find anchor item=Statement (location: (source ID: 1, lines: 76..88, bytes: 3505..3769), hits: 0) err=Could not find anchor: No matching instruction in range source ID: 1, lines: 76..88, bytes: 3505..3769
2026-09-24T11:28:02.947994Z  WARN foundry_evm_coverage::anchors: could not find anchor item=Statement (location: (source ID: 11, lines: 71..72, bytes: 2833..2853), hits: 0) err=Could not find anchor: No matching instruction in range source ID: 11, lines: 71..72, bytes: 2833..2853
2026-09-24T11:28:02.948684Z  WARN foundry_evm_coverage::anchors: could not find anchor item=Statement (location: (source ID: 14, lines: 77..78, bytes: 3066..3097), hits: 0) err=Could not find anchor: No matching instruction in range source ID: 14, lines: 77..78, bytes: 3066..3097
2026-09-24T11:28:02.948495Z  WARN foundry_evm_coverage::anchors: could not find anchor item=Line (location: (source ID: 3, lines: 49..50, bytes: 1794..1818), hits: 0) err=Could not find anchor: No matching instruction in range source ID: 3, lines: 49..50, bytes: 1794..1818
2026-09-24T11:28:02.948818Z  WARN foundry_evm_coverage::anchors: could not find anchor item=Statement (location: (source ID: 3, lines: 49..50, bytes: 1794..1818), hits: 0) err=Could not find anchor: No matching instruction in range source ID: 3, lines: 49..50, bytes: 1794..1818
2026-09-24T11:28:02.948039Z  WARN foundry_evm_coverage::anchors: could not find anchor item=Line (location: (source ID: 14, lines: 69..70, bytes: 2729..2757), hits: 0) err=Could not find anchor: No matching instruction in range source ID: 14, lines: 69..70, bytes: 2729..2757
2026-09-24T11:28:02.948039Z  WARN foundry_evm_coverage::anchors: could not find anchor item=Line (location: (source ID: 4, lines: 54..55, bytes: 2491..2531), hits: 0) err=Could not find anchor: No matching instruction in range source ID: 4, lines: 54..55, bytes: 2491..2531
2026-09-24T11:28:02.947915Z  WARN foundry_evm_coverage::anchors: could not find anchor item=Branch (branch: 0, path: 1) (location: (source ID: 24, lines: 17..18, bytes: 790..831), hits: 0) err=Could not detect branches in source: source ID: 24, lines: 17..18, bytes: 790..831
2026-09-24T11:28:02.948879Z  WARN foundry_evm_coverage::anchors: could not find anchor item=Line (location: (source ID: 24, lines: 18..19, bytes: 841..882), hits: 0) err=Could not find anchor: No matching instruction in range source ID: 24, lines: 18..19, bytes: 841..882
2026-09-24T11:28:02.948058Z  WARN foundry_evm_coverage::anchors: could not find anchor item=Statement (location: (source ID: 11, lines: 52..53, bytes: 1975..2014), hits: 0) err=Could not find anchor: No matching instruction in range source ID: 11, lines: 52..53, bytes: 1975..2014
2026-09-24T11:28:02.948675Z  WARN foundry_evm_coverage::anchors: could not find anchor item=Line (location: (source ID: 22, lines: 62..63, bytes: 1813..1885), hits: 0) err=Could not find anchor: No matching instruction in range source ID: 22, lines: 62..63, bytes: 1813..1885
2026-09-24T11:28:02.948905Z  WARN foundry_evm_coverage::anchors: could not find anchor item=Statement (location: (source ID: 11, lines: 52..53, bytes: 1995..2014), hits: 0) err=Could not find anchor: No matching instruction in range source ID: 11, lines: 52..53, bytes: 1995..2014
2026-09-24T11:28:02.948804Z  WARN foundry_evm_coverage::anchors: could not find anchor item=Statement (location: (source ID: 11, lines: 71..72, bytes: 2833..2857), hits: 0) err=Could not find anchor: No matching instruction in range source ID: 11, lines: 71..72, bytes: 2833..2857
2026-09-24T11:28:02.948661Z  WARN foundry_evm_coverage::anchors: could not find anchor item=Statement (location: (source ID: 6, lines: 83..84, bytes: 3345..3363), hits: 0) err=Could not find anchor: No matching instruction in range source ID: 6, lines: 83..84, bytes: 3345..3363
2026-09-24T11:28:02.948825Z  WARN foundry_evm_coverage::anchors: could not find anchor item=Statement (location: (source ID: 3, lines: 49..50, bytes: 1820..1843), hits: 0) err=Could not find anchor: No matching instruction in range source ID: 3, lines: 49..50, bytes: 1820..1843
2026-09-24T11:28:02.948838Z  WARN foundry_evm_coverage::anchors: could not find anchor item=Statement (location: (source ID: 14, lines: 69..70, bytes: 2729..2757), hits: 0) err=Could not find anchor: No matching instruction in range source ID: 14, lines: 69..70, bytes: 2729..2757
2026-09-24T11:28:02.948891Z  WARN foundry_evm_coverage::anchors: could not find anchor item=Statement (location: (source ID: 24, lines: 18..19, bytes: 841..882), hits: 0) err=Could not find anchor: No matching instruction in range source ID: 24, lines: 18..19, bytes: 841..882
2026-09-24T11:28:02.948998Z  WARN foundry_evm_coverage::anchors: could not find anchor item=Statement (location: (source ID: 14, lines: 69..70, bytes: 2736..2757), hits: 0) err=Could not find anchor: No matching instruction in range source ID: 14, lines: 69..70, bytes: 2736..2757
2026-09-24T11:28:02.948909Z  WARN foundry_evm_coverage::anchors: could not find anchor item=Statement (location: (source ID: 4, lines: 54..55, bytes: 2491..2531), hits: 0) err=Could not find anchor: No matching instruction in range source ID: 4, lines: 54..55, bytes: 2491..2531
2026-09-24T11:28:02.949012Z  WARN foundry_evm_coverage::anchors: could not find anchor item=Statement (location: (source ID: 14, lines: 69..70, bytes: 2745..2757), hits: 0) err=Could not find anchor: No matching instruction in range source ID: 14, lines: 69..70, bytes: 2745..2757
2026-09-24T11:28:02.948815Z  WARN foundry_evm_coverage::anchors: could not find anchor item=Line (location: (source ID: 14, lines: 80..84, bytes: 3110..3270), hits: 0) err=Could not find anchor: No matching instruction in range source ID: 14, lines: 80..84, bytes: 3110..3270
2026-09-24T11:28:02.948926Z  WARN foundry_evm_coverage::anchors: could not find anchor item=Statement (location: (source ID: 11, lines: 71..72, bytes: 2833..2862), hits: 0) err=Could not find anchor: No matching instruction in range source ID: 11, lines: 71..72, bytes: 2833..2862
2026-09-24T11:28:02.949047Z  WARN foundry_evm_coverage::anchors: could not find anchor item=Function "_mint" (location: (source ID: 14, lines: 80..84, bytes: 3110..3270), hits: 0) err=Could not find anchor: No matching instruction in range source ID: 14, lines: 80..84, bytes: 3110..3270
2026-09-24T11:28:02.947446Z  WARN foundry_evm_coverage::anchors: could not find anchor item=Statement (location: (source ID: 23, lines: 17..18, bytes: 654..672), hits: 0) err=Could not find anchor: No matching instruction in range source ID: 23, lines: 17..18, bytes: 654..672
2026-09-24T11:28:02.948984Z  WARN foundry_evm_coverage::anchors: could not find anchor item=Branch (branch: 3, path: 0) (location: (source ID: 3, lines: 49..50, bytes: 1820..1843), hits: 0) err=Could not find anchor: No matching instruction in range source ID: 3, lines: 49..50, bytes: 1820..1843
2026-09-24T11:28:02.948998Z  WARN foundry_evm_coverage::anchors: could not find anchor item=Line (location: (source ID: 24, lines: 19..20, bytes: 892..940), hits: 0) err=Could not find anchor: No matching instruction in range source ID: 24, lines: 19..20, bytes: 892..940
2026-09-24T11:28:02.949100Z  WARN foundry_evm_coverage::anchors: could not find anchor item=Statement (location: (source ID: 24, lines: 19..20, bytes: 892..940), hits: 0) err=Could not find anchor: No matching instruction in range source ID: 24, lines: 19..20, bytes: 892..940
2026-09-24T11:28:02.949106Z  WARN foundry_evm_coverage::anchors: could not find anchor item=Line (location: (source ID: 24, lines: 22..27, bytes: 953..1231), hits: 0) err=Could not find anchor: No matching instruction in range source ID: 24, lines: 22..27, bytes: 953..1231
2026-09-24T11:28:02.949111Z  WARN foundry_evm_coverage::anchors: could not find anchor item=Function "rotate" (location: (source ID: 24, lines: 22..27, bytes: 953..1231), hits: 0) err=Could not find anchor: No matching instruction in range source ID: 24, lines: 22..27, bytes: 953..1231
2026-09-24T11:28:02.949117Z  WARN foundry_evm_coverage::anchors: could not find anchor item=Line (location: (source ID: 24, lines: 23..24, bytes: 1031..1099), hits: 0) err=Could not find anchor: No matching instruction in range source ID: 24, lines: 23..24, bytes: 1031..1099
2026-09-24T11:28:02.949122Z  WARN foundry_evm_coverage::anchors: could not find anchor item=Statement (location: (source ID: 24, lines: 23..24, bytes: 1031..1099), hits: 0) err=Could not find anchor: No matching instruction in range source ID: 24, lines: 23..24, bytes: 1031..1099
2026-09-24T11:28:02.949127Z  WARN foundry_evm_coverage::anchors: could not find anchor item=Line (location: (source ID: 24, lines: 24..25, bytes: 1109..1134), hits: 0) err=Could not find anchor: No matching instruction in range source ID: 24, lines: 24..25, bytes: 1109..1134
2026-09-24T11:28:02.949133Z  WARN foundry_evm_coverage::anchors: could not find anchor item=Statement (location: (source ID: 24, lines: 24..25, bytes: 1109..1134), hits: 0) err=Could not find anchor: No matching instruction in range source ID: 24, lines: 24..25, bytes: 1109..1134
2026-09-24T11:28:02.949138Z  WARN foundry_evm_coverage::anchors: could not find anchor item=Line (location: (source ID: 24, lines: 25..26, bytes: 1144..1224), hits: 0) err=Could not find anchor: No matching instruction in range source ID: 24, lines: 25..26, bytes: 1144..1224
2026-09-24T11:28:02.949143Z  WARN foundry_evm_coverage::anchors: could not find anchor item=Statement (location: (source ID: 24, lines: 25..26, bytes: 1144..1224), hits: 0) err=Could not find anchor: No matching instruction in range source ID: 24, lines: 25..26, bytes: 1144..1224
2026-09-24T11:28:02.948920Z  WARN foundry_evm_coverage::anchors: could not find anchor item=Line (location: (source ID: 11, lines: 53..54, bytes: 2028..2047), hits: 0) err=Could not find anchor: No matching instruction in range source ID: 11, lines: 53..54, bytes: 2028..2047
2026-09-24T11:28:02.949013Z  WARN foundry_evm_coverage::anchors: could not find anchor item=Line (location: (source ID: 4, lines: 58..62, bytes: 2637..2803), hits: 0) err=Could not find anchor: No matching instruction in range source ID: 4, lines: 58..62, bytes: 2637..2803
2026-09-24T11:28:02.949172Z  WARN foundry_evm_coverage::anchors: could not find anchor item=Statement (location: (source ID: 11, lines: 53..54, bytes: 2028..2047), hits: 0) err=Could not find anchor: No matching instruction in range source ID: 11, lines: 53..54, bytes: 2028..2047
2026-09-24T11:28:02.948972Z  WARN foundry_evm_coverage::anchors: could not find anchor item=Line (location: (source ID: 6, lines: 84..85, bytes: 3373..3400), hits: 0) err=Could not find anchor: No matching instruction in range source ID: 6, lines: 84..85, bytes: 3373..3400
2026-09-24T11:28:02.949190Z  WARN foundry_evm_coverage::anchors: could not find anchor item=Statement (location: (source ID: 6, lines: 84..85, bytes: 3373..3400), hits: 0) err=Could not find anchor: No matching instruction in range source ID: 6, lines: 84..85, bytes: 3373..3400
2026-09-24T11:28:02.949084Z  WARN foundry_evm_coverage::anchors: could not find anchor item=Line (location: (source ID: 23, lines: 18..19, bytes: 682..708), hits: 0) err=Could not find anchor: No matching instruction in range source ID: 23, lines: 18..19, bytes: 682..708
2026-09-24T11:28:02.949093Z  WARN foundry_evm_coverage::anchors: could not find anchor item=Line (location: (source ID: 3, lines: 50..51, bytes: 1853..1896), hits: 0) err=Could not find anchor: No matching instruction in range source ID: 3, lines: 50..51, bytes: 1853..1896
2026-09-24T11:28:02.948909Z  WARN foundry_evm_coverage::anchors: could not find anchor item=Statement (location: (source ID: 22, lines: 62..63, bytes: 1813..1885), hits: 0) err=Could not find anchor: No matching instruction in range source ID: 22, lines: 62..63, bytes: 1813..1885
2026-09-24T11:28:02.949154Z  WARN foundry_evm_coverage::anchors: could not find anchor item=Line (location: (source ID: 24, lines: 10..15, bytes: 457..670), hits: 0) err=Could not find anchor: No matching instruction in range source ID: 24, lines: 10..15, bytes: 457..670
2026-09-24T11:28:02.949173Z  WARN foundry_evm_coverage::anchors: could not find anchor item=Function "quoteDeposit" (location: (source ID: 4, lines: 58..62, bytes: 2637..2803), hits: 0) err=Could not find anchor: No matching instruction in range source ID: 4, lines: 58..62, bytes: 2637..2803
2026-09-24T11:28:02.949229Z  WARN foundry_evm_coverage::anchors: could not find anchor item=Function "constructor" (location: (source ID: 24, lines: 10..15, bytes: 457..670), hits: 0) err=Could not find anchor: No matching instruction in range source ID: 24, lines: 10..15, bytes: 457..670
2026-09-24T11:28:02.949050Z  WARN foundry_evm_coverage::anchors: could not find anchor item=Statement (location: (source ID: 11, lines: 71..72, bytes: 2864..2870), hits: 0) err=Could not find anchor: No matching instruction in range source ID: 11, lines: 71..72, bytes: 2864..2870
2026-09-24T11:28:02.949241Z  WARN foundry_evm_coverage::anchors: could not find anchor item=Line (location: (source ID: 24, lines: 11..12, bytes: 521..552), hits: 0) err=Could not find anchor: No matching instruction in range source ID: 24, lines: 11..12, bytes: 521..552
2026-09-24T11:28:02.949059Z  WARN foundry_evm_coverage::anchors: could not find anchor item=Line (location: (source ID: 14, lines: 81..82, bytes: 3190..3222), hits: 0) err=Could not find anchor: No matching instruction in range source ID: 14, lines: 81..82, bytes: 3190..3222
2026-09-24T11:28:02.949252Z  WARN foundry_evm_coverage::anchors: could not find anchor item=Statement (location: (source ID: 24, lines: 11..12, bytes: 521..552), hits: 0) err=Could not find anchor: No matching instruction in range source ID: 24, lines: 11..12, bytes: 521..552
2026-09-24T11:28:02.949259Z  WARN foundry_evm_coverage::anchors: could not find anchor item=Statement (location: (source ID: 14, lines: 81..82, bytes: 3190..3222), hits: 0) err=Could not find anchor: No matching instruction in range source ID: 14, lines: 81..82, bytes: 3190..3222
2026-09-24T11:28:02.949210Z  WARN foundry_evm_coverage::anchors: could not find anchor item=Statement (location: (source ID: 3, lines: 50..51, bytes: 1853..1896), hits: 0) err=Could not find anchor: No matching instruction in range source ID: 3, lines: 50..51, bytes: 1853..1896
2026-09-24T11:28:02.949279Z  WARN foundry_evm_coverage::anchors: could not find anchor item=Line (location: (source ID: 14, lines: 82..83, bytes: 3232..3263), hits: 0) err=Could not find anchor: No matching instruction in range source ID: 14, lines: 82..83, bytes: 3232..3263
2026-09-24T11:28:02.949176Z  WARN foundry_evm_coverage::anchors: could not find anchor item=Line (location: (source ID: 14, lines: 49..52, bytes: 2008..2105), hits: 0) err=Could not find anchor: No matching instruction in range source ID: 14, lines: 49..52, bytes: 2008..2105
2026-09-24T11:28:02.949231Z  WARN foundry_evm_coverage::anchors: could not find anchor item=Line (location: (source ID: 4, lines: 59..60, bytes: 2731..2769), hits: 0) err=Could not find anchor: No matching instruction in range source ID: 4, lines: 59..60, bytes: 2731..2769
2026-09-24T11:28:02.949186Z  WARN foundry_evm_coverage::anchors: could not find anchor item=Statement (location: (source ID: 11, lines: 53..54, bytes: 2028..2051), hits: 0) err=Could not find anchor: No matching instruction in range source ID: 11, lines: 53..54, bytes: 2028..2051
2026-09-24T11:28:02.949243Z  WARN foundry_evm_coverage::anchors: could not find anchor item=Branch (branch: 1, path: 0) (location: (source ID: 11, lines: 71..72, bytes: 2864..2870), hits: 0) err=Could not find anchor: No matching instruction in range source ID: 11, lines: 71..72, bytes: 2864..2870
2026-09-24T11:28:02.949314Z  WARN foundry_evm_coverage::anchors: could not find anchor item=Statement (location: (source ID: 11, lines: 53..54, bytes: 2028..2056), hits: 0) err=Could not find anchor: No matching instruction in range source ID: 11, lines: 53..54, bytes: 2028..2056
2026-09-24T11:28:02.949205Z  WARN foundry_evm_coverage::anchors: could not find anchor item=Statement (location: (source ID: 23, lines: 18..19, bytes: 682..708), hits: 0) err=Could not find anchor: No matching instruction in range source ID: 23, lines: 18..19, bytes: 682..708
2026-09-24T11:28:02.949327Z  WARN foundry_evm_coverage::anchors: could not find anchor item=Statement (location: (source ID: 11, lines: 53..54, bytes: 2028..2074), hits: 0) err=Could not find anchor: No matching instruction in range source ID: 11, lines: 53..54, bytes: 2028..2074
2026-09-24T11:28:02.949220Z  WARN foundry_evm_coverage::anchors: could not find anchor item=Branch (branch: 1, path: 0) (location: (source ID: 22, lines: 62..63, bytes: 1813..1885), hits: 0) err=Could not detect branches in source: source ID: 22, lines: 62..63, bytes: 1813..1885
2026-09-24T11:28:02.949341Z  WARN foundry_evm_coverage::anchors: could not find anchor item=Statement (location: (source ID: 11, lines: 53..54, bytes: 2060..2074), hits: 0) err=Could not find anchor: No matching instruction in range source ID: 11, lines: 53..54, bytes: 2060..2074
2026-09-24T11:28:02.949291Z  WARN foundry_evm_coverage::anchors: could not find anchor item=Statement (location: (source ID: 14, lines: 82..83, bytes: 3232..3263), hits: 0) err=Could not find anchor: No matching instruction in range source ID: 14, lines: 82..83, bytes: 3232..3263
2026-09-24T11:28:02.949355Z  WARN foundry_evm_coverage::anchors: could not find anchor item=Statement (location: (source ID: 11, lines: 53..54, bytes: 2076..2082), hits: 0) err=Could not find anchor: No matching instruction in range source ID: 11, lines: 53..54, bytes: 2076..2082
2026-09-24T11:28:02.949359Z  WARN foundry_evm_coverage::anchors: could not find anchor item=Line (location: (source ID: 14, lines: 85..92, bytes: 3276..3613), hits: 0) err=Could not find anchor: No matching instruction in range source ID: 14, lines: 85..92, bytes: 3276..3613
2026-09-24T11:28:02.949196Z  WARN foundry_evm_coverage::anchors: could not find anchor item=Line (location: (source ID: 6, lines: 85..86, bytes: 3410..3431), hits: 0) err=Could not find anchor: No matching instruction in range source ID: 6, lines: 85..86, bytes: 3410..3431
2026-09-24T11:28:02.949405Z  WARN foundry_evm_coverage::anchors: could not find anchor item=Statement (location: (source ID: 6, lines: 85..86, bytes: 3410..3431), hits: 0) err=Could not find anchor: No matching instruction in range source ID: 6, lines: 85..86, bytes: 3410..3431
2026-09-24T11:28:02.949264Z  WARN foundry_evm_coverage::anchors: could not find anchor item=Line (location: (source ID: 24, lines: 12..13, bytes: 562..595), hits: 0) err=Could not find anchor: No matching instruction in range source ID: 24, lines: 12..13, bytes: 562..595
2026-09-24T11:28:02.949282Z  WARN foundry_evm_coverage::anchors: could not find anchor item=Line (location: (source ID: 3, lines: 51..52, bytes: 1906..1979), hits: 0) err=Could not find anchor: No matching instruction in range source ID: 3, lines: 51..52, bytes: 1906..1979
2026-09-24T11:28:02.949422Z  WARN foundry_evm_coverage::anchors: could not find anchor item=Statement (location: (source ID: 24, lines: 12..13, bytes: 562..595), hits: 0) err=Could not find anchor: No matching instruction in range source ID: 24, lines: 12..13, bytes: 562..595
2026-09-24T11:28:02.949301Z  WARN foundry_evm_coverage::anchors: could not find anchor item=Statement (location: (source ID: 4, lines: 59..60, bytes: 2731..2769), hits: 0) err=Could not find anchor: No matching instruction in range source ID: 4, lines: 59..60, bytes: 2731..2769
2026-09-24T11:28:02.949434Z  WARN foundry_evm_coverage::anchors: could not find anchor item=Line (location: (source ID: 24, lines: 13..14, bytes: 605..663), hits: 0) err=Could not find anchor: No matching instruction in range source ID: 24, lines: 13..14, bytes: 605..663
2026-09-24T11:28:02.949368Z  WARN foundry_evm_coverage::anchors: could not find anchor item=Branch (branch: 0, path: 0) (location: (source ID: 11, lines: 53..54, bytes: 2076..2082), hits: 0) err=Could not find anchor: No matching instruction in range source ID: 11, lines: 53..54, bytes: 2076..2082
2026-09-24T11:28:02.949402Z  WARN foundry_evm_coverage::anchors: could not find anchor item=Function "_redeem" (location: (source ID: 14, lines: 85..92, bytes: 3276..3613), hits: 0) err=Could not find anchor: No matching instruction in range source ID: 14, lines: 85..92, bytes: 3276..3613
2026-09-24T11:28:02.949454Z  WARN foundry_evm_coverage::anchors: could not find anchor item=Line (location: (source ID: 11, lines: 54..55, bytes: 2092..2134), hits: 0) err=Could not find anchor: No matching instruction in range source ID: 11, lines: 54..55, bytes: 2092..2134
2026-09-24T11:28:02.949460Z  WARN foundry_evm_coverage::anchors: could not find anchor item=Line (location: (source ID: 14, lines: 86..87, bytes: 3378..3411), hits: 0) err=Could not find anchor: No matching instruction in range source ID: 14, lines: 86..87, bytes: 3378..3411
2026-09-24T11:28:02.949467Z  WARN foundry_evm_coverage::anchors: could not find anchor item=Statement (location: (source ID: 11, lines: 54..55, bytes: 2092..2134), hits: 0) err=Could not find anchor: No matching instruction in range source ID: 11, lines: 54..55, bytes: 2092..2134
2026-09-24T11:28:02.949425Z  WARN foundry_evm_coverage::anchors: could not find anchor item=Statement (location: (source ID: 3, lines: 51..52, bytes: 1906..1979), hits: 0) err=Could not find anchor: No matching instruction in range source ID: 3, lines: 51..52, bytes: 1906..1979
2026-09-24T11:28:02.949480Z  WARN foundry_evm_coverage::anchors: could not find anchor item=Statement (location: (source ID: 11, lines: 54..55, bytes: 2109..2134), hits: 0) err=Could not find anchor: No matching instruction in range source ID: 11, lines: 54..55, bytes: 2109..2134
2026-09-24T11:28:02.949437Z  WARN foundry_evm_coverage::anchors: could not find anchor item=Line (location: (source ID: 4, lines: 60..61, bytes: 2779..2796), hits: 0) err=Could not find anchor: No matching instruction in range source ID: 4, lines: 60..61, bytes: 2779..2796
2026-09-24T11:28:02.949445Z  WARN foundry_evm_coverage::anchors: could not find anchor item=Statement (location: (source ID: 24, lines: 13..14, bytes: 605..663), hits: 0) err=Could not find anchor: No matching instruction in range source ID: 24, lines: 13..14, bytes: 605..663
2026-09-24T11:28:02.949315Z  WARN foundry_evm_coverage::anchors: could not find anchor item=Line (location: (source ID: 11, lines: 72..73, bytes: 2880..2918), hits: 0) err=Could not find anchor: No matching instruction in range source ID: 11, lines: 72..73, bytes: 2880..2918
2026-09-24T11:28:02.949411Z  WARN foundry_evm_coverage::anchors: could not find anchor item=Line (location: (source ID: 6, lines: 86..87, bytes: 3441..3468), hits: 0) err=Could not find anchor: No matching instruction in range source ID: 6, lines: 86..87, bytes: 3441..3468
2026-09-24T11:28:02.949345Z  WARN foundry_evm_coverage::anchors: could not find anchor item=Branch (branch: 1, path: 1) (location: (source ID: 22, lines: 62..63, bytes: 1813..1885), hits: 0) err=Could not detect branches in source: source ID: 22, lines: 62..63, bytes: 1813..1885
2026-09-24T11:28:02.949539Z  WARN foundry_evm_coverage::anchors: could not find anchor item=Line (location: (source ID: 22, lines: 63..64, bytes: 1899..1959), hits: 0) err=Could not find anchor: No matching instruction in range source ID: 22, lines: 63..64, bytes: 1899..1959
2026-09-24T11:28:02.949545Z  WARN foundry_evm_coverage::anchors: could not find anchor item=Statement (location: (source ID: 22, lines: 63..64, bytes: 1899..1959), hits: 0) err=Could not find anchor: No matching instruction in range source ID: 22, lines: 63..64, bytes: 1899..1959
2026-09-24T11:28:02.949550Z  WARN foundry_evm_coverage::anchors: could not find anchor item=Statement (location: (source ID: 22, lines: 63..64, bytes: 1908..1926), hits: 0) err=Could not find anchor: No matching instruction in range source ID: 22, lines: 63..64, bytes: 1908..1926
2026-09-24T11:28:02.949555Z  WARN foundry_evm_coverage::anchors: could not find anchor item=Statement (location: (source ID: 22, lines: 63..64, bytes: 1908..1959), hits: 0) err=Could not find anchor: No matching instruction in range source ID: 22, lines: 63..64, bytes: 1908..1959
2026-09-24T11:28:02.949560Z  WARN foundry_evm_coverage::anchors: could not find anchor item=Statement (location: (source ID: 22, lines: 63..64, bytes: 1930..1946), hits: 0) err=Could not find anchor: No matching instruction in range source ID: 22, lines: 63..64, bytes: 1930..1946
2026-09-24T11:28:02.949566Z  WARN foundry_evm_coverage::anchors: could not find anchor item=Statement (location: (source ID: 22, lines: 63..64, bytes: 1930..1959), hits: 0) err=Could not find anchor: No matching instruction in range source ID: 22, lines: 63..64, bytes: 1930..1959
2026-09-24T11:28:02.949571Z  WARN foundry_evm_coverage::anchors: could not find anchor item=Statement (location: (source ID: 22, lines: 63..64, bytes: 1950..1959), hits: 0) err=Could not find anchor: No matching instruction in range source ID: 22, lines: 63..64, bytes: 1950..1959
2026-09-24T11:28:02.949576Z  WARN foundry_evm_coverage::anchors: could not find anchor item=Branch (branch: 2, path: 0) (location: (source ID: 22, lines: 63..67, bytes: 1961..2044), hits: 0) err=Could not find anchor: No matching instruction in range source ID: 22, lines: 63..67, bytes: 1961..2044
2026-09-24T11:28:02.949581Z  WARN foundry_evm_coverage::anchors: could not find anchor item=Line (location: (source ID: 22, lines: 64..65, bytes: 1975..2009), hits: 0) err=Could not find anchor: No matching instruction in range source ID: 22, lines: 64..65, bytes: 1975..2009
2026-09-24T11:28:02.949587Z  WARN foundry_evm_coverage::anchors: could not find anchor item=Statement (location: (source ID: 22, lines: 64..65, bytes: 1975..2009), hits: 0) err=Could not find anchor: No matching instruction in range source ID: 22, lines: 64..65, bytes: 1975..2009
2026-09-24T11:28:02.949592Z  WARN foundry_evm_coverage::anchors: could not find anchor item=Line (location: (source ID: 22, lines: 65..66, bytes: 2023..2033), hits: 0) err=Could not find anchor: No matching instruction in range source ID: 22, lines: 65..66, bytes: 2023..2033
2026-09-24T11:28:02.949612Z  WARN foundry_evm_coverage::anchors: could not find anchor item=Statement (location: (source ID: 22, lines: 65..66, bytes: 2023..2033), hits: 0) err=Could not find anchor: No matching instruction in range source ID: 22, lines: 65..66, bytes: 2023..2033
2026-09-24T11:28:02.949617Z  WARN foundry_evm_coverage::anchors: could not find anchor item=Line (location: (source ID: 22, lines: 67..68, bytes: 2053..2083), hits: 0) err=Could not find anchor: No matching instruction in range source ID: 22, lines: 67..68, bytes: 2053..2083
2026-09-24T11:28:02.949623Z  WARN foundry_evm_coverage::anchors: could not find anchor item=Statement (location: (source ID: 22, lines: 67..68, bytes: 2053..2083), hits: 0) err=Could not find anchor: No matching instruction in range source ID: 22, lines: 67..68, bytes: 2053..2083
2026-09-24T11:28:02.949628Z  WARN foundry_evm_coverage::anchors: could not find anchor item=Line (location: (source ID: 22, lines: 68..69, bytes: 2097..2125), hits: 0) err=Could not find anchor: No matching instruction in range source ID: 22, lines: 68..69, bytes: 2097..2125
2026-09-24T11:28:02.949634Z  WARN foundry_evm_coverage::anchors: could not find anchor item=Statement (location: (source ID: 22, lines: 68..69, bytes: 2097..2125), hits: 0) err=Could not find anchor: No matching instruction in range source ID: 22, lines: 68..69, bytes: 2097..2125
2026-09-24T11:28:02.949639Z  WARN foundry_evm_coverage::anchors: could not find anchor item=Statement (location: (source ID: 22, lines: 68..69, bytes: 2097..2167), hits: 0) err=Could not find anchor: No matching instruction in range source ID: 22, lines: 68..69, bytes: 2097..2167
2026-09-24T11:28:02.949644Z  WARN foundry_evm_coverage::anchors: could not find anchor item=Statement (location: (source ID: 22, lines: 68..69, bytes: 2129..2147), hits: 0) err=Could not find anchor: No matching instruction in range source ID: 22, lines: 68..69, bytes: 2129..2147
2026-09-24T11:28:02.949649Z  WARN foundry_evm_coverage::anchors: could not find anchor item=Statement (location: (source ID: 22, lines: 68..69, bytes: 2129..2167), hits: 0) err=Could not find anchor: No matching instruction in range source ID: 22, lines: 68..69, bytes: 2129..2167
2026-09-24T11:28:02.949655Z  WARN foundry_evm_coverage::anchors: could not find anchor item=Statement (location: (source ID: 22, lines: 68..69, bytes: 2151..2167), hits: 0) err=Could not find anchor: No matching instruction in range source ID: 22, lines: 68..69, bytes: 2151..2167
2026-09-24T11:28:02.949660Z  WARN foundry_evm_coverage::anchors: could not find anchor item=Branch (branch: 3, path: 0) (location: (source ID: 22, lines: 68..71, bytes: 2169..2265), hits: 0) err=Could not find anchor: No matching instruction in range source ID: 22, lines: 68..71, bytes: 2169..2265
2026-09-24T11:28:02.949665Z  WARN foundry_evm_coverage::anchors: could not find anchor item=Line (location: (source ID: 22, lines: 69..70, bytes: 2183..2254), hits: 0) err=Could not find anchor: No matching instruction in range source ID: 22, lines: 69..70, bytes: 2183..2254
2026-09-24T11:28:02.949670Z  WARN foundry_evm_coverage::anchors: could not find anchor item=Statement (location: (source ID: 22, lines: 69..70, bytes: 2183..2254), hits: 0) err=Could not find anchor: No matching instruction in range source ID: 22, lines: 69..70, bytes: 2183..2254
2026-09-24T11:28:02.949482Z  WARN foundry_evm_coverage::anchors: could not find anchor item=Line (location: (source ID: 3, lines: 52..53, bytes: 1989..2054), hits: 0) err=Could not find anchor: No matching instruction in range source ID: 3, lines: 52..53, bytes: 1989..2054
2026-09-24T11:28:02.949493Z  WARN foundry_evm_coverage::anchors: could not find anchor item=Line (location: (source ID: 11, lines: 55..56, bytes: 2144..2177), hits: 0) err=Could not find anchor: No matching instruction in range source ID: 11, lines: 55..56, bytes: 2144..2177
2026-09-24T11:28:02.949511Z  WARN foundry_evm_coverage::anchors: could not find anchor item=Statement (location: (source ID: 4, lines: 60..61, bytes: 2779..2796), hits: 0) err=Could not find anchor: No matching instruction in range source ID: 4, lines: 60..61, bytes: 2779..2796
2026-09-24T11:28:02.949715Z  WARN foundry_evm_coverage::anchors: could not find anchor item=Statement (location: (source ID: 11, lines: 55..56, bytes: 2144..2177), hits: 0) err=Could not find anchor: No matching instruction in range source ID: 11, lines: 55..56, bytes: 2144..2177
2026-09-24T11:28:02.949533Z  WARN foundry_evm_coverage::anchors: could not find anchor item=Statement (location: (source ID: 6, lines: 86..87, bytes: 3441..3468), hits: 0) err=Could not find anchor: No matching instruction in range source ID: 6, lines: 86..87, bytes: 3441..3468
2026-09-24T11:28:02.949729Z  WARN foundry_evm_coverage::anchors: could not find anchor item=Line (location: (source ID: 11, lines: 56..57, bytes: 2187..2241), hits: 0) err=Could not find anchor: No matching instruction in range source ID: 11, lines: 56..57, bytes: 2187..2241
2026-09-24T11:28:02.949302Z  WARN foundry_evm_coverage::anchors: could not find anchor item=Function "_metadataMaxAge" (location: (source ID: 14, lines: 49..52, bytes: 2008..2105), hits: 0) err=Could not find anchor: No matching instruction in range source ID: 14, lines: 49..52, bytes: 2008..2105
2026-09-24T11:28:02.949742Z  WARN foundry_evm_coverage::anchors: could not find anchor item=Statement (location: (source ID: 11, lines: 56..57, bytes: 2187..2241), hits: 0) err=Could not find anchor: No matching instruction in range source ID: 11, lines: 56..57, bytes: 2187..2241
2026-09-24T11:28:02.949525Z  WARN foundry_evm_coverage::anchors: could not find anchor item=Statement (location: (source ID: 11, lines: 72..73, bytes: 2880..2918), hits: 0) err=Could not find anchor: No matching instruction in range source ID: 11, lines: 72..73, bytes: 2880..2918
2026-09-24T11:28:02.949755Z  WARN foundry_evm_coverage::anchors: could not find anchor item=Statement (location: (source ID: 11, lines: 56..57, bytes: 2205..2241), hits: 0) err=Could not find anchor: No matching instruction in range source ID: 11, lines: 56..57, bytes: 2205..2241
2026-09-24T11:28:02.949471Z  WARN foundry_evm_coverage::anchors: could not find anchor item=Statement (location: (source ID: 14, lines: 86..87, bytes: 3378..3411), hits: 0) err=Could not find anchor: No matching instruction in range source ID: 14, lines: 86..87, bytes: 3378..3411
2026-09-24T11:28:02.949769Z  WARN foundry_evm_coverage::anchors: could not find anchor item=Line (location: (source ID: 11, lines: 57..58, bytes: 2251..2320), hits: 0) err=Could not find anchor: No matching instruction in range source ID: 11, lines: 57..58, bytes: 2251..2320
2026-09-24T11:28:02.949774Z  WARN foundry_evm_coverage::anchors: could not find anchor item=Statement (location: (source ID: 14, lines: 86..87, bytes: 3392..3411), hits: 0) err=Could not find anchor: No matching instruction in range source ID: 14, lines: 86..87, bytes: 3392..3411
2026-09-24T11:28:02.949751Z  WARN foundry_evm_coverage::anchors: could not find anchor item=Line (location: (source ID: 14, lines: 50..51, bytes: 2085..2098), hits: 0) err=Could not find anchor: No matching instruction in range source ID: 14, lines: 50..51, bytes: 2085..2098
2026-09-24T11:28:02.949785Z  WARN foundry_evm_coverage::anchors: could not find anchor item=Line (location: (source ID: 14, lines: 87..88, bytes: 3421..3436), hits: 0) err=Could not find anchor: No matching instruction in range source ID: 14, lines: 87..88, bytes: 3421..3436
2026-09-24T11:28:02.949757Z  WARN foundry_evm_coverage::anchors: could not find anchor item=Statement (location: (source ID: 11, lines: 72..73, bytes: 2896..2918), hits: 0) err=Could not find anchor: No matching instruction in range source ID: 11, lines: 72..73, bytes: 2896..2918
2026-09-24T11:28:02.949800Z  WARN foundry_evm_coverage::anchors: could not find anchor item=Line (location: (source ID: 11, lines: 73..78, bytes: 2947..3110), hits: 0) err=Could not find anchor: No matching instruction in range source ID: 11, lines: 73..78, bytes: 2947..3110
2026-09-24T11:28:02.949688Z  WARN foundry_evm_coverage::anchors: could not find anchor item=Statement (location: (source ID: 3, lines: 52..53, bytes: 1989..2054), hits: 0) err=Could not find anchor: No matching instruction in range source ID: 3, lines: 52..53, bytes: 1989..2054
2026-09-24T11:28:02.949782Z  WARN foundry_evm_coverage::anchors: could not find anchor item=Statement (location: (source ID: 11, lines: 57..58, bytes: 2251..2320), hits: 0) err=Could not find anchor: No matching instruction in range source ID: 11, lines: 57..58, bytes: 2251..2320
2026-09-24T11:28:02.949716Z  WARN foundry_evm_coverage::anchors: could not find anchor item=Line (location: (source ID: 4, lines: 63..83, bytes: 2809..3661), hits: 0) err=Could not find anchor: No matching instruction in range source ID: 4, lines: 63..83, bytes: 2809..3661
2026-09-24T11:28:02.949841Z  WARN foundry_evm_coverage::anchors: could not find anchor item=Statement (location: (source ID: 11, lines: 57..58, bytes: 2274..2320), hits: 0) err=Could not find anchor: No matching instruction in range source ID: 11, lines: 57..58, bytes: 2274..2320
2026-09-24T11:28:02.949797Z  WARN foundry_evm_coverage::anchors: could not find anchor item=Statement (location: (source ID: 14, lines: 87..88, bytes: 3421..3436), hits: 0) err=Could not find anchor: No matching instruction in range source ID: 14, lines: 87..88, bytes: 3421..3436
2026-09-24T11:28:02.949854Z  WARN foundry_evm_coverage::anchors: could not find anchor item=Line (location: (source ID: 11, lines: 58..59, bytes: 2330..2361), hits: 0) err=Could not find anchor: No matching instruction in range source ID: 11, lines: 58..59, bytes: 2330..2361
2026-09-24T11:28:02.949860Z  WARN foundry_evm_coverage::anchors: could not find anchor item=Line (location: (source ID: 14, lines: 88..89, bytes: 3446..3503), hits: 0) err=Could not find anchor: No matching instruction in range source ID: 14, lines: 88..89, bytes: 3446..3503
2026-09-24T11:28:02.949829Z  WARN foundry_evm_coverage::anchors: could not find anchor item=Line (location: (source ID: 3, lines: 55..61, bytes: 2067..2534), hits: 0) err=Could not find anchor: No matching instruction in range source ID: 3, lines: 55..61, bytes: 2067..2534
2026-09-24T11:28:02.949871Z  WARN foundry_evm_coverage::anchors: could not find anchor item=Statement (location: (source ID: 14, lines: 88..89, bytes: 3446..3503), hits: 0) err=Could not find anchor: No matching instruction in range source ID: 14, lines: 88..89, bytes: 3446..3503
2026-09-24T11:28:02.949842Z  WARN foundry_evm_coverage::anchors: could not find anchor item=Function "deposit" (location: (source ID: 4, lines: 63..83, bytes: 2809..3661), hits: 0) err=Could not find anchor: No matching instruction in range source ID: 4, lines: 63..83, bytes: 2809..3661
2026-09-24T11:28:02.949882Z  WARN foundry_evm_coverage::anchors: could not find anchor item=Statement (location: (source ID: 14, lines: 88..89, bytes: 3459..3503), hits: 0) err=Could not find anchor: No matching instruction in range source ID: 14, lines: 88..89, bytes: 3459..3503
2026-09-24T11:28:02.949821Z  WARN foundry_evm_coverage::anchors: could not find anchor item=Branch (branch: 2, path: 0) (location: (source ID: 11, lines: 73..78, bytes: 2947..3110), hits: 0) err=Could not find anchor: No matching instruction in range source ID: 11, lines: 73..78, bytes: 2947..3110
2026-09-24T11:28:02.949898Z  WARN foundry_evm_coverage::anchors: could not find anchor item=Line (location: (source ID: 11, lines: 74..75, bytes: 2961..3026), hits: 0) err=Could not find anchor: No matching instruction in range source ID: 11, lines: 74..75, bytes: 2961..3026
2026-09-24T11:28:02.949796Z  WARN foundry_evm_coverage::anchors: could not find anchor item=Statement (location: (source ID: 14, lines: 50..51, bytes: 2085..2098), hits: 0) err=Could not find anchor: No matching instruction in range source ID: 14, lines: 50..51, bytes: 2085..2098
2026-09-24T11:28:02.949874Z  WARN foundry_evm_coverage::anchors: could not find anchor item=Function "completeMetadata" (location: (source ID: 3, lines: 55..61, bytes: 2067..2534), hits: 0) err=Could not find anchor: No matching instruction in range source ID: 3, lines: 55..61, bytes: 2067..2534
2026-09-24T11:28:02.949885Z  WARN foundry_evm_coverage::anchors: could not find anchor item=Line (location: (source ID: 4, lines: 69..70, bytes: 2962..2994), hits: 0) err=Could not find anchor: No matching instruction in range source ID: 4, lines: 69..70, bytes: 2962..2994
2026-09-24T11:28:02.949730Z  WARN foundry_evm_coverage::anchors: could not find anchor item=Line (location: (source ID: 6, lines: 87..88, bytes: 3478..3502), hits: 0) err=Could not find anchor: No matching instruction in range source ID: 6, lines: 87..88, bytes: 3478..3502
2026-09-24T11:28:02.949958Z  WARN foundry_evm_coverage::anchors: could not find anchor item=Statement (location: (source ID: 6, lines: 87..88, bytes: 3478..3502), hits: 0) err=Could not find anchor: No matching instruction in range source ID: 6, lines: 87..88, bytes: 3478..3502
2026-09-24T11:28:02.949964Z  WARN foundry_evm_coverage::anchors: could not find anchor item=Line (location: (source ID: 6, lines: 88..89, bytes: 3512..3542), hits: 0) err=Could not find anchor: No matching instruction in range source ID: 6, lines: 88..89, bytes: 3512..3542
2026-09-24T11:28:02.949970Z  WARN foundry_evm_coverage::anchors: could not find anchor item=Statement (location: (source ID: 6, lines: 88..89, bytes: 3512..3542), hits: 0) err=Could not find anchor: No matching instruction in range source ID: 6, lines: 88..89, bytes: 3512..3542
2026-09-24T11:28:02.949976Z  WARN foundry_evm_coverage::anchors: could not find anchor item=Line (location: (source ID: 6, lines: 89..90, bytes: 3552..3600), hits: 0) err=Could not find anchor: No matching instruction in range source ID: 6, lines: 89..90, bytes: 3552..3600
2026-09-24T11:28:02.949981Z  WARN foundry_evm_coverage::anchors: could not find anchor item=Statement (location: (source ID: 6, lines: 89..90, bytes: 3552..3600), hits: 0) err=Could not find anchor: No matching instruction in range source ID: 6, lines: 89..90, bytes: 3552..3600
2026-09-24T11:28:02.949987Z  WARN foundry_evm_coverage::anchors: could not find anchor item=Line (location: (source ID: 6, lines: 90..91, bytes: 3614..3628), hits: 0) err=Could not find anchor: No matching instruction in range source ID: 6, lines: 90..91, bytes: 3614..3628
2026-09-24T11:28:02.949993Z  WARN foundry_evm_coverage::anchors: could not find anchor item=Statement (location: (source ID: 6, lines: 90..91, bytes: 3614..3628), hits: 0) err=Could not find anchor: No matching instruction in range source ID: 6, lines: 90..91, bytes: 3614..3628
2026-09-24T11:28:02.949998Z  WARN foundry_evm_coverage::anchors: could not find anchor item=Statement (location: (source ID: 6, lines: 90..91, bytes: 3630..3680), hits: 0) err=Could not find anchor: No matching instruction in range source ID: 6, lines: 90..91, bytes: 3630..3680
2026-09-24T11:28:02.949904Z  WARN foundry_evm_coverage::anchors: could not find anchor item=Statement (location: (source ID: 11, lines: 74..75, bytes: 2961..3026), hits: 0) err=Could not find anchor: No matching instruction in range source ID: 11, lines: 74..75, bytes: 2961..3026
2026-09-24T11:28:02.950012Z  WARN foundry_evm_coverage::anchors: could not find anchor item=Line (location: (source ID: 11, lines: 75..76, bytes: 3040..3079), hits: 0) err=Could not find anchor: No matching instruction in range source ID: 11, lines: 75..76, bytes: 3040..3079
2026-09-24T11:28:02.950017Z  WARN foundry_evm_coverage::anchors: could not find anchor item=Statement (location: (source ID: 11, lines: 75..76, bytes: 3040..3079), hits: 0) err=Could not find anchor: No matching instruction in range source ID: 11, lines: 75..76, bytes: 3040..3079
2026-09-24T11:28:02.950023Z  WARN foundry_evm_coverage::anchors: could not find anchor item=Line (location: (source ID: 11, lines: 76..77, bytes: 3093..3099), hits: 0) err=Could not find anchor: No matching instruction in range source ID: 11, lines: 76..77, bytes: 3093..3099
2026-09-24T11:28:02.950051Z  WARN foundry_evm_coverage::anchors: could not find anchor item=Statement (location: (source ID: 11, lines: 76..77, bytes: 3093..3099), hits: 0) err=Could not find anchor: No matching instruction in range source ID: 11, lines: 76..77, bytes: 3093..3099
2026-09-24T11:28:02.950057Z  WARN foundry_evm_coverage::anchors: could not find anchor item=Line (location: (source ID: 11, lines: 78..79, bytes: 3119..3158), hits: 0) err=Could not find anchor: No matching instruction in range source ID: 11, lines: 78..79, bytes: 3119..3158
2026-09-24T11:28:02.950063Z  WARN foundry_evm_coverage::anchors: could not find anchor item=Statement (location: (source ID: 11, lines: 78..79, bytes: 3119..3158), hits: 0) err=Could not find anchor: No matching instruction in range source ID: 11, lines: 78..79, bytes: 3119..3158
2026-09-24T11:28:02.950069Z  WARN foundry_evm_coverage::anchors: could not find anchor item=Line (location: (source ID: 11, lines: 79..80, bytes: 3168..3188), hits: 0) err=Could not find anchor: No matching instruction in range source ID: 11, lines: 79..80, bytes: 3168..3188
2026-09-24T11:28:02.950074Z  WARN foundry_evm_coverage::anchors: could not find anchor item=Statement (location: (source ID: 11, lines: 79..80, bytes: 3168..3188), hits: 0) err=Could not find anchor: No matching instruction in range source ID: 11, lines: 79..80, bytes: 3168..3188
2026-09-24T11:28:02.950080Z  WARN foundry_evm_coverage::anchors: could not find anchor item=Line (location: (source ID: 11, lines: 80..81, bytes: 3198..3234), hits: 0) err=Could not find anchor: No matching instruction in range source ID: 11, lines: 80..81, bytes: 3198..3234
2026-09-24T11:28:02.950085Z  WARN foundry_evm_coverage::anchors: could not find anchor item=Statement (location: (source ID: 11, lines: 80..81, bytes: 3198..3234), hits: 0) err=Could not find anchor: No matching instruction in range source ID: 11, lines: 80..81, bytes: 3198..3234
2026-09-24T11:28:02.950091Z  WARN foundry_evm_coverage::anchors: could not find anchor item=Line (location: (source ID: 11, lines: 83..89, bytes: 3247..3510), hits: 0) err=Could not find anchor: No matching instruction in range source ID: 11, lines: 83..89, bytes: 3247..3510
2026-09-24T11:28:02.950096Z  WARN foundry_evm_coverage::anchors: could not find anchor item=Function "transferWrapped" (location: (source ID: 11, lines: 83..89, bytes: 3247..3510), hits: 0) err=Could not find anchor: No matching instruction in range source ID: 11, lines: 83..89, bytes: 3247..3510
2026-09-24T11:28:02.950102Z  WARN foundry_evm_coverage::anchors: could not find anchor item=Line (location: (source ID: 11, lines: 84..85, bytes: 3305..3343), hits: 0) err=Could not find anchor: No matching instruction in range source ID: 11, lines: 84..85, bytes: 3305..3343
2026-09-24T11:28:02.950107Z  WARN foundry_evm_coverage::anchors: could not find anchor item=Statement (location: (source ID: 11, lines: 84..85, bytes: 3305..3343), hits: 0) err=Could not find anchor: No matching instruction in range source ID: 11, lines: 84..85, bytes: 3305..3343
2026-09-24T11:28:02.950113Z  WARN foundry_evm_coverage::anchors: could not find anchor item=Line (location: (source ID: 11, lines: 85..86, bytes: 3353..3403), hits: 0) err=Could not find anchor: No matching instruction in range source ID: 11, lines: 85..86, bytes: 3353..3403
2026-09-24T11:28:02.950119Z  WARN foundry_evm_coverage::anchors: could not find anchor item=Statement (location: (source ID: 11, lines: 85..86, bytes: 3353..3403), hits: 0) err=Could not find anchor: No matching instruction in range source ID: 11, lines: 85..86, bytes: 3353..3403
2026-09-24T11:28:02.950124Z  WARN foundry_evm_coverage::anchors: could not find anchor item=Statement (location: (source ID: 11, lines: 85..86, bytes: 3371..3403), hits: 0) err=Could not find anchor: No matching instruction in range source ID: 11, lines: 85..86, bytes: 3371..3403
2026-09-24T11:28:02.950130Z  WARN foundry_evm_coverage::anchors: could not find anchor item=Line (location: (source ID: 11, lines: 86..87, bytes: 3417..3429), hits: 0) err=Could not find anchor: No matching instruction in range source ID: 11, lines: 86..87, bytes: 3417..3429
2026-09-24T11:28:02.950145Z  WARN foundry_evm_coverage::anchors: could not find anchor item=Statement (location: (source ID: 11, lines: 86..87, bytes: 3417..3429), hits: 0) err=Could not find anchor: No matching instruction in range source ID: 11, lines: 86..87, bytes: 3417..3429
2026-09-24T11:28:02.950151Z  WARN foundry_evm_coverage::anchors: could not find anchor item=Statement (location: (source ID: 11, lines: 86..87, bytes: 3431..3437), hits: 0) err=Could not find anchor: No matching instruction in range source ID: 11, lines: 86..87, bytes: 3431..3437
2026-09-24T11:28:02.950156Z  WARN foundry_evm_coverage::anchors: could not find anchor item=Branch (branch: 3, path: 0) (location: (source ID: 11, lines: 86..87, bytes: 3431..3437), hits: 0) err=Could not find anchor: No matching instruction in range source ID: 11, lines: 86..87, bytes: 3431..3437
2026-09-24T11:28:02.950162Z  WARN foundry_evm_coverage::anchors: could not find anchor item=Line (location: (source ID: 11, lines: 87..88, bytes: 3447..3503), hits: 0) err=Could not find anchor: No matching instruction in range source ID: 11, lines: 87..88, bytes: 3447..3503
2026-09-24T11:28:02.950168Z  WARN foundry_evm_coverage::anchors: could not find anchor item=Statement (location: (source ID: 11, lines: 87..88, bytes: 3447..3503), hits: 0) err=Could not find anchor: No matching instruction in range source ID: 11, lines: 87..88, bytes: 3447..3503
2026-09-24T11:28:02.950174Z  WARN foundry_evm_coverage::anchors: could not find anchor item=Line (location: (source ID: 11, lines: 90..105, bytes: 3516..4252), hits: 0) err=Could not find anchor: No matching instruction in range source ID: 11, lines: 90..105, bytes: 3516..4252
2026-09-24T11:28:02.950180Z  WARN foundry_evm_coverage::anchors: could not find anchor item=Function "redeem" (location: (source ID: 11, lines: 90..105, bytes: 3516..4252), hits: 0) err=Could not find anchor: No matching instruction in range source ID: 11, lines: 90..105, bytes: 3516..4252
2026-09-24T11:28:02.950186Z  WARN foundry_evm_coverage::anchors: could not find anchor item=Line (location: (source ID: 11, lines: 91..92, bytes: 3584..3622), hits: 0) err=Could not find anchor: No matching instruction in range source ID: 11, lines: 91..92, bytes: 3584..3622
2026-09-24T11:28:02.950192Z  WARN foundry_evm_coverage::anchors: could not find anchor item=Statement (location: (source ID: 11, lines: 91..92, bytes: 3584..3622), hits: 0) err=Could not find anchor: No matching instruction in range source ID: 11, lines: 91..92, bytes: 3584..3622
2026-09-24T11:28:02.950198Z  WARN foundry_evm_coverage::anchors: could not find anchor item=Line (location: (source ID: 11, lines: 92..93, bytes: 3632..3693), hits: 0) err=Could not find anchor: No matching instruction in range source ID: 11, lines: 92..93, bytes: 3632..3693
2026-09-24T11:28:02.950204Z  WARN foundry_evm_coverage::anchors: could not find anchor item=Statement (location: (source ID: 11, lines: 92..93, bytes: 3632..3693), hits: 0) err=Could not find anchor: No matching instruction in range source ID: 11, lines: 92..93, bytes: 3632..3693
2026-09-24T11:28:02.950210Z  WARN foundry_evm_coverage::anchors: could not find anchor item=Statement (location: (source ID: 11, lines: 92..93, bytes: 3649..3693), hits: 0) err=Could not find anchor: No matching instruction in range source ID: 11, lines: 92..93, bytes: 3649..3693
2026-09-24T11:28:02.950216Z  WARN foundry_evm_coverage::anchors: could not find anchor item=Line (location: (source ID: 11, lines: 93..94, bytes: 3703..3774), hits: 0) err=Could not find anchor: No matching instruction in range source ID: 11, lines: 93..94, bytes: 3703..3774
2026-09-24T11:28:02.950222Z  WARN foundry_evm_coverage::anchors: could not find anchor item=Statement (location: (source ID: 11, lines: 93..94, bytes: 3703..3774), hits: 0) err=Could not find anchor: No matching instruction in range source ID: 11, lines: 93..94, bytes: 3703..3774
2026-09-24T11:28:02.950227Z  WARN foundry_evm_coverage::anchors: could not find anchor item=Statement (location: (source ID: 11, lines: 93..94, bytes: 3721..3774), hits: 0) err=Could not find anchor: No matching instruction in range source ID: 11, lines: 93..94, bytes: 3721..3774
2026-09-24T11:28:02.950243Z  WARN foundry_evm_coverage::anchors: could not find anchor item=Line (location: (source ID: 11, lines: 94..95, bytes: 3788..3808), hits: 0) err=Could not find anchor: No matching instruction in range source ID: 11, lines: 94..95, bytes: 3788..3808
2026-09-24T11:28:02.950249Z  WARN foundry_evm_coverage::anchors: could not find anchor item=Statement (location: (source ID: 11, lines: 94..95, bytes: 3788..3808), hits: 0) err=Could not find anchor: No matching instruction in range source ID: 11, lines: 94..95, bytes: 3788..3808
2026-09-24T11:28:02.950255Z  WARN foundry_evm_coverage::anchors: could not find anchor item=Statement (location: (source ID: 11, lines: 94..95, bytes: 3788..3812), hits: 0) err=Could not find anchor: No matching instruction in range source ID: 11, lines: 94..95, bytes: 3788..3812
2026-09-24T11:28:02.950261Z  WARN foundry_evm_coverage::anchors: could not find anchor item=Statement (location: (source ID: 11, lines: 94..95, bytes: 3788..3817), hits: 0) err=Could not find anchor: No matching instruction in range source ID: 11, lines: 94..95, bytes: 3788..3817
2026-09-24T11:28:02.950266Z  WARN foundry_evm_coverage::anchors: could not find anchor item=Statement (location: (source ID: 11, lines: 94..95, bytes: 3819..3825), hits: 0) err=Could not find anchor: No matching instruction in range source ID: 11, lines: 94..95, bytes: 3819..3825
2026-09-24T11:28:02.950272Z  WARN foundry_evm_coverage::anchors: could not find anchor item=Branch (branch: 4, path: 0) (location: (source ID: 11, lines: 94..95, bytes: 3819..3825), hits: 0) err=Could not find anchor: No matching instruction in range source ID: 11, lines: 94..95, bytes: 3819..3825
2026-09-24T11:28:02.950277Z  WARN foundry_evm_coverage::anchors: could not find anchor item=Line (location: (source ID: 11, lines: 95..96, bytes: 3839..3851), hits: 0) err=Could not find anchor: No matching instruction in range source ID: 11, lines: 95..96, bytes: 3839..3851
2026-09-24T11:28:02.950283Z  WARN foundry_evm_coverage::anchors: could not find anchor item=Statement (location: (source ID: 11, lines: 95..96, bytes: 3839..3851), hits: 0) err=Could not find anchor: No matching instruction in range source ID: 11, lines: 95..96, bytes: 3839..3851
2026-09-24T11:28:02.950289Z  WARN foundry_evm_coverage::anchors: could not find anchor item=Statement (location: (source ID: 11, lines: 95..96, bytes: 3853..3859), hits: 0) err=Could not find anchor: No matching instruction in range source ID: 11, lines: 95..96, bytes: 3853..3859
2026-09-24T11:28:02.950294Z  WARN foundry_evm_coverage::anchors: could not find anchor item=Branch (branch: 5, path: 0) (location: (source ID: 11, lines: 95..96, bytes: 3853..3859), hits: 0) err=Could not find anchor: No matching instruction in range source ID: 11, lines: 95..96, bytes: 3853..3859
2026-09-24T11:28:02.950300Z  WARN foundry_evm_coverage::anchors: could not find anchor item=Line (location: (source ID: 11, lines: 96..97, bytes: 3869..3909), hits: 0) err=Could not find anchor: No matching instruction in range source ID: 11, lines: 96..97, bytes: 3869..3909
2026-09-24T11:28:02.950306Z  WARN foundry_evm_coverage::anchors: could not find anchor item=Statement (location: (source ID: 11, lines: 96..97, bytes: 3869..3909), hits: 0) err=Could not find anchor: No matching instruction in range source ID: 11, lines: 96..97, bytes: 3869..3909
2026-09-24T11:28:02.950311Z  WARN foundry_evm_coverage::anchors: could not find anchor item=Statement (location: (source ID: 11, lines: 96..97, bytes: 3886..3909), hits: 0) err=Could not find anchor: No matching instruction in range source ID: 11, lines: 96..97, bytes: 3886..3909
2026-09-24T11:28:02.950317Z  WARN foundry_evm_coverage::anchors: could not find anchor item=Line (location: (source ID: 11, lines: 97..98, bytes: 3919..3935), hits: 0) err=Could not find anchor: No matching instruction in range source ID: 11, lines: 97..98, bytes: 3919..3935
2026-09-24T11:28:02.950339Z  WARN foundry_evm_coverage::anchors: could not find anchor item=Statement (location: (source ID: 11, lines: 97..98, bytes: 3919..3935), hits: 0) err=Could not find anchor: No matching instruction in range source ID: 11, lines: 97..98, bytes: 3919..3935
2026-09-24T11:28:02.950345Z  WARN foundry_evm_coverage::anchors: could not find anchor item=Line (location: (source ID: 11, lines: 98..99, bytes: 3945..3999), hits: 0) err=Could not find anchor: No matching instruction in range source ID: 11, lines: 98..99, bytes: 3945..3999
2026-09-24T11:28:02.950351Z  WARN foundry_evm_coverage::anchors: could not find anchor item=Statement (location: (source ID: 11, lines: 98..99, bytes: 3945..3999), hits: 0) err=Could not find anchor: No matching instruction in range source ID: 11, lines: 98..99, bytes: 3945..3999
2026-09-24T11:28:02.950357Z  WARN foundry_evm_coverage::anchors: could not find anchor item=Statement (location: (source ID: 11, lines: 98..99, bytes: 3963..3999), hits: 0) err=Could not find anchor: No matching instruction in range source ID: 11, lines: 98..99, bytes: 3963..3999
2026-09-24T11:28:02.950362Z  WARN foundry_evm_coverage::anchors: could not find anchor item=Line (location: (source ID: 11, lines: 99..100, bytes: 4009..4084), hits: 0) err=Could not find anchor: No matching instruction in range source ID: 11, lines: 99..100, bytes: 4009..4084
2026-09-24T11:28:02.950368Z  WARN foundry_evm_coverage::anchors: could not find anchor item=Statement (location: (source ID: 11, lines: 99..100, bytes: 4009..4084), hits: 0) err=Could not find anchor: No matching instruction in range source ID: 11, lines: 99..100, bytes: 4009..4084
2026-09-24T11:28:02.950373Z  WARN foundry_evm_coverage::anchors: could not find anchor item=Statement (location: (source ID: 11, lines: 99..100, bytes: 4032..4084), hits: 0) err=Could not find anchor: No matching instruction in range source ID: 11, lines: 99..100, bytes: 4032..4084
2026-09-24T11:28:02.950379Z  WARN foundry_evm_coverage::anchors: could not find anchor item=Line (location: (source ID: 11, lines: 100..101, bytes: 4094..4120), hits: 0) err=Could not find anchor: No matching instruction in range source ID: 11, lines: 100..101, bytes: 4094..4120
2026-09-24T11:28:02.950385Z  WARN foundry_evm_coverage::anchors: could not find anchor item=Statement (location: (source ID: 11, lines: 100..101, bytes: 4094..4120), hits: 0) err=Could not find anchor: No matching instruction in range source ID: 11, lines: 100..101, bytes: 4094..4120
2026-09-24T11:28:02.950390Z  WARN foundry_evm_coverage::anchors: could not find anchor item=Line (location: (source ID: 11, lines: 101..102, bytes: 4130..4176), hits: 0) err=Could not find anchor: No matching instruction in range source ID: 11, lines: 101..102, bytes: 4130..4176
2026-09-24T11:28:02.950396Z  WARN foundry_evm_coverage::anchors: could not find anchor item=Statement (location: (source ID: 11, lines: 101..102, bytes: 4130..4176), hits: 0) err=Could not find anchor: No matching instruction in range source ID: 11, lines: 101..102, bytes: 4130..4176
2026-09-24T11:28:02.950401Z  WARN foundry_evm_coverage::anchors: could not find anchor item=Line (location: (source ID: 11, lines: 102..103, bytes: 4186..4211), hits: 0) err=Could not find anchor: No matching instruction in range source ID: 11, lines: 102..103, bytes: 4186..4211
2026-09-24T11:28:02.950407Z  WARN foundry_evm_coverage::anchors: could not find anchor item=Statement (location: (source ID: 11, lines: 102..103, bytes: 4186..4211), hits: 0) err=Could not find anchor: No matching instruction in range source ID: 11, lines: 102..103, bytes: 4186..4211
2026-09-24T11:28:02.950412Z  WARN foundry_evm_coverage::anchors: could not find anchor item=Line (location: (source ID: 11, lines: 103..104, bytes: 4221..4245), hits: 0) err=Could not find anchor: No matching instruction in range source ID: 11, lines: 103..104, bytes: 4221..4245
2026-09-24T11:28:02.950418Z  WARN foundry_evm_coverage::anchors: could not find anchor item=Statement (location: (source ID: 11, lines: 103..104, bytes: 4221..4245), hits: 0) err=Could not find anchor: No matching instruction in range source ID: 11, lines: 103..104, bytes: 4221..4245
2026-09-24T11:28:02.950446Z  WARN foundry_evm_coverage::anchors: could not find anchor item=Line (location: (source ID: 11, lines: 106..120, bytes: 4258..4880), hits: 0) err=Could not find anchor: No matching instruction in range source ID: 11, lines: 106..120, bytes: 4258..4880
2026-09-24T11:28:02.950452Z  WARN foundry_evm_coverage::anchors: could not find anchor item=Function "deliverRedemption" (location: (source ID: 11, lines: 106..120, bytes: 4258..4880), hits: 0) err=Could not find anchor: No matching instruction in range source ID: 11, lines: 106..120, bytes: 4258..4880
2026-09-24T11:28:02.950457Z  WARN foundry_evm_coverage::anchors: could not find anchor item=Line (location: (source ID: 11, lines: 107..108, bytes: 4318..4355), hits: 0) err=Could not find anchor: No matching instruction in range source ID: 11, lines: 107..108, bytes: 4318..4355
2026-09-24T11:28:02.950463Z  WARN foundry_evm_coverage::anchors: could not find anchor item=Statement (location: (source ID: 11, lines: 107..108, bytes: 4318..4355), hits: 0) err=Could not find anchor: No matching instruction in range source ID: 11, lines: 107..108, bytes: 4318..4355
2026-09-24T11:28:02.950469Z  WARN foundry_evm_coverage::anchors: could not find anchor item=Line (location: (source ID: 11, lines: 108..109, bytes: 4369..4392), hits: 0) err=Could not find anchor: No matching instruction in range source ID: 11, lines: 108..109, bytes: 4369..4392
2026-09-24T11:28:02.950474Z  WARN foundry_evm_coverage::anchors: could not find anchor item=Statement (location: (source ID: 11, lines: 108..109, bytes: 4369..4392), hits: 0) err=Could not find anchor: No matching instruction in range source ID: 11, lines: 108..109, bytes: 4369..4392
2026-09-24T11:28:02.950480Z  WARN foundry_evm_coverage::anchors: could not find anchor item=Statement (location: (source ID: 11, lines: 108..109, bytes: 4369..4424), hits: 0) err=Could not find anchor: No matching instruction in range source ID: 11, lines: 108..109, bytes: 4369..4424
2026-09-24T11:28:02.950485Z  WARN foundry_evm_coverage::anchors: could not find anchor item=Statement (location: (source ID: 11, lines: 108..109, bytes: 4396..4415), hits: 0) err=Could not find anchor: No matching instruction in range source ID: 11, lines: 108..109, bytes: 4396..4415
2026-09-24T11:28:02.950491Z  WARN foundry_evm_coverage::anchors: could not find anchor item=Statement (location: (source ID: 11, lines: 108..109, bytes: 4396..4419), hits: 0) err=Could not find anchor: No matching instruction in range source ID: 11, lines: 108..109, bytes: 4396..4419
2026-09-24T11:28:02.950497Z  WARN foundry_evm_coverage::anchors: could not find anchor item=Statement (location: (source ID: 11, lines: 108..109, bytes: 4396..4424), hits: 0) err=Could not find anchor: No matching instruction in range source ID: 11, lines: 108..109, bytes: 4396..4424
2026-09-24T11:28:02.950502Z  WARN foundry_evm_coverage::anchors: could not find anchor item=Statement (location: (source ID: 11, lines: 108..109, bytes: 4426..4432), hits: 0) err=Could not find anchor: No matching instruction in range source ID: 11, lines: 108..109, bytes: 4426..4432
2026-09-24T11:28:02.950507Z  WARN foundry_evm_coverage::anchors: could not find anchor item=Branch (branch: 6, path: 0) (location: (source ID: 11, lines: 108..109, bytes: 4426..4432), hits: 0) err=Could not find anchor: No matching instruction in range source ID: 11, lines: 108..109, bytes: 4426..4432
2026-09-24T11:28:02.950513Z  WARN foundry_evm_coverage::anchors: could not find anchor item=Line (location: (source ID: 11, lines: 109..110, bytes: 4442..4483), hits: 0) err=Could not find anchor: No matching instruction in range source ID: 11, lines: 109..110, bytes: 4442..4483
2026-09-24T11:28:02.950519Z  WARN foundry_evm_coverage::anchors: could not find anchor item=Statement (location: (source ID: 11, lines: 109..110, bytes: 4442..4483), hits: 0) err=Could not find anchor: No matching instruction in range source ID: 11, lines: 109..110, bytes: 4442..4483
2026-09-24T11:28:02.950545Z  WARN foundry_evm_coverage::anchors: could not find anchor item=Statement (location: (source ID: 11, lines: 109..110, bytes: 4458..4483), hits: 0) err=Could not find anchor: No matching instruction in range source ID: 11, lines: 109..110, bytes: 4458..4483
2026-09-24T11:28:02.950551Z  WARN foundry_evm_coverage::anchors: could not find anchor item=Line (location: (source ID: 11, lines: 110..115, bytes: 4514..4682), hits: 0) err=Could not find anchor: No matching instruction in range source ID: 11, lines: 110..115, bytes: 4514..4682
2026-09-24T11:28:02.950557Z  WARN foundry_evm_coverage::anchors: could not find anchor item=Branch (branch: 7, path: 0) (location: (source ID: 11, lines: 110..115, bytes: 4514..4682), hits: 0) err=Could not find anchor: No matching instruction in range source ID: 11, lines: 110..115, bytes: 4514..4682
2026-09-24T11:28:02.950563Z  WARN foundry_evm_coverage::anchors: could not find anchor item=Line (location: (source ID: 11, lines: 111..112, bytes: 4528..4593), hits: 0) err=Could not find anchor: No matching instruction in range source ID: 11, lines: 111..112, bytes: 4528..4593
2026-09-24T11:28:02.950568Z  WARN foundry_evm_coverage::anchors: could not find anchor item=Statement (location: (source ID: 11, lines: 111..112, bytes: 4528..4593), hits: 0) err=Could not find anchor: No matching instruction in range source ID: 11, lines: 111..112, bytes: 4528..4593
2026-09-24T11:28:02.950574Z  WARN foundry_evm_coverage::anchors: could not find anchor item=Line (location: (source ID: 11, lines: 112..113, bytes: 4607..4651), hits: 0) err=Could not find anchor: No matching instruction in range source ID: 11, lines: 112..113, bytes: 4607..4651
2026-09-24T11:28:02.950580Z  WARN foundry_evm_coverage::anchors: could not find anchor item=Statement (location: (source ID: 11, lines: 112..113, bytes: 4607..4651), hits: 0) err=Could not find anchor: No matching instruction in range source ID: 11, lines: 112..113, bytes: 4607..4651
2026-09-24T11:28:02.950585Z  WARN foundry_evm_coverage::anchors: could not find anchor item=Line (location: (source ID: 11, lines: 113..114, bytes: 4665..4671), hits: 0) err=Could not find anchor: No matching instruction in range source ID: 11, lines: 113..114, bytes: 4665..4671
2026-09-24T11:28:02.950591Z  WARN foundry_evm_coverage::anchors: could not find anchor item=Statement (location: (source ID: 11, lines: 113..114, bytes: 4665..4671), hits: 0) err=Could not find anchor: No matching instruction in range source ID: 11, lines: 113..114, bytes: 4665..4671
2026-09-24T11:28:02.950597Z  WARN foundry_evm_coverage::anchors: could not find anchor item=Line (location: (source ID: 11, lines: 115..116, bytes: 4691..4735), hits: 0) err=Could not find anchor: No matching instruction in range source ID: 11, lines: 115..116, bytes: 4691..4735
2026-09-24T11:28:02.950602Z  WARN foundry_evm_coverage::anchors: could not find anchor item=Statement (location: (source ID: 11, lines: 115..116, bytes: 4691..4735), hits: 0) err=Could not find anchor: No matching instruction in range source ID: 11, lines: 115..116, bytes: 4691..4735
2026-09-24T11:28:02.950608Z  WARN foundry_evm_coverage::anchors: could not find anchor item=Line (location: (source ID: 11, lines: 116..117, bytes: 4745..4767), hits: 0) err=Could not find anchor: No matching instruction in range source ID: 11, lines: 116..117, bytes: 4745..4767
2026-09-24T11:28:02.950614Z  WARN foundry_evm_coverage::anchors: could not find anchor item=Statement (location: (source ID: 11, lines: 116..117, bytes: 4745..4767), hits: 0) err=Could not find anchor: No matching instruction in range source ID: 11, lines: 116..117, bytes: 4745..4767
2026-09-24T11:28:02.950619Z  WARN foundry_evm_coverage::anchors: could not find anchor item=Line (location: (source ID: 11, lines: 117..118, bytes: 4777..4819), hits: 0) err=Could not find anchor: No matching instruction in range source ID: 11, lines: 117..118, bytes: 4777..4819
2026-09-24T11:28:02.950645Z  WARN foundry_evm_coverage::anchors: could not find anchor item=Statement (location: (source ID: 11, lines: 117..118, bytes: 4777..4819), hits: 0) err=Could not find anchor: No matching instruction in range source ID: 11, lines: 117..118, bytes: 4777..4819
2026-09-24T11:28:02.950651Z  WARN foundry_evm_coverage::anchors: could not find anchor item=Line (location: (source ID: 11, lines: 118..119, bytes: 4829..4873), hits: 0) err=Could not find anchor: No matching instruction in range source ID: 11, lines: 118..119, bytes: 4829..4873
2026-09-24T11:28:02.950656Z  WARN foundry_evm_coverage::anchors: could not find anchor item=Statement (location: (source ID: 11, lines: 118..119, bytes: 4829..4873), hits: 0) err=Could not find anchor: No matching instruction in range source ID: 11, lines: 118..119, bytes: 4829..4873
2026-09-24T11:28:02.950662Z  WARN foundry_evm_coverage::anchors: could not find anchor item=Line (location: (source ID: 11, lines: 121..124, bytes: 4886..4990), hits: 0) err=Could not find anchor: No matching instruction in range source ID: 11, lines: 121..124, bytes: 4886..4990
2026-09-24T11:28:02.950667Z  WARN foundry_evm_coverage::anchors: could not find anchor item=Function "_min" (location: (source ID: 11, lines: 121..124, bytes: 4886..4990), hits: 0) err=Could not find anchor: No matching instruction in range source ID: 11, lines: 121..124, bytes: 4886..4990
2026-09-24T11:28:02.950673Z  WARN foundry_evm_coverage::anchors: could not find anchor item=Line (location: (source ID: 11, lines: 122..123, bytes: 4963..4983), hits: 0) err=Could not find anchor: No matching instruction in range source ID: 11, lines: 122..123, bytes: 4963..4983
2026-09-24T11:28:02.950679Z  WARN foundry_evm_coverage::anchors: could not find anchor item=Statement (location: (source ID: 11, lines: 122..123, bytes: 4963..4983), hits: 0) err=Could not find anchor: No matching instruction in range source ID: 11, lines: 122..123, bytes: 4963..4983
2026-09-24T11:28:02.950685Z  WARN foundry_evm_coverage::anchors: could not find anchor item=Statement (location: (source ID: 11, lines: 122..123, bytes: 4970..4983), hits: 0) err=Could not find anchor: No matching instruction in range source ID: 11, lines: 122..123, bytes: 4970..4983
2026-09-24T11:28:02.950691Z  WARN foundry_evm_coverage::anchors: could not find anchor item=Line (location: (source ID: 11, lines: 125..128, bytes: 4996..5106), hits: 0) err=Could not find anchor: No matching instruction in range source ID: 11, lines: 125..128, bytes: 4996..5106
2026-09-24T11:28:02.950696Z  WARN foundry_evm_coverage::anchors: could not find anchor item=Function "advanceTime" (location: (source ID: 11, lines: 125..128, bytes: 4996..5106), hits: 0) err=Could not find anchor: No matching instruction in range source ID: 11, lines: 125..128, bytes: 4996..5106
2026-09-24T11:28:02.950702Z  WARN foundry_evm_coverage::anchors: could not find anchor item=Line (location: (source ID: 11, lines: 126..127, bytes: 5050..5099), hits: 0) err=Could not find anchor: No matching instruction in range source ID: 11, lines: 126..127, bytes: 5050..5099
2026-09-24T11:28:02.950707Z  WARN foundry_evm_coverage::anchors: could not find anchor item=Statement (location: (source ID: 11, lines: 126..127, bytes: 5050..5099), hits: 0) err=Could not find anchor: No matching instruction in range source ID: 11, lines: 126..127, bytes: 5050..5099
2026-09-24T11:28:02.950713Z  WARN foundry_evm_coverage::anchors: could not find anchor item=Line (location: (source ID: 11, lines: 129..138, bytes: 5112..5530), hits: 0) err=Could not find anchor: No matching instruction in range source ID: 11, lines: 129..138, bytes: 5112..5530
2026-09-24T11:28:02.950719Z  WARN foundry_evm_coverage::anchors: could not find anchor item=Function "setPause" (location: (source ID: 11, lines: 129..138, bytes: 5112..5530), hits: 0) err=Could not find anchor: No matching instruction in range source ID: 11, lines: 129..138, bytes: 5112..5530
2026-09-24T11:28:02.950724Z  WARN foundry_evm_coverage::anchors: could not find anchor item=Line (location: (source ID: 11, lines: 130..132, bytes: 5192..5313), hits: 0) err=Could not find anchor: No matching instruction in range source ID: 11, lines: 130..132, bytes: 5192..5313
2026-09-24T11:28:02.950739Z  WARN foundry_evm_coverage::anchors: could not find anchor item=Statement (location: (source ID: 11, lines: 130..132, bytes: 5192..5313), hits: 0) err=Could not find anchor: No matching instruction in range source ID: 11, lines: 130..132, bytes: 5192..5313
2026-09-24T11:28:02.949894Z  WARN foundry_evm_coverage::anchors: could not find anchor item=Line (location: (source ID: 14, lines: 89..90, bytes: 3513..3570), hits: 0) err=Could not find anchor: No matching instruction in range source ID: 14, lines: 89..90, bytes: 3513..3570
2026-09-24T11:28:02.950758Z  WARN foundry_evm_coverage::anchors: could not find anchor item=Statement (location: (source ID: 14, lines: 89..90, bytes: 3513..3570), hits: 0) err=Could not find anchor: No matching instruction in range source ID: 14, lines: 89..90, bytes: 3513..3570
2026-09-24T11:28:02.949939Z  WARN foundry_evm_coverage::anchors: could not find anchor item=Line (location: (source ID: 14, lines: 68..71, bytes: 2657..2764), hits: 0) err=Could not find anchor: No matching instruction in range source ID: 14, lines: 68..71, bytes: 2657..2764
2026-09-24T11:28:02.949943Z  WARN foundry_evm_coverage::anchors: could not find anchor item=Line (location: (source ID: 3, lines: 56..58, bytes: 2175..2321), hits: 0) err=Could not find anchor: No matching instruction in range source ID: 3, lines: 56..58, bytes: 2175..2321
2026-09-24T11:28:02.950786Z  WARN foundry_evm_coverage::anchors: could not find anchor item=Statement (location: (source ID: 3, lines: 56..58, bytes: 2175..2321), hits: 0) err=Could not find anchor: No matching instruction in range source ID: 3, lines: 56..58, bytes: 2175..2321
2026-09-24T11:28:02.949951Z  WARN foundry_evm_coverage::anchors: could not find anchor item=Statement (location: (source ID: 4, lines: 69..70, bytes: 2962..2994), hits: 0) err=Could not find anchor: No matching instruction in range source ID: 4, lines: 69..70, bytes: 2962..2994
2026-09-24T11:28:02.949867Z  WARN foundry_evm_coverage::anchors: could not find anchor item=Statement (location: (source ID: 11, lines: 58..59, bytes: 2330..2361), hits: 0) err=Could not find anchor: No matching instruction in range source ID: 11, lines: 58..59, bytes: 2330..2361
2026-09-24T11:28:02.950004Z  WARN foundry_evm_coverage::anchors: could not find anchor item=Branch (branch: 5, path: 0) (location: (source ID: 6, lines: 90..91, bytes: 3630..3680), hits: 0) err=Could not find anchor: No matching instruction in range source ID: 6, lines: 90..91, bytes: 3630..3680
2026-09-24T11:28:02.950820Z  WARN foundry_evm_coverage::anchors: could not find anchor item=Line (location: (source ID: 6, lines: 91..92, bytes: 3690..3756), hits: 0) err=Could not find anchor: No matching instruction in range source ID: 6, lines: 91..92, bytes: 3690..3756
2026-09-24T11:28:02.950768Z  WARN foundry_evm_coverage::anchors: could not find anchor item=Line (location: (source ID: 14, lines: 90..91, bytes: 3580..3606), hits: 0) err=Could not find anchor: No matching instruction in range source ID: 14, lines: 90..91, bytes: 3580..3606
2026-09-24T11:28:02.950792Z  WARN foundry_evm_coverage::anchors: could not find anchor item=Line (location: (source ID: 3, lines: 57..58, bytes: 2224..2321), hits: 0) err=Could not find anchor: No matching instruction in range source ID: 3, lines: 57..58, bytes: 2224..2321
2026-09-24T11:28:02.950846Z  WARN foundry_evm_coverage::anchors: could not find anchor item=Statement (location: (source ID: 3, lines: 57..58, bytes: 2224..2321), hits: 0) err=Could not find anchor: No matching instruction in range source ID: 3, lines: 57..58, bytes: 2224..2321
2026-09-24T11:28:02.950800Z  WARN foundry_evm_coverage::anchors: could not find anchor item=Line (location: (source ID: 4, lines: 70..71, bytes: 3004..3052), hits: 0) err=Could not find anchor: No matching instruction in range source ID: 4, lines: 70..71, bytes: 3004..3052
2026-09-24T11:28:02.950872Z  WARN foundry_evm_coverage::anchors: could not find anchor item=Statement (location: (source ID: 4, lines: 70..71, bytes: 3004..3052), hits: 0) err=Could not find anchor: No matching instruction in range source ID: 4, lines: 70..71, bytes: 3004..3052
2026-09-24T11:28:02.950813Z  WARN foundry_evm_coverage::anchors: could not find anchor item=Line (location: (source ID: 11, lines: 60..61, bytes: 2459..2485), hits: 0) err=Could not find anchor: No matching instruction in range source ID: 11, lines: 60..61, bytes: 2459..2485
2026-09-24T11:28:02.950782Z  WARN foundry_evm_coverage::anchors: could not find anchor item=Function "_net" (location: (source ID: 14, lines: 68..71, bytes: 2657..2764), hits: 0) err=Could not find anchor: No matching instruction in range source ID: 14, lines: 68..71, bytes: 2657..2764
2026-09-24T11:28:02.950890Z  WARN foundry_evm_coverage::anchors: could not find anchor item=Statement (location: (source ID: 11, lines: 60..61, bytes: 2459..2485), hits: 0) err=Could not find anchor: No matching instruction in range source ID: 11, lines: 60..61, bytes: 2459..2485
2026-09-24T11:28:02.950837Z  WARN foundry_evm_coverage::anchors: could not find anchor item=Statement (location: (source ID: 14, lines: 90..91, bytes: 3580..3606), hits: 0) err=Could not find anchor: No matching instruction in range source ID: 14, lines: 90..91, bytes: 3580..3606
2026-09-24T11:28:02.950905Z  WARN foundry_evm_coverage::anchors: could not find anchor item=Statement (location: (source ID: 11, lines: 60..61, bytes: 2473..2485), hits: 0) err=Could not find anchor: No matching instruction in range source ID: 11, lines: 60..61, bytes: 2473..2485
2026-09-24T11:28:02.950912Z  WARN foundry_evm_coverage::anchors: could not find anchor item=Line (location: (source ID: 14, lines: 93..98, bytes: 3619..3835), hits: 0) err=Could not find anchor: No matching instruction in range source ID: 14, lines: 93..98, bytes: 3619..3835
2026-09-24T11:28:02.950877Z  WARN foundry_evm_coverage::anchors: could not find anchor item=Statement (location: (source ID: 4, lines: 70..71, bytes: 3033..3052), hits: 0) err=Could not find anchor: No matching instruction in range source ID: 4, lines: 70..71, bytes: 3033..3052
2026-09-24T11:28:02.950931Z  WARN foundry_evm_coverage::anchors: could not find anchor item=Line (location: (source ID: 4, lines: 71..72, bytes: 3062..3116), hits: 0) err=Could not find anchor: No matching instruction in range source ID: 4, lines: 71..72, bytes: 3062..3116
2026-09-24T11:28:02.950745Z  WARN foundry_evm_coverage::anchors: could not find anchor item=Line (location: (source ID: 11, lines: 131..132, bytes: 5232..5313), hits: 0) err=Could not find anchor: No matching instruction in range source ID: 11, lines: 131..132, bytes: 5232..5313
2026-09-24T11:28:02.950946Z  WARN foundry_evm_coverage::anchors: could not find anchor item=Statement (location: (source ID: 11, lines: 131..132, bytes: 5232..5313), hits: 0) err=Could not find anchor: No matching instruction in range source ID: 11, lines: 131..132, bytes: 5232..5313
2026-09-24T11:28:02.950853Z  WARN foundry_evm_coverage::anchors: could not find anchor item=Line (location: (source ID: 3, lines: 58..59, bytes: 2331..2418), hits: 0) err=Could not find anchor: No matching instruction in range source ID: 3, lines: 58..59, bytes: 2331..2418
2026-09-24T11:28:02.950825Z  WARN foundry_evm_coverage::anchors: could not find anchor item=Statement (location: (source ID: 6, lines: 91..92, bytes: 3690..3756), hits: 0) err=Could not find anchor: No matching instruction in range source ID: 6, lines: 91..92, bytes: 3690..3756
2026-09-24T11:28:02.950967Z  WARN foundry_evm_coverage::anchors: could not find anchor item=Line (location: (source ID: 6, lines: 92..93, bytes: 3766..3777), hits: 0) err=Could not find anchor: No matching instruction in range source ID: 6, lines: 92..93, bytes: 3766..3777
2026-09-24T11:28:02.950925Z  WARN foundry_evm_coverage::anchors: could not find anchor item=Function "_metadata" (location: (source ID: 14, lines: 93..98, bytes: 3619..3835), hits: 0) err=Could not find anchor: No matching instruction in range source ID: 14, lines: 93..98, bytes: 3619..3835
2026-09-24T11:28:02.950937Z  WARN foundry_evm_coverage::anchors: could not find anchor item=Statement (location: (source ID: 4, lines: 71..72, bytes: 3062..3116), hits: 0) err=Could not find anchor: No matching instruction in range source ID: 4, lines: 71..72, bytes: 3062..3116
2026-09-24T11:28:02.951009Z  WARN foundry_evm_coverage::anchors: could not find anchor item=Statement (location: (source ID: 4, lines: 71..72, bytes: 3086..3116), hits: 0) err=Could not find anchor: No matching instruction in range source ID: 4, lines: 71..72, bytes: 3086..3116
2026-09-24T11:28:02.950952Z  WARN foundry_evm_coverage::anchors: could not find anchor item=Line (location: (source ID: 11, lines: 132..133, bytes: 5323..5363), hits: 0) err=Could not find anchor: No matching instruction in range source ID: 11, lines: 132..133, bytes: 5323..5363
2026-09-24T11:28:02.950959Z  WARN foundry_evm_coverage::anchors: could not find anchor item=Statement (location: (source ID: 3, lines: 58..59, bytes: 2331..2418), hits: 0) err=Could not find anchor: No matching instruction in range source ID: 3, lines: 58..59, bytes: 2331..2418
2026-09-24T11:28:02.951029Z  WARN foundry_evm_coverage::anchors: could not find anchor item=Statement (location: (source ID: 3, lines: 58..59, bytes: 2365..2418), hits: 0) err=Could not find anchor: No matching instruction in range source ID: 3, lines: 58..59, bytes: 2365..2418
2026-09-24T11:28:02.950972Z  WARN foundry_evm_coverage::anchors: could not find anchor item=Statement (location: (source ID: 6, lines: 92..93, bytes: 3766..3777), hits: 0) err=Could not find anchor: No matching instruction in range source ID: 6, lines: 92..93, bytes: 3766..3777
2026-09-24T11:28:02.951043Z  WARN foundry_evm_coverage::anchors: could not find anchor item=Line (location: (source ID: 6, lines: 95..98, bytes: 3790..3927), hits: 0) err=Could not find anchor: No matching instruction in range source ID: 6, lines: 95..98, bytes: 3790..3927
2026-09-24T11:28:02.951001Z  WARN foundry_evm_coverage::anchors: could not find anchor item=Line (location: (source ID: 14, lines: 94..95, bytes: 3690..3726), hits: 0) err=Could not find anchor: No matching instruction in range source ID: 14, lines: 94..95, bytes: 3690..3726
2026-09-24T11:28:02.950919Z  WARN foundry_evm_coverage::anchors: could not find anchor item=Line (location: (source ID: 11, lines: 61..62, bytes: 2495..2521), hits: 0) err=Could not find anchor: No matching instruction in range source ID: 11, lines: 61..62, bytes: 2495..2521
2026-09-24T11:28:02.951022Z  WARN foundry_evm_coverage::anchors: could not find anchor item=Statement (location: (source ID: 11, lines: 132..133, bytes: 5323..5363), hits: 0) err=Could not find anchor: No matching instruction in range source ID: 11, lines: 132..133, bytes: 5323..5363
2026-09-24T11:28:02.951035Z  WARN foundry_evm_coverage::anchors: could not find anchor item=Line (location: (source ID: 3, lines: 59..60, bytes: 2428..2527), hits: 0) err=Could not find anchor: No matching instruction in range source ID: 3, lines: 59..60, bytes: 2428..2527
2026-09-24T11:28:02.951088Z  WARN foundry_evm_coverage::anchors: could not find anchor item=Statement (location: (source ID: 3, lines: 59..60, bytes: 2428..2527), hits: 0) err=Could not find anchor: No matching instruction in range source ID: 3, lines: 59..60, bytes: 2428..2527
2026-09-24T11:28:02.950901Z  WARN foundry_evm_coverage::anchors: could not find anchor item=Line (location: (source ID: 14, lines: 69..70, bytes: 2729..2757), hits: 0) err=Could not find anchor: No matching instruction in range source ID: 14, lines: 69..70, bytes: 2729..2757
2026-09-24T11:28:02.951015Z  WARN foundry_evm_coverage::anchors: could not find anchor item=Line (location: (source ID: 4, lines: 72..73, bytes: 3130..3152), hits: 0) err=Could not find anchor: No matching instruction in range source ID: 4, lines: 72..73, bytes: 3130..3152
2026-09-24T11:28:02.951108Z  WARN foundry_evm_coverage::anchors: could not find anchor item=Statement (location: (source ID: 4, lines: 72..73, bytes: 3130..3152), hits: 0) err=Could not find anchor: No matching instruction in range source ID: 4, lines: 72..73, bytes: 3130..3152
2026-09-24T11:28:02.951133Z  WARN foundry_evm_coverage::anchors: could not find anchor item=Statement (location: (source ID: 4, lines: 72..73, bytes: 3154..3182), hits: 0) err=Could not find anchor: No matching instruction in range source ID: 4, lines: 72..73, bytes: 3154..3182
2026-09-24T11:28:02.951074Z  WARN foundry_evm_coverage::anchors: could not find anchor item=Statement (location: (source ID: 11, lines: 61..62, bytes: 2495..2521), hits: 0) err=Could not find anchor: No matching instruction in range source ID: 11, lines: 61..62, bytes: 2495..2521
2026-09-24T11:28:02.951094Z  WARN foundry_evm_coverage::anchors: could not find anchor item=Statement (location: (source ID: 3, lines: 59..60, bytes: 2435..2527), hits: 0) err=Could not find anchor: No matching instruction in range source ID: 3, lines: 59..60, bytes: 2435..2527
2026-09-24T11:28:02.951048Z  WARN foundry_evm_coverage::anchors: could not find anchor item=Function "metadataFresh" (location: (source ID: 6, lines: 95..98, bytes: 3790..3927), hits: 0) err=Could not find anchor: No matching instruction in range source ID: 6, lines: 95..98, bytes: 3790..3927
2026-09-24T11:28:02.951172Z  WARN foundry_evm_coverage::anchors: could not find anchor item=Line (location: (source ID: 6, lines: 96..97, bytes: 3852..3920), hits: 0) err=Could not find anchor: No matching instruction in range source ID: 6, lines: 96..97, bytes: 3852..3920
2026-09-24T11:28:02.951109Z  WARN foundry_evm_coverage::anchors: could not find anchor item=Statement (location: (source ID: 14, lines: 69..70, bytes: 2729..2757), hits: 0) err=Could not find anchor: No matching instruction in range source ID: 14, lines: 69..70, bytes: 2729..2757
2026-09-24T11:28:02.951189Z  WARN foundry_evm_coverage::anchors: could not find anchor item=Line (location: (source ID: 5, lines: 84..92, bytes: 3499..3982), hits: 0) err=Could not find anchor: No matching instruction in range source ID: 5, lines: 84..92, bytes: 3499..3982
2026-09-24T11:28:02.951080Z  WARN foundry_evm_coverage::anchors: could not find anchor item=Line (location: (source ID: 11, lines: 133..134, bytes: 5373..5406), hits: 0) err=Could not find anchor: No matching instruction in range source ID: 11, lines: 133..134, bytes: 5373..5406
2026-09-24T11:28:02.951205Z  WARN foundry_evm_coverage::anchors: could not find anchor item=Statement (location: (source ID: 11, lines: 133..134, bytes: 5373..5406), hits: 0) err=Could not find anchor: No matching instruction in range source ID: 11, lines: 133..134, bytes: 5373..5406
2026-09-24T11:28:02.951153Z  WARN foundry_evm_coverage::anchors: could not find anchor item=Statement (location: (source ID: 11, lines: 61..62, bytes: 2509..2521), hits: 0) err=Could not find anchor: No matching instruction in range source ID: 11, lines: 61..62, bytes: 2509..2521
2026-09-24T11:28:02.951060Z  WARN foundry_evm_coverage::anchors: could not find anchor item=Statement (location: (source ID: 14, lines: 94..95, bytes: 3690..3726), hits: 0) err=Could not find anchor: No matching instruction in range source ID: 14, lines: 94..95, bytes: 3690..3726
2026-09-24T11:28:02.951139Z  WARN foundry_evm_coverage::anchors: could not find anchor item=Branch (branch: 3, path: 0) (location: (source ID: 4, lines: 72..73, bytes: 3154..3182), hits: 0) err=Could not find anchor: No matching instruction in range source ID: 4, lines: 72..73, bytes: 3154..3182
2026-09-24T11:28:02.951238Z  WARN foundry_evm_coverage::anchors: could not find anchor item=Line (location: (source ID: 4, lines: 73..74, bytes: 3192..3248), hits: 0) err=Could not find anchor: No matching instruction in range source ID: 4, lines: 73..74, bytes: 3192..3248
2026-09-24T11:28:02.951196Z  WARN foundry_evm_coverage::anchors: could not find anchor item=Function "setPeer" (location: (source ID: 5, lines: 84..92, bytes: 3499..3982), hits: 0) err=Could not find anchor: No matching instruction in range source ID: 5, lines: 84..92, bytes: 3499..3982
2026-09-24T11:28:02.951273Z  WARN foundry_evm_coverage::anchors: could not find anchor item=Line (location: (source ID: 5, lines: 85..86, bytes: 3597..3615), hits: 0) err=Could not find anchor: No matching instruction in range source ID: 5, lines: 85..86, bytes: 3597..3615
2026-09-24T11:28:02.951178Z  WARN foundry_evm_coverage::anchors: could not find anchor item=Statement (location: (source ID: 6, lines: 96..97, bytes: 3852..3920), hits: 0) err=Could not find anchor: No matching instruction in range source ID: 6, lines: 96..97, bytes: 3852..3920
2026-09-24T11:28:02.951288Z  WARN foundry_evm_coverage::anchors: could not find anchor item=Statement (location: (source ID: 6, lines: 96..97, bytes: 3859..3920), hits: 0) err=Could not find anchor: No matching instruction in range source ID: 6, lines: 96..97, bytes: 3859..3920
2026-09-24T11:28:02.951224Z  WARN foundry_evm_coverage::anchors: could not find anchor item=Line (location: (source ID: 11, lines: 62..63, bytes: 2531..2555), hits: 0) err=Could not find anchor: No matching instruction in range source ID: 11, lines: 62..63, bytes: 2531..2555
2026-09-24T11:28:02.951243Z  WARN foundry_evm_coverage::anchors: could not find anchor item=Statement (location: (source ID: 4, lines: 73..74, bytes: 3192..3248), hits: 0) err=Could not find anchor: No matching instruction in range source ID: 4, lines: 73..74, bytes: 3192..3248
2026-09-24T11:28:02.951197Z  WARN foundry_evm_coverage::anchors: could not find anchor item=Statement (location: (source ID: 14, lines: 69..70, bytes: 2736..2757), hits: 0) err=Could not find anchor: No matching instruction in range source ID: 14, lines: 69..70, bytes: 2736..2757
2026-09-24T11:28:02.951210Z  WARN foundry_evm_coverage::anchors: could not find anchor item=Line (location: (source ID: 11, lines: 134..135, bytes: 5416..5442), hits: 0) err=Could not find anchor: No matching instruction in range source ID: 11, lines: 134..135, bytes: 5416..5442
2026-09-24T11:28:02.951330Z  WARN foundry_evm_coverage::anchors: could not find anchor item=Statement (location: (source ID: 14, lines: 69..70, bytes: 2745..2757), hits: 0) err=Could not find anchor: No matching instruction in range source ID: 14, lines: 69..70, bytes: 2745..2757
2026-09-24T11:28:02.951293Z  WARN foundry_evm_coverage::anchors: could not find anchor item=Statement (location: (source ID: 6, lines: 96..97, bytes: 3874..3920), hits: 0) err=Could not find anchor: No matching instruction in range source ID: 6, lines: 96..97, bytes: 3874..3920
2026-09-24T11:28:02.951344Z  WARN foundry_evm_coverage::anchors: could not find anchor item=Statement (location: (source ID: 6, lines: 96..97, bytes: 3893..3920), hits: 0) err=Could not find anchor: No matching instruction in range source ID: 6, lines: 96..97, bytes: 3893..3920
2026-09-24T11:28:02.951234Z  WARN foundry_evm_coverage::anchors: could not find anchor item=Statement (location: (source ID: 14, lines: 94..95, bytes: 3703..3726), hits: 0) err=Could not find anchor: No matching instruction in range source ID: 14, lines: 94..95, bytes: 3703..3726
2026-09-24T11:28:02.951314Z  WARN foundry_evm_coverage::anchors: could not find anchor item=Line (location: (source ID: 4, lines: 74..75, bytes: 3262..3292), hits: 0) err=Could not find anchor: No matching instruction in range source ID: 4, lines: 74..75, bytes: 3262..3292
2026-09-24T11:28:02.951372Z  WARN foundry_evm_coverage::anchors: could not find anchor item=Statement (location: (source ID: 4, lines: 74..75, bytes: 3262..3292), hits: 0) err=Could not find anchor: No matching instruction in range source ID: 4, lines: 74..75, bytes: 3262..3292
2026-09-24T11:28:02.951333Z  WARN foundry_evm_coverage::anchors: could not find anchor item=Statement (location: (source ID: 11, lines: 134..135, bytes: 5416..5442), hits: 0) err=Could not find anchor: No matching instruction in range source ID: 11, lines: 134..135, bytes: 5416..5442
2026-09-24T11:28:02.951388Z  WARN foundry_evm_coverage::anchors: could not find anchor item=Line (location: (source ID: 11, lines: 135..136, bytes: 5464..5485), hits: 0) err=Could not find anchor: No matching instruction in range source ID: 11, lines: 135..136, bytes: 5464..5485
2026-09-24T11:28:02.951408Z  WARN foundry_evm_coverage::anchors: could not find anchor item=Statement (location: (source ID: 11, lines: 135..136, bytes: 5464..5485), hits: 0) err=Could not find anchor: No matching instruction in range source ID: 11, lines: 135..136, bytes: 5464..5485
2026-09-24T11:28:02.951308Z  WARN foundry_evm_coverage::anchors: could not find anchor item=Statement (location: (source ID: 11, lines: 62..63, bytes: 2531..2555), hits: 0) err=Could not find anchor: No matching instruction in range source ID: 11, lines: 62..63, bytes: 2531..2555
2026-09-24T11:28:02.951378Z  WARN foundry_evm_coverage::anchors: could not find anchor item=Statement (location: (source ID: 4, lines: 74..75, bytes: 3262..3317), hits: 0) err=Could not find anchor: No matching instruction in range source ID: 4, lines: 74..75, bytes: 3262..3317
2026-09-24T11:28:02.951280Z  WARN foundry_evm_coverage::anchors: could not find anchor item=Statement (location: (source ID: 5, lines: 85..86, bytes: 3597..3615), hits: 0) err=Could not find anchor: No matching instruction in range source ID: 5, lines: 85..86, bytes: 3597..3615
2026-09-24T11:28:02.951444Z  WARN foundry_evm_coverage::anchors: could not find anchor item=Statement (location: (source ID: 5, lines: 85..86, bytes: 3617..3640), hits: 0) err=Could not find anchor: No matching instruction in range source ID: 5, lines: 85..86, bytes: 3617..3640
2026-09-24T11:28:02.951350Z  WARN foundry_evm_coverage::anchors: could not find anchor item=Line (location: (source ID: 6, lines: 99..102, bytes: 3933..4032), hits: 0) err=Could not find anchor: No matching instruction in range source ID: 6, lines: 99..102, bytes: 3933..4032
2026-09-24T11:28:02.951459Z  WARN foundry_evm_coverage::anchors: could not find anchor item=Function "_requireFresh" (location: (source ID: 6, lines: 99..102, bytes: 3933..4032), hits: 0) err=Could not find anchor: No matching instruction in range source ID: 6, lines: 99..102, bytes: 3933..4032
2026-09-24T11:28:02.951364Z  WARN foundry_evm_coverage::anchors: could not find anchor item=Line (location: (source ID: 14, lines: 95..96, bytes: 3736..3787), hits: 0) err=Could not find anchor: No matching instruction in range source ID: 14, lines: 95..96, bytes: 3736..3787
2026-09-24T11:28:02.951436Z  WARN foundry_evm_coverage::anchors: could not find anchor item=Statement (location: (source ID: 4, lines: 74..75, bytes: 3296..3317), hits: 0) err=Could not find anchor: No matching instruction in range source ID: 4, lines: 74..75, bytes: 3296..3317
2026-09-24T11:28:02.951488Z  WARN foundry_evm_coverage::anchors: could not find anchor item=Statement (location: (source ID: 4, lines: 74..75, bytes: 3319..3347), hits: 0) err=Could not find anchor: No matching instruction in range source ID: 4, lines: 74..75, bytes: 3319..3347
2026-09-24T11:28:02.951450Z  WARN foundry_evm_coverage::anchors: could not find anchor item=Branch (branch: 2, path: 0) (location: (source ID: 5, lines: 85..86, bytes: 3617..3640), hits: 0) err=Could not find anchor: No matching instruction in range source ID: 5, lines: 85..86, bytes: 3617..3640
2026-09-24T11:28:02.951504Z  WARN foundry_evm_coverage::anchors: could not find anchor item=Line (location: (source ID: 5, lines: 86..87, bytes: 3654..3678), hits: 0) err=Could not find anchor: No matching instruction in range source ID: 5, lines: 86..87, bytes: 3654..3678
2026-09-24T11:28:02.951466Z  WARN foundry_evm_coverage::anchors: could not find anchor item=Line (location: (source ID: 6, lines: 100..101, bytes: 3985..4001), hits: 0) err=Could not find anchor: No matching instruction in range source ID: 6, lines: 100..101, bytes: 3985..4001
2026-09-24T11:28:02.951480Z  WARN foundry_evm_coverage::anchors: could not find anchor item=Statement (location: (source ID: 14, lines: 95..96, bytes: 3736..3787), hits: 0) err=Could not find anchor: No matching instruction in range source ID: 14, lines: 95..96, bytes: 3736..3787
2026-09-24T11:28:02.951494Z  WARN foundry_evm_coverage::anchors: could not find anchor item=Branch (branch: 4, path: 0) (location: (source ID: 4, lines: 74..75, bytes: 3319..3347), hits: 0) err=Could not find anchor: No matching instruction in range source ID: 4, lines: 74..75, bytes: 3319..3347
2026-09-24T11:28:02.951553Z  WARN foundry_evm_coverage::anchors: could not find anchor item=Line (location: (source ID: 4, lines: 75..76, bytes: 3357..3370), hits: 0) err=Could not find anchor: No matching instruction in range source ID: 4, lines: 75..76, bytes: 3357..3370
2026-09-24T11:28:02.951413Z  WARN foundry_evm_coverage::anchors: could not find anchor item=Branch (branch: 8, path: 0) (location: (source ID: 11, lines: 135..136, bytes: 5464..5485), hits: 0) err=Could not find anchor: No matching instruction in range source ID: 11, lines: 135..136, bytes: 5464..5485
2026-09-24T11:28:02.951430Z  WARN foundry_evm_coverage::anchors: could not find anchor item=Line (location: (source ID: 11, lines: 63..64, bytes: 2565..2580), hits: 0) err=Could not find anchor: No matching instruction in range source ID: 11, lines: 63..64, bytes: 2565..2580
2026-09-24T11:28:02.951519Z  WARN foundry_evm_coverage::anchors: could not find anchor item=Statement (location: (source ID: 6, lines: 100..101, bytes: 3985..4001), hits: 0) err=Could not find anchor: No matching instruction in range source ID: 6, lines: 100..101, bytes: 3985..4001
2026-09-24T11:28:02.951594Z  WARN foundry_evm_coverage::anchors: could not find anchor item=Statement (location: (source ID: 6, lines: 100..101, bytes: 4003..4025), hits: 0) err=Could not find anchor: No matching instruction in range source ID: 6, lines: 100..101, bytes: 4003..4025
2026-09-24T11:28:02.951532Z  WARN foundry_evm_coverage::anchors: could not find anchor item=Line (location: (source ID: 14, lines: 96..97, bytes: 3797..3828), hits: 0) err=Could not find anchor: No matching instruction in range source ID: 14, lines: 96..97, bytes: 3797..3828
2026-09-24T11:28:02.951511Z  WARN foundry_evm_coverage::anchors: could not find anchor item=Statement (location: (source ID: 5, lines: 86..87, bytes: 3654..3678), hits: 0) err=Could not find anchor: No matching instruction in range source ID: 5, lines: 86..87, bytes: 3654..3678
2026-09-24T11:28:02.951621Z  WARN foundry_evm_coverage::anchors: could not find anchor item=Statement (location: (source ID: 5, lines: 86..87, bytes: 3654..3750), hits: 0) err=Could not find anchor: No matching instruction in range source ID: 5, lines: 86..87, bytes: 3654..3750
2026-09-24T11:28:02.951575Z  WARN foundry_evm_coverage::anchors: could not find anchor item=Branch (branch: 8, path: 1) (location: (source ID: 11, lines: 135..137, bytes: 5452..5523), hits: 0) err=Could not detect branches in source: source ID: 11, lines: 135..137, bytes: 5452..5523
2026-09-24T11:28:02.951637Z  WARN foundry_evm_coverage::anchors: could not find anchor item=Line (location: (source ID: 11, lines: 136..137, bytes: 5500..5523), hits: 0) err=Could not find anchor: No matching instruction in range source ID: 11, lines: 136..137, bytes: 5500..5523
2026-09-24T11:28:02.951600Z  WARN foundry_evm_coverage::anchors: could not find anchor item=Branch (branch: 6, path: 0) (location: (source ID: 6, lines: 100..101, bytes: 4003..4025), hits: 0) err=Could not find anchor: No matching instruction in range source ID: 6, lines: 100..101, bytes: 4003..4025
2026-09-24T11:28:02.951652Z  WARN foundry_evm_coverage::anchors: could not find anchor item=Line (location: (source ID: 6, lines: 103..108, bytes: 4038..4253), hits: 0) err=Could not find anchor: No matching instruction in range source ID: 6, lines: 103..108, bytes: 4038..4253
2026-09-24T11:28:02.951614Z  WARN foundry_evm_coverage::anchors: could not find anchor item=Statement (location: (source ID: 14, lines: 96..97, bytes: 3797..3828), hits: 0) err=Could not find anchor: No matching instruction in range source ID: 14, lines: 96..97, bytes: 3797..3828
2026-09-24T11:28:02.951587Z  WARN foundry_evm_coverage::anchors: could not find anchor item=Statement (location: (source ID: 11, lines: 63..64, bytes: 2565..2580), hits: 0) err=Could not find anchor: No matching instruction in range source ID: 11, lines: 63..64, bytes: 2565..2580
2026-09-24T11:28:02.951642Z  WARN foundry_evm_coverage::anchors: could not find anchor item=Statement (location: (source ID: 11, lines: 136..137, bytes: 5500..5523), hits: 0) err=Could not find anchor: No matching instruction in range source ID: 11, lines: 136..137, bytes: 5500..5523
2026-09-24T11:28:02.951697Z  WARN foundry_evm_coverage::anchors: could not find anchor item=Line (location: (source ID: 11, lines: 64..65, bytes: 2590..2627), hits: 0) err=Could not find anchor: No matching instruction in range source ID: 11, lines: 64..65, bytes: 2590..2627
2026-09-24T11:28:02.951659Z  WARN foundry_evm_coverage::anchors: could not find anchor item=Function "_effectiveMultiplier" (location: (source ID: 6, lines: 103..108, bytes: 4038..4253), hits: 0) err=Could not find anchor: No matching instruction in range source ID: 6, lines: 103..108, bytes: 4038..4253
2026-09-24T11:28:02.951719Z  WARN foundry_evm_coverage::anchors: could not find anchor item=Line (location: (source ID: 6, lines: 104..107, bytes: 4111..4246), hits: 0) err=Could not find anchor: No matching instruction in range source ID: 6, lines: 104..107, bytes: 4111..4246
2026-09-24T11:28:02.951627Z  WARN foundry_evm_coverage::anchors: could not find anchor item=Statement (location: (source ID: 5, lines: 86..87, bytes: 3682..3714), hits: 0) err=Could not find anchor: No matching instruction in range source ID: 5, lines: 86..87, bytes: 3682..3714
2026-09-24T11:28:02.951733Z  WARN foundry_evm_coverage::anchors: could not find anchor item=Statement (location: (source ID: 5, lines: 86..87, bytes: 3682..3750), hits: 0) err=Could not find anchor: No matching instruction in range source ID: 5, lines: 86..87, bytes: 3682..3750
2026-09-24T11:28:02.951560Z  WARN foundry_evm_coverage::anchors: could not find anchor item=Statement (location: (source ID: 4, lines: 75..76, bytes: 3357..3370), hits: 0) err=Could not find anchor: No matching instruction in range source ID: 4, lines: 75..76, bytes: 3357..3370
2026-09-24T11:28:02.951724Z  WARN foundry_evm_coverage::anchors: could not find anchor item=Statement (location: (source ID: 6, lines: 104..107, bytes: 4111..4246), hits: 0) err=Could not find anchor: No matching instruction in range source ID: 6, lines: 104..107, bytes: 4111..4246
2026-09-24T11:28:02.951753Z  WARN foundry_evm_coverage::anchors: could not find anchor item=Statement (location: (source ID: 6, lines: 104..107, bytes: 4118..4246), hits: 0) err=Could not find anchor: No matching instruction in range source ID: 6, lines: 104..107, bytes: 4118..4246
2026-09-24T11:28:02.951699Z  WARN foundry_evm_coverage::anchors: could not find anchor item=Line (location: (source ID: 11, lines: 139..144, bytes: 5536..5715), hits: 0) err=Could not find anchor: No matching instruction in range source ID: 11, lines: 139..144, bytes: 5536..5715
2026-09-24T11:28:02.951767Z  WARN foundry_evm_coverage::anchors: could not find anchor item=Function "changeMaximum" (location: (source ID: 11, lines: 139..144, bytes: 5536..5715), hits: 0) err=Could not find anchor: No matching instruction in range source ID: 11, lines: 139..144, bytes: 5536..5715
2026-09-24T11:28:02.951712Z  WARN foundry_evm_coverage::anchors: could not find anchor item=Statement (location: (source ID: 11, lines: 64..65, bytes: 2590..2627), hits: 0) err=Could not find anchor: No matching instruction in range source ID: 11, lines: 64..65, bytes: 2590..2627
2026-09-24T11:28:02.951759Z  WARN foundry_evm_coverage::anchors: could not find anchor item=Line (location: (source ID: 6, lines: 109..113, bytes: 4259..4393), hits: 0) err=Could not find anchor: No matching instruction in range source ID: 6, lines: 109..113, bytes: 4259..4393
2026-09-24T11:28:02.951793Z  WARN foundry_evm_coverage::anchors: could not find anchor item=Function "uiMultiplier" (location: (source ID: 6, lines: 109..113, bytes: 4259..4393), hits: 0) err=Could not find anchor: No matching instruction in range source ID: 6, lines: 109..113, bytes: 4259..4393
2026-09-24T11:28:02.951809Z  WARN foundry_evm_coverage::anchors: could not find anchor item=Line (location: (source ID: 6, lines: 110..111, bytes: 4332..4347), hits: 0) err=Could not find anchor: No matching instruction in range source ID: 6, lines: 110..111, bytes: 4332..4347
2026-09-24T11:28:02.951773Z  WARN foundry_evm_coverage::anchors: could not find anchor item=Line (location: (source ID: 11, lines: 140..141, bytes: 5592..5633), hits: 0) err=Could not find anchor: No matching instruction in range source ID: 11, lines: 140..141, bytes: 5592..5633
2026-09-24T11:28:02.951823Z  WARN foundry_evm_coverage::anchors: could not find anchor item=Statement (location: (source ID: 11, lines: 140..141, bytes: 5592..5633), hits: 0) err=Could not find anchor: No matching instruction in range source ID: 11, lines: 140..141, bytes: 5592..5633
2026-09-24T11:28:02.951787Z  WARN foundry_evm_coverage::anchors: could not find anchor item=Line (location: (source ID: 11, lines: 65..66, bytes: 2637..2659), hits: 0) err=Could not find anchor: No matching instruction in range source ID: 11, lines: 65..66, bytes: 2637..2659
2026-09-24T11:28:02.951814Z  WARN foundry_evm_coverage::anchors: could not find anchor item=Statement (location: (source ID: 6, lines: 110..111, bytes: 4332..4347), hits: 0) err=Could not find anchor: No matching instruction in range source ID: 6, lines: 110..111, bytes: 4332..4347
2026-09-24T11:28:02.951848Z  WARN foundry_evm_coverage::anchors: could not find anchor item=Line (location: (source ID: 6, lines: 111..112, bytes: 4357..4386), hits: 0) err=Could not find anchor: No matching instruction in range source ID: 6, lines: 111..112, bytes: 4357..4386
2026-09-24T11:28:02.951746Z  WARN foundry_evm_coverage::anchors: could not find anchor item=Line (location: (source ID: 4, lines: 76..77, bytes: 3384..3392), hits: 0) err=Could not find anchor: No matching instruction in range source ID: 4, lines: 76..77, bytes: 3384..3392
2026-09-24T11:28:02.951862Z  WARN foundry_evm_coverage::anchors: could not find anchor item=Statement (location: (source ID: 4, lines: 76..77, bytes: 3384..3392), hits: 0) err=Could not find anchor: No matching instruction in range source ID: 4, lines: 76..77, bytes: 3384..3392
2026-09-24T11:28:02.951739Z  WARN foundry_evm_coverage::anchors: could not find anchor item=Statement (location: (source ID: 5, lines: 86..87, bytes: 3718..3750), hits: 0) err=Could not find anchor: No matching instruction in range source ID: 5, lines: 86..87, bytes: 3718..3750
2026-09-24T11:28:02.951854Z  WARN foundry_evm_coverage::anchors: could not find anchor item=Statement (location: (source ID: 6, lines: 111..112, bytes: 4357..4386), hits: 0) err=Could not find anchor: No matching instruction in range source ID: 6, lines: 111..112, bytes: 4357..4386
2026-09-24T11:28:02.951882Z  WARN foundry_evm_coverage::anchors: could not find anchor item=Statement (location: (source ID: 6, lines: 111..112, bytes: 4364..4386), hits: 0) err=Could not find anchor: No matching instruction in range source ID: 6, lines: 111..112, bytes: 4364..4386
2026-09-24T11:28:02.951829Z  WARN foundry_evm_coverage::anchors: could not find anchor item=Statement (location: (source ID: 11, lines: 140..141, bytes: 5607..5633), hits: 0) err=Could not find anchor: No matching instruction in range source ID: 11, lines: 140..141, bytes: 5607..5633
2026-09-24T11:28:02.951896Z  WARN foundry_evm_coverage::anchors: could not find anchor item=Line (location: (source ID: 11, lines: 141..142, bytes: 5643..5670), hits: 0) err=Could not find anchor: No matching instruction in range source ID: 11, lines: 141..142, bytes: 5643..5670
2026-09-24T11:28:02.951842Z  WARN foundry_evm_coverage::anchors: could not find anchor item=Statement (location: (source ID: 11, lines: 65..66, bytes: 2637..2659), hits: 0) err=Could not find anchor: No matching instruction in range source ID: 11, lines: 65..66, bytes: 2637..2659
2026-09-24T11:28:02.951888Z  WARN foundry_evm_coverage::anchors: could not find anchor item=Line (location: (source ID: 6, lines: 114..118, bytes: 4399..4533), hits: 0) err=Could not find anchor: No matching instruction in range source ID: 6, lines: 114..118, bytes: 4399..4533
2026-09-24T11:28:02.951927Z  WARN foundry_evm_coverage::anchors: could not find anchor item=Function "newUIMultiplier" (location: (source ID: 6, lines: 114..118, bytes: 4399..4533), hits: 0) err=Could not find anchor: No matching instruction in range source ID: 6, lines: 114..118, bytes: 4399..4533
2026-09-24T11:28:02.951868Z  WARN foundry_evm_coverage::anchors: could not find anchor item=Branch (branch: 5, path: 0) (location: (source ID: 4, lines: 76..80, bytes: 3394..3497), hits: 0) err=Could not find anchor: No matching instruction in range source ID: 4, lines: 76..80, bytes: 3394..3497
2026-09-24T11:28:02.951941Z  WARN foundry_evm_coverage::anchors: could not find anchor item=Line (location: (source ID: 4, lines: 77..78, bytes: 3408..3441), hits: 0) err=Could not find anchor: No matching instruction in range source ID: 4, lines: 77..78, bytes: 3408..3441
2026-09-24T11:28:02.951915Z  WARN foundry_evm_coverage::anchors: could not find anchor item=Line (location: (source ID: 11, lines: 66..67, bytes: 2669..2687), hits: 0) err=Could not find anchor: No matching instruction in range source ID: 11, lines: 66..67, bytes: 2669..2687
2026-09-24T11:28:02.951933Z  WARN foundry_evm_coverage::anchors: could not find anchor item=Line (location: (source ID: 6, lines: 115..116, bytes: 4477..4492), hits: 0) err=Could not find anchor: No matching instruction in range source ID: 6, lines: 115..116, bytes: 4477..4492
2026-09-24T11:28:02.951967Z  WARN foundry_evm_coverage::anchors: could not find anchor item=Statement (location: (source ID: 6, lines: 115..116, bytes: 4477..4492), hits: 0) err=Could not find anchor: No matching instruction in range source ID: 6, lines: 115..116, bytes: 4477..4492
2026-09-24T11:28:02.951902Z  WARN foundry_evm_coverage::anchors: could not find anchor item=Statement (location: (source ID: 11, lines: 141..142, bytes: 5643..5670), hits: 0) err=Could not find anchor: No matching instruction in range source ID: 11, lines: 141..142, bytes: 5643..5670
2026-09-24T11:28:02.951981Z  WARN foundry_evm_coverage::anchors: could not find anchor item=Line (location: (source ID: 11, lines: 142..143, bytes: 5680..5708), hits: 0) err=Could not find anchor: No matching instruction in range source ID: 11, lines: 142..143, bytes: 5680..5708
2026-09-24T11:28:02.951947Z  WARN foundry_evm_coverage::anchors: could not find anchor item=Statement (location: (source ID: 4, lines: 77..78, bytes: 3408..3441), hits: 0) err=Could not find anchor: No matching instruction in range source ID: 4, lines: 77..78, bytes: 3408..3441
2026-09-24T11:28:02.951995Z  WARN foundry_evm_coverage::anchors: could not find anchor item=Line (location: (source ID: 4, lines: 78..79, bytes: 3455..3486), hits: 0) err=Could not find anchor: No matching instruction in range source ID: 4, lines: 78..79, bytes: 3455..3486
2026-09-24T11:28:02.951973Z  WARN foundry_evm_coverage::anchors: could not find anchor item=Line (location: (source ID: 6, lines: 116..117, bytes: 4502..4526), hits: 0) err=Could not find anchor: No matching instruction in range source ID: 6, lines: 116..117, bytes: 4502..4526
2026-09-24T11:28:02.952008Z  WARN foundry_evm_coverage::anchors: could not find anchor item=Statement (location: (source ID: 6, lines: 116..117, bytes: 4502..4526), hits: 0) err=Could not find anchor: No matching instruction in range source ID: 6, lines: 116..117, bytes: 4502..4526
2026-09-24T11:28:02.951986Z  WARN foundry_evm_coverage::anchors: could not find anchor item=Statement (location: (source ID: 11, lines: 142..143, bytes: 5680..5708), hits: 0) err=Could not find anchor: No matching instruction in range source ID: 11, lines: 142..143, bytes: 5680..5708
2026-09-24T11:28:02.952022Z  WARN foundry_evm_coverage::anchors: could not find anchor item=Line (location: (source ID: 11, lines: 145..152, bytes: 5721..6047), hits: 0) err=Could not find anchor: No matching instruction in range source ID: 11, lines: 145..152, bytes: 5721..6047
2026-09-24T11:28:02.952000Z  WARN foundry_evm_coverage::anchors: could not find anchor item=Statement (location: (source ID: 4, lines: 78..79, bytes: 3455..3486), hits: 0) err=Could not find anchor: No matching instruction in range source ID: 4, lines: 78..79, bytes: 3455..3486
2026-09-24T11:28:02.952051Z  WARN foundry_evm_coverage::anchors: could not find anchor item=Line (location: (source ID: 4, lines: 80..81, bytes: 3506..3580), hits: 0) err=Could not find anchor: No matching instruction in range source ID: 4, lines: 80..81, bytes: 3506..3580
2026-09-24T11:28:02.952014Z  WARN foundry_evm_coverage::anchors: could not find anchor item=Line (location: (source ID: 6, lines: 119..123, bytes: 4539..4670), hits: 0) err=Could not find anchor: No matching instruction in range source ID: 6, lines: 119..123, bytes: 4539..4670
2026-09-24T11:28:02.952064Z  WARN foundry_evm_coverage::anchors: could not find anchor item=Function "effectiveAt" (location: (source ID: 6, lines: 119..123, bytes: 4539..4670), hits: 0) err=Could not find anchor: No matching instruction in range source ID: 6, lines: 119..123, bytes: 4539..4670
2026-09-24T11:28:02.952028Z  WARN foundry_evm_coverage::anchors: could not find anchor item=Function "_changeMaximum" (location: (source ID: 11, lines: 145..152, bytes: 5721..6047), hits: 0) err=Could not find anchor: No matching instruction in range source ID: 11, lines: 145..152, bytes: 5721..6047
2026-09-24T11:28:02.952078Z  WARN foundry_evm_coverage::anchors: could not find anchor item=Line (location: (source ID: 11, lines: 146..147, bytes: 5804..5844), hits: 0) err=Could not find anchor: No matching instruction in range source ID: 11, lines: 146..147, bytes: 5804..5844
2026-09-24T11:28:02.952057Z  WARN foundry_evm_coverage::anchors: could not find anchor item=Statement (location: (source ID: 4, lines: 80..81, bytes: 3506..3580), hits: 0) err=Could not find anchor: No matching instruction in range source ID: 4, lines: 80..81, bytes: 3506..3580
2026-09-24T11:28:02.952092Z  WARN foundry_evm_coverage::anchors: could not find anchor item=Line (location: (source ID: 4, lines: 81..82, bytes: 3590..3654), hits: 0) err=Could not find anchor: No matching instruction in range source ID: 4, lines: 81..82, bytes: 3590..3654
2026-09-24T11:28:02.952070Z  WARN foundry_evm_coverage::anchors: could not find anchor item=Line (location: (source ID: 6, lines: 120..121, bytes: 4613..4628), hits: 0) err=Could not find anchor: No matching instruction in range source ID: 6, lines: 120..121, bytes: 4613..4628
2026-09-24T11:28:02.952106Z  WARN foundry_evm_coverage::anchors: could not find anchor item=Statement (location: (source ID: 6, lines: 120..121, bytes: 4613..4628), hits: 0) err=Could not find anchor: No matching instruction in range source ID: 6, lines: 120..121, bytes: 4613..4628
2026-09-24T11:28:02.952085Z  WARN foundry_evm_coverage::anchors: could not find anchor item=Statement (location: (source ID: 11, lines: 146..147, bytes: 5804..5844), hits: 0) err=Could not find anchor: No matching instruction in range source ID: 11, lines: 146..147, bytes: 5804..5844
2026-09-24T11:28:02.952121Z  WARN foundry_evm_coverage::anchors: could not find anchor item=Line (location: (source ID: 11, lines: 147..148, bytes: 5854..5885), hits: 0) err=Could not find anchor: No matching instruction in range source ID: 11, lines: 147..148, bytes: 5854..5885
2026-09-24T11:28:02.952098Z  WARN foundry_evm_coverage::anchors: could not find anchor item=Statement (location: (source ID: 4, lines: 81..82, bytes: 3590..3654), hits: 0) err=Could not find anchor: No matching instruction in range source ID: 4, lines: 81..82, bytes: 3590..3654
2026-09-24T11:28:02.952135Z  WARN foundry_evm_coverage::anchors: could not find anchor item=Line (location: (source ID: 4, lines: 84..92, bytes: 3667..4108), hits: 0) err=Could not find anchor: No matching instruction in range source ID: 4, lines: 84..92, bytes: 3667..4108
2026-09-24T11:28:02.952112Z  WARN foundry_evm_coverage::anchors: could not find anchor item=Line (location: (source ID: 6, lines: 121..122, bytes: 4638..4663), hits: 0) err=Could not find anchor: No matching instruction in range source ID: 6, lines: 121..122, bytes: 4638..4663
2026-09-24T11:28:02.952156Z  WARN foundry_evm_coverage::anchors: could not find anchor item=Statement (location: (source ID: 6, lines: 121..122, bytes: 4638..4663), hits: 0) err=Could not find anchor: No matching instruction in range source ID: 6, lines: 121..122, bytes: 4638..4663
2026-09-24T11:28:02.952127Z  WARN foundry_evm_coverage::anchors: could not find anchor item=Statement (location: (source ID: 11, lines: 147..148, bytes: 5854..5885), hits: 0) err=Could not find anchor: No matching instruction in range source ID: 11, lines: 147..148, bytes: 5854..5885
2026-09-24T11:28:02.952170Z  WARN foundry_evm_coverage::anchors: could not find anchor item=Line (location: (source ID: 11, lines: 148..149, bytes: 5899..5935), hits: 0) err=Could not find anchor: No matching instruction in range source ID: 11, lines: 148..149, bytes: 5899..5935
2026-09-24T11:28:02.952142Z  WARN foundry_evm_coverage::anchors: could not find anchor item=Function "completeRedemption" (location: (source ID: 4, lines: 84..92, bytes: 3667..4108), hits: 0) err=Could not find anchor: No matching instruction in range source ID: 4, lines: 84..92, bytes: 3667..4108
2026-09-24T11:28:02.952184Z  WARN foundry_evm_coverage::anchors: could not find anchor item=Line (location: (source ID: 4, lines: 85..87, bytes: 3754..3872), hits: 0) err=Could not find anchor: No matching instruction in range source ID: 4, lines: 85..87, bytes: 3754..3872
2026-09-24T11:28:02.952162Z  WARN foundry_evm_coverage::anchors: could not find anchor item=Line (location: (source ID: 6, lines: 125..128, bytes: 4773..4948), hits: 0) err=Could not find anchor: No matching instruction in range source ID: 6, lines: 125..128, bytes: 4773..4948
2026-09-24T11:28:02.952198Z  WARN foundry_evm_coverage::anchors: could not find anchor item=Function "snapshot" (location: (source ID: 6, lines: 125..128, bytes: 4773..4948), hits: 0) err=Could not find anchor: No matching instruction in range source ID: 6, lines: 125..128, bytes: 4773..4948
2026-09-24T11:28:02.952176Z  WARN foundry_evm_coverage::anchors: could not find anchor item=Statement (location: (source ID: 11, lines: 148..149, bytes: 5899..5935), hits: 0) err=Could not find anchor: No matching instruction in range source ID: 11, lines: 148..149, bytes: 5899..5935
2026-09-24T11:28:02.952211Z  WARN foundry_evm_coverage::anchors: could not find anchor item=Statement (location: (source ID: 11, lines: 148..149, bytes: 5906..5935), hits: 0) err=Could not find anchor: No matching instruction in range source ID: 11, lines: 148..149, bytes: 5906..5935
2026-09-24T11:28:02.952189Z  WARN foundry_evm_coverage::anchors: could not find anchor item=Statement (location: (source ID: 4, lines: 85..87, bytes: 3754..3872), hits: 0) err=Could not find anchor: No matching instruction in range source ID: 4, lines: 85..87, bytes: 3754..3872
2026-09-24T11:28:02.952225Z  WARN foundry_evm_coverage::anchors: could not find anchor item=Line (location: (source ID: 4, lines: 86..87, bytes: 3814..3872), hits: 0) err=Could not find anchor: No matching instruction in range source ID: 4, lines: 86..87, bytes: 3814..3872
2026-09-24T11:28:02.952203Z  WARN foundry_evm_coverage::anchors: could not find anchor item=Line (location: (source ID: 6, lines: 126..127, bytes: 4876..4941), hits: 0) err=Could not find anchor: No matching instruction in range source ID: 6, lines: 126..127, bytes: 4876..4941
2026-09-24T11:28:02.952238Z  WARN foundry_evm_coverage::anchors: could not find anchor item=Statement (location: (source ID: 6, lines: 126..127, bytes: 4876..4941), hits: 0) err=Could not find anchor: No matching instruction in range source ID: 6, lines: 126..127, bytes: 4876..4941
2026-09-24T11:28:02.952244Z  WARN foundry_evm_coverage::anchors: could not find anchor item=Line (location: (source ID: 6, lines: 129..132, bytes: 4954..5079), hits: 0) err=Could not find anchor: No matching instruction in range source ID: 6, lines: 129..132, bytes: 4954..5079
2026-09-24T11:28:02.951875Z  WARN foundry_evm_coverage::anchors: could not find anchor item=Statement (location: (source ID: 5, lines: 86..87, bytes: 3752..3781), hits: 0) err=Could not find anchor: No matching instruction in range source ID: 5, lines: 86..87, bytes: 3752..3781
2026-09-24T11:28:02.952273Z  WARN foundry_evm_coverage::anchors: could not find anchor item=Branch (branch: 3, path: 0) (location: (source ID: 5, lines: 86..87, bytes: 3752..3781), hits: 0) err=Could not find anchor: No matching instruction in range source ID: 5, lines: 86..87, bytes: 3752..3781
2026-09-24T11:28:02.951961Z  WARN foundry_evm_coverage::anchors: could not find anchor item=Statement (location: (source ID: 11, lines: 66..67, bytes: 2669..2687), hits: 0) err=Could not find anchor: No matching instruction in range source ID: 11, lines: 66..67, bytes: 2669..2687
2026-09-24T11:28:02.952250Z  WARN foundry_evm_coverage::anchors: could not find anchor item=Function "toUIAmount" (location: (source ID: 6, lines: 129..132, bytes: 4954..5079), hits: 0) err=Could not find anchor: No matching instruction in range source ID: 6, lines: 129..132, bytes: 4954..5079
2026-09-24T11:28:02.952297Z  WARN foundry_evm_coverage::anchors: could not find anchor item=Line (location: (source ID: 6, lines: 130..131, bytes: 5027..5072), hits: 0) err=Could not find anchor: No matching instruction in range source ID: 6, lines: 130..131, bytes: 5027..5072
2026-09-24T11:28:02.952231Z  WARN foundry_evm_coverage::anchors: could not find anchor item=Statement (location: (source ID: 4, lines: 86..87, bytes: 3814..3872), hits: 0) err=Could not find anchor: No matching instruction in range source ID: 4, lines: 86..87, bytes: 3814..3872
2026-09-24T11:28:02.952311Z  WARN foundry_evm_coverage::anchors: could not find anchor item=Line (location: (source ID: 4, lines: 87..88, bytes: 3886..3903), hits: 0) err=Could not find anchor: No matching instruction in range source ID: 4, lines: 87..88, bytes: 3886..3903
2026-09-24T11:28:02.952217Z  WARN foundry_evm_coverage::anchors: could not find anchor item=Statement (location: (source ID: 11, lines: 148..149, bytes: 5937..5977), hits: 0) err=Could not find anchor: No matching instruction in range source ID: 11, lines: 148..149, bytes: 5937..5977
2026-09-24T11:28:02.952303Z  WARN foundry_evm_coverage::anchors: could not find anchor item=Statement (location: (source ID: 6, lines: 130..131, bytes: 5027..5072), hits: 0) err=Could not find anchor: No matching instruction in range source ID: 6, lines: 130..131, bytes: 5027..5072
2026-09-24T11:28:02.952332Z  WARN foundry_evm_coverage::anchors: could not find anchor item=Statement (location: (source ID: 6, lines: 130..131, bytes: 5034..5072), hits: 0) err=Could not find anchor: No matching instruction in range source ID: 6, lines: 130..131, bytes: 5034..5072
2026-09-24T11:28:02.952279Z  WARN foundry_evm_coverage::anchors: could not find anchor item=Line (location: (source ID: 5, lines: 87..88, bytes: 3791..3831), hits: 0) err=Could not find anchor: No matching instruction in range source ID: 5, lines: 87..88, bytes: 3791..3831
2026-09-24T11:28:02.952346Z  WARN foundry_evm_coverage::anchors: could not find anchor item=Statement (location: (source ID: 5, lines: 87..88, bytes: 3791..3831), hits: 0) err=Could not find anchor: No matching instruction in range source ID: 5, lines: 87..88, bytes: 3791..3831
2026-09-24T11:28:02.952292Z  WARN foundry_evm_coverage::anchors: could not find anchor item=Line (location: (source ID: 11, lines: 69..82, bytes: 2700..3241), hits: 0) err=Could not find anchor: No matching instruction in range source ID: 11, lines: 69..82, bytes: 2700..3241
2026-09-24T11:28:02.952337Z  WARN foundry_evm_coverage::anchors: could not find anchor item=Line (location: (source ID: 6, lines: 133..136, bytes: 5085..5212), hits: 0) err=Could not find anchor: No matching instruction in range source ID: 6, lines: 133..136, bytes: 5085..5212
2026-09-24T11:28:02.952364Z  WARN foundry_evm_coverage::anchors: could not find anchor item=Function "deliverDeposit" (location: (source ID: 11, lines: 69..82, bytes: 2700..3241), hits: 0) err=Could not find anchor: No matching instruction in range source ID: 11, lines: 69..82, bytes: 2700..3241
2026-09-24T11:28:02.952352Z  WARN foundry_evm_coverage::anchors: could not find anchor item=Line (location: (source ID: 5, lines: 88..89, bytes: 3841..3873), hits: 0) err=Could not find anchor: No matching instruction in range source ID: 5, lines: 88..89, bytes: 3841..3873
2026-09-24T11:28:02.952398Z  WARN foundry_evm_coverage::anchors: could not find anchor item=Statement (location: (source ID: 5, lines: 88..89, bytes: 3841..3873), hits: 0) err=Could not find anchor: No matching instruction in range source ID: 5, lines: 88..89, bytes: 3841..3873
2026-09-24T11:28:02.952324Z  WARN foundry_evm_coverage::anchors: could not find anchor item=Branch (branch: 9, path: 0) (location: (source ID: 11, lines: 148..149, bytes: 5937..5977), hits: 0) err=Could not find anchor: No matching instruction in range source ID: 11, lines: 148..149, bytes: 5937..5977
2026-09-24T11:28:02.952317Z  WARN foundry_evm_coverage::anchors: could not find anchor item=Statement (location: (source ID: 4, lines: 87..88, bytes: 3886..3903), hits: 0) err=Could not find anchor: No matching instruction in range source ID: 4, lines: 87..88, bytes: 3886..3903
2026-09-24T11:28:02.952419Z  WARN foundry_evm_coverage::anchors: could not find anchor item=Statement (location: (source ID: 4, lines: 87..88, bytes: 3886..3946), hits: 0) err=Could not find anchor: No matching instruction in range source ID: 4, lines: 87..88, bytes: 3886..3946
2026-09-24T11:28:02.952391Z  WARN foundry_evm_coverage::anchors: could not find anchor item=Line (location: (source ID: 11, lines: 70..71, bytes: 2757..2795), hits: 0) err=Could not find anchor: No matching instruction in range source ID: 11, lines: 70..71, bytes: 2757..2795
2026-09-24T11:28:02.952366Z  WARN foundry_evm_coverage::anchors: could not find anchor item=Function "fromUIAmount" (location: (source ID: 6, lines: 133..136, bytes: 5085..5212), hits: 0) err=Could not find anchor: No matching instruction in range source ID: 6, lines: 133..136, bytes: 5085..5212
2026-09-24T11:28:02.952411Z  WARN foundry_evm_coverage::anchors: could not find anchor item=Line (location: (source ID: 11, lines: 149..150, bytes: 5987..6016), hits: 0) err=Could not find anchor: No matching instruction in range source ID: 11, lines: 149..150, bytes: 5987..6016
2026-09-24T11:28:02.952451Z  WARN foundry_evm_coverage::anchors: could not find anchor item=Statement (location: (source ID: 11, lines: 149..150, bytes: 5987..6016), hits: 0) err=Could not find anchor: No matching instruction in range source ID: 11, lines: 149..150, bytes: 5987..6016
2026-09-24T11:28:02.952424Z  WARN foundry_evm_coverage::anchors: could not find anchor item=Statement (location: (source ID: 4, lines: 87..88, bytes: 3907..3937), hits: 0) err=Could not find anchor: No matching instruction in range source ID: 4, lines: 87..88, bytes: 3907..3937
2026-09-24T11:28:02.952465Z  WARN foundry_evm_coverage::anchors: could not find anchor item=Statement (location: (source ID: 4, lines: 87..88, bytes: 3907..3946), hits: 0) err=Could not find anchor: No matching instruction in range source ID: 4, lines: 87..88, bytes: 3907..3946
2026-09-24T11:28:02.952438Z  WARN foundry_evm_coverage::anchors: could not find anchor item=Statement (location: (source ID: 11, lines: 70..71, bytes: 2757..2795), hits: 0) err=Could not find anchor: No matching instruction in range source ID: 11, lines: 70..71, bytes: 2757..2795
2026-09-24T11:28:02.952457Z  WARN foundry_evm_coverage::anchors: could not find anchor item=Line (location: (source ID: 11, lines: 150..151, bytes: 6026..6040), hits: 0) err=Could not find anchor: No matching instruction in range source ID: 11, lines: 150..151, bytes: 6026..6040
2026-09-24T11:28:02.952490Z  WARN foundry_evm_coverage::anchors: could not find anchor item=Statement (location: (source ID: 11, lines: 150..151, bytes: 6026..6040), hits: 0) err=Could not find anchor: No matching instruction in range source ID: 11, lines: 150..151, bytes: 6026..6040
2026-09-24T11:28:02.952496Z  WARN foundry_evm_coverage::anchors: could not find anchor item=Line (location: (source ID: 11, lines: 153..177, bytes: 6053..6917), hits: 0) err=Could not find anchor: No matching instruction in range source ID: 11, lines: 153..177, bytes: 6053..6917
2026-09-24T11:28:02.952520Z  WARN foundry_evm_coverage::anchors: could not find anchor item=Function "drainPending" (location: (source ID: 11, lines: 153..177, bytes: 6053..6917), hits: 0) err=Could not find anchor: No matching instruction in range source ID: 11, lines: 153..177, bytes: 6053..6917
2026-09-24T11:28:02.952444Z  WARN foundry_evm_coverage::anchors: could not find anchor item=Line (location: (source ID: 6, lines: 134..135, bytes: 5161..5205), hits: 0) err=Could not find anchor: No matching instruction in range source ID: 6, lines: 134..135, bytes: 5161..5205
2026-09-24T11:28:02.952535Z  WARN foundry_evm_coverage::anchors: could not find anchor item=Statement (location: (source ID: 6, lines: 134..135, bytes: 5161..5205), hits: 0) err=Could not find anchor: No matching instruction in range source ID: 6, lines: 134..135, bytes: 5161..5205
2026-09-24T11:28:02.952404Z  WARN foundry_evm_coverage::anchors: could not find anchor item=Line (location: (source ID: 5, lines: 89..90, bytes: 3883..3900), hits: 0) err=Could not find anchor: No matching instruction in range source ID: 5, lines: 89..90, bytes: 3883..3900
2026-09-24T11:28:02.952549Z  WARN foundry_evm_coverage::anchors: could not find anchor item=Statement (location: (source ID: 5, lines: 89..90, bytes: 3883..3900), hits: 0) err=Could not find anchor: No matching instruction in range source ID: 5, lines: 89..90, bytes: 3883..3900
2026-09-24T11:28:02.952526Z  WARN foundry_evm_coverage::anchors: could not find anchor item=Line (location: (source ID: 11, lines: 154..155, bytes: 6096..6133), hits: 0) err=Could not find anchor: No matching instruction in range source ID: 11, lines: 154..155, bytes: 6096..6133
2026-09-24T11:28:02.952562Z  WARN foundry_evm_coverage::anchors: could not find anchor item=Statement (location: (source ID: 11, lines: 154..155, bytes: 6096..6133), hits: 0) err=Could not find anchor: No matching instruction in range source ID: 11, lines: 154..155, bytes: 6096..6133
2026-09-24T11:28:02.952540Z  WARN foundry_evm_coverage::anchors: could not find anchor item=Statement (location: (source ID: 6, lines: 134..135, bytes: 5168..5205), hits: 0) err=Could not find anchor: No matching instruction in range source ID: 6, lines: 134..135, bytes: 5168..5205
2026-09-24T11:28:02.952575Z  WARN foundry_evm_coverage::anchors: could not find anchor item=Line (location: (source ID: 6, lines: 137..140, bytes: 5218..5340), hits: 0) err=Could not find anchor: No matching instruction in range source ID: 6, lines: 137..140, bytes: 5218..5340
2026-09-24T11:28:02.952555Z  WARN foundry_evm_coverage::anchors: could not find anchor item=Line (location: (source ID: 5, lines: 90..91, bytes: 3910..3975), hits: 0) err=Could not find anchor: No matching instruction in range source ID: 5, lines: 90..91, bytes: 3910..3975
2026-09-24T11:28:02.952589Z  WARN foundry_evm_coverage::anchors: could not find anchor item=Statement (location: (source ID: 5, lines: 90..91, bytes: 3910..3975), hits: 0) err=Could not find anchor: No matching instruction in range source ID: 5, lines: 90..91, bytes: 3910..3975
2026-09-24T11:28:02.952567Z  WARN foundry_evm_coverage::anchors: could not find anchor item=Line (location: (source ID: 11, lines: 155..156, bytes: 6143..6166), hits: 0) err=Could not find anchor: No matching instruction in range source ID: 11, lines: 155..156, bytes: 6143..6166
2026-09-24T11:28:02.952602Z  WARN foundry_evm_coverage::anchors: could not find anchor item=Statement (location: (source ID: 11, lines: 155..156, bytes: 6143..6166), hits: 0) err=Could not find anchor: No matching instruction in range source ID: 11, lines: 155..156, bytes: 6143..6166
2026-09-24T11:28:02.952581Z  WARN foundry_evm_coverage::anchors: could not find anchor item=Function "balanceOfUI" (location: (source ID: 6, lines: 137..140, bytes: 5218..5340), hits: 0) err=Could not find anchor: No matching instruction in range source ID: 6, lines: 137..140, bytes: 5218..5340
2026-09-24T11:28:02.952631Z  WARN foundry_evm_coverage::anchors: could not find anchor item=Line (location: (source ID: 6, lines: 138..139, bytes: 5297..5333), hits: 0) err=Could not find anchor: No matching instruction in range source ID: 6, lines: 138..139, bytes: 5297..5333
2026-09-24T11:28:02.952595Z  WARN foundry_evm_coverage::anchors: could not find anchor item=Line (location: (source ID: 5, lines: 93..94, bytes: 3988..4051), hits: 0) err=Could not find anchor: No matching instruction in range source ID: 5, lines: 93..94, bytes: 3988..4051
2026-09-24T11:28:02.952644Z  WARN foundry_evm_coverage::anchors: could not find anchor item=Function "_validateRemoteToken" (location: (source ID: 5, lines: 93..94, bytes: 3988..4051), hits: 0) err=Could not find anchor: No matching instruction in range source ID: 5, lines: 93..94, bytes: 3988..4051
2026-09-24T11:28:02.952607Z  WARN foundry_evm_coverage::anchors: could not find anchor item=Line (location: (source ID: 11, lines: 156..157, bytes: 6176..6192), hits: 0) err=Could not find anchor: No matching instruction in range source ID: 11, lines: 156..157, bytes: 6176..6192
2026-09-24T11:28:02.952658Z  WARN foundry_evm_coverage::anchors: could not find anchor item=Statement (location: (source ID: 11, lines: 156..157, bytes: 6176..6192), hits: 0) err=Could not find anchor: No matching instruction in range source ID: 11, lines: 156..157, bytes: 6176..6192
2026-09-24T11:28:02.952636Z  WARN foundry_evm_coverage::anchors: could not find anchor item=Statement (location: (source ID: 6, lines: 138..139, bytes: 5297..5333), hits: 0) err=Could not find anchor: No matching instruction in range source ID: 6, lines: 138..139, bytes: 5297..5333
2026-09-24T11:28:02.952671Z  WARN foundry_evm_coverage::anchors: could not find anchor item=Statement (location: (source ID: 6, lines: 138..139, bytes: 5304..5333), hits: 0) err=Could not find anchor: No matching instruction in range source ID: 6, lines: 138..139, bytes: 5304..5333
2026-09-24T11:28:02.952677Z  WARN foundry_evm_coverage::anchors: could not find anchor item=Line (location: (source ID: 6, lines: 141..144, bytes: 5346..5452), hits: 0) err=Could not find anchor: No matching instruction in range source ID: 6, lines: 141..144, bytes: 5346..5452
2026-09-24T11:28:02.952683Z  WARN foundry_evm_coverage::anchors: could not find anchor item=Function "totalSupplyUI" (location: (source ID: 6, lines: 141..144, bytes: 5346..5452), hits: 0) err=Could not find anchor: No matching instruction in range source ID: 6, lines: 141..144, bytes: 5346..5452
2026-09-24T11:28:02.952663Z  WARN foundry_evm_coverage::anchors: could not find anchor item=Line (location: (source ID: 11, lines: 157..158, bytes: 6202..6240), hits: 0) err=Could not find anchor: No matching instruction in range source ID: 11, lines: 157..158, bytes: 6202..6240
2026-09-24T11:28:02.952697Z  WARN foundry_evm_coverage::anchors: could not find anchor item=Statement (location: (source ID: 11, lines: 157..158, bytes: 6202..6240), hits: 0) err=Could not find anchor: No matching instruction in range source ID: 11, lines: 157..158, bytes: 6202..6240
2026-09-24T11:28:02.952650Z  WARN foundry_evm_coverage::anchors: could not find anchor item=Line (location: (source ID: 5, lines: 95..100, bytes: 4057..4252), hits: 0) err=Could not find anchor: No matching instruction in range source ID: 5, lines: 95..100, bytes: 4057..4252
2026-09-24T11:28:02.952711Z  WARN foundry_evm_coverage::anchors: could not find anchor item=Function "setGuardian" (location: (source ID: 5, lines: 95..100, bytes: 4057..4252), hits: 0) err=Could not find anchor: No matching instruction in range source ID: 5, lines: 95..100, bytes: 4057..4252
2026-09-24T11:28:02.952688Z  WARN foundry_evm_coverage::anchors: could not find anchor item=Line (location: (source ID: 6, lines: 142..143, bytes: 5413..5445), hits: 0) err=Could not find anchor: No matching instruction in range source ID: 6, lines: 142..143, bytes: 5413..5445
2026-09-24T11:28:02.952724Z  WARN foundry_evm_coverage::anchors: could not find anchor item=Statement (location: (source ID: 6, lines: 142..143, bytes: 5413..5445), hits: 0) err=Could not find anchor: No matching instruction in range source ID: 6, lines: 142..143, bytes: 5413..5445
2026-09-24T11:28:02.952741Z  WARN foundry_evm_coverage::anchors: could not find anchor item=Statement (location: (source ID: 6, lines: 142..143, bytes: 5420..5445), hits: 0) err=Could not find anchor: No matching instruction in range source ID: 6, lines: 142..143, bytes: 5420..5445
2026-09-24T11:28:02.952484Z  WARN foundry_evm_coverage::anchors: could not find anchor item=Line (location: (source ID: 11, lines: 71..72, bytes: 2809..2829), hits: 0) err=Could not find anchor: No matching instruction in range source ID: 11, lines: 71..72, bytes: 2809..2829
2026-09-24T11:28:02.952471Z  WARN foundry_evm_coverage::anchors: could not find anchor item=Statement (location: (source ID: 4, lines: 87..88, bytes: 3948..3976), hits: 0) err=Could not find anchor: No matching instruction in range source ID: 4, lines: 87..88, bytes: 3948..3976
2026-09-24T11:28:02.952703Z  WARN foundry_evm_coverage::anchors: could not find anchor item=Line (location: (source ID: 11, lines: 158..159, bytes: 6250..6274), hits: 0) err=Could not find anchor: No matching instruction in range source ID: 11, lines: 158..159, bytes: 6250..6274
2026-09-24T11:28:02.952775Z  WARN foundry_evm_coverage::anchors: could not find anchor item=Statement (location: (source ID: 11, lines: 158..159, bytes: 6250..6274), hits: 0) err=Could not find anchor: No matching instruction in range source ID: 11, lines: 158..159, bytes: 6250..6274
2026-09-24T11:28:02.952747Z  WARN foundry_evm_coverage::anchors: could not find anchor item=Line (location: (source ID: 6, lines: 145..149, bytes: 5458..5664), hits: 0) err=Could not find anchor: No matching instruction in range source ID: 6, lines: 145..149, bytes: 5458..5664
2026-09-24T11:28:02.952789Z  WARN foundry_evm_coverage::anchors: could not find anchor item=Function "supportsInterface" (location: (source ID: 6, lines: 145..149, bytes: 5458..5664), hits: 0) err=Could not find anchor: No matching instruction in range source ID: 6, lines: 145..149, bytes: 5458..5664
2026-09-24T11:28:02.952761Z  WARN foundry_evm_coverage::anchors: could not find anchor item=Statement (location: (source ID: 11, lines: 71..72, bytes: 2809..2829), hits: 0) err=Could not find anchor: No matching instruction in range source ID: 11, lines: 71..72, bytes: 2809..2829
2026-09-24T11:28:02.952781Z  WARN foundry_evm_coverage::anchors: could not find anchor item=Line (location: (source ID: 11, lines: 159..160, bytes: 6284..6301), hits: 0) err=Could not find anchor: No matching instruction in range source ID: 11, lines: 159..160, bytes: 6284..6301
2026-09-24T11:28:02.952815Z  WARN foundry_evm_coverage::anchors: could not find anchor item=Statement (location: (source ID: 11, lines: 159..160, bytes: 6284..6301), hits: 0) err=Could not find anchor: No matching instruction in range source ID: 11, lines: 159..160, bytes: 6284..6301
2026-09-24T11:28:02.952717Z  WARN foundry_evm_coverage::anchors: could not find anchor item=Line (location: (source ID: 5, lines: 96..97, bytes: 4125..4143), hits: 0) err=Could not find anchor: No matching instruction in range source ID: 5, lines: 96..97, bytes: 4125..4143
2026-09-24T11:28:02.952829Z  WARN foundry_evm_coverage::anchors: could not find anchor item=Statement (location: (source ID: 5, lines: 96..97, bytes: 4125..4143), hits: 0) err=Could not find anchor: No matching instruction in range source ID: 5, lines: 96..97, bytes: 4125..4143
2026-09-24T11:28:02.952768Z  WARN foundry_evm_coverage::anchors: could not find anchor item=Branch (branch: 6, path: 0) (location: (source ID: 4, lines: 87..88, bytes: 3948..3976), hits: 0) err=Could not find anchor: No matching instruction in range source ID: 4, lines: 87..88, bytes: 3948..3976
2026-09-24T11:28:02.952821Z  WARN foundry_evm_coverage::anchors: could not find anchor item=Line (location: (source ID: 11, lines: 160..161, bytes: 6316..6325), hits: 0) err=Could not find anchor: No matching instruction in range source ID: 11, lines: 160..161, bytes: 6316..6325
2026-09-24T11:28:02.952859Z  WARN foundry_evm_coverage::anchors: could not find anchor item=Statement (location: (source ID: 11, lines: 160..161, bytes: 6316..6325), hits: 0) err=Could not find anchor: No matching instruction in range source ID: 11, lines: 160..161, bytes: 6316..6325
2026-09-24T11:28:02.952795Z  WARN foundry_evm_coverage::anchors: could not find anchor item=Line (location: (source ID: 6, lines: 146..148, bytes: 5542..5657), hits: 0) err=Could not find anchor: No matching instruction in range source ID: 6, lines: 146..148, bytes: 5542..5657
2026-09-24T11:28:02.952873Z  WARN foundry_evm_coverage::anchors: could not find anchor item=Statement (location: (source ID: 6, lines: 146..148, bytes: 5542..5657), hits: 0) err=Could not find anchor: No matching instruction in range source ID: 6, lines: 146..148, bytes: 5542..5657
2026-09-24T11:28:02.952809Z  WARN foundry_evm_coverage::anchors: could not find anchor item=Statement (location: (source ID: 11, lines: 71..72, bytes: 2809..2862), hits: 0) err=Could not find anchor: No matching instruction in range source ID: 11, lines: 71..72, bytes: 2809..2862
2026-09-24T11:28:02.952864Z  WARN foundry_evm_coverage::anchors: could not find anchor item=Statement (location: (source ID: 11, lines: 160..161, bytes: 6327..6346), hits: 0) err=Could not find anchor: No matching instruction in range source ID: 11, lines: 160..161, bytes: 6327..6346
2026-09-24T11:28:02.952899Z  WARN foundry_evm_coverage::anchors: could not find anchor item=Statement (location: (source ID: 11, lines: 160..161, bytes: 6348..6351), hits: 0) err=Could not find anchor: No matching instruction in range source ID: 11, lines: 160..161, bytes: 6348..6351
2026-09-24T11:28:02.952835Z  WARN foundry_evm_coverage::anchors: could not find anchor item=Statement (location: (source ID: 5, lines: 96..97, bytes: 4145..4174), hits: 0) err=Could not find anchor: No matching instruction in range source ID: 5, lines: 96..97, bytes: 4145..4174
2026-09-24T11:28:02.952913Z  WARN foundry_evm_coverage::anchors: could not find anchor item=Branch (branch: 4, path: 0) (location: (source ID: 5, lines: 96..97, bytes: 4145..4174), hits: 0) err=Could not find anchor: No matching instruction in range source ID: 5, lines: 96..97, bytes: 4145..4174
2026-09-24T11:28:02.952892Z  WARN foundry_evm_coverage::anchors: could not find anchor item=Statement (location: (source ID: 11, lines: 71..72, bytes: 2833..2853), hits: 0) err=Could not find anchor: No matching instruction in range source ID: 11, lines: 71..72, bytes: 2833..2853
2026-09-24T11:28:02.952904Z  WARN foundry_evm_coverage::anchors: could not find anchor item=Line (location: (source ID: 11, lines: 161..162, bytes: 6371..6381), hits: 0) err=Could not find anchor: No matching instruction in range source ID: 11, lines: 161..162, bytes: 6371..6381
2026-09-24T11:28:02.952940Z  WARN foundry_evm_coverage::anchors: could not find anchor item=Statement (location: (source ID: 11, lines: 161..162, bytes: 6371..6381), hits: 0) err=Could not find anchor: No matching instruction in range source ID: 11, lines: 161..162, bytes: 6371..6381
2026-09-24T11:28:02.952945Z  WARN foundry_evm_coverage::anchors: could not find anchor item=Branch (branch: 10, path: 0) (location: (source ID: 11, lines: 161..166, bytes: 6383..6535), hits: 0) err=Could not find anchor: No matching instruction in range source ID: 11, lines: 161..166, bytes: 6383..6535
2026-09-24T11:28:02.952842Z  WARN foundry_evm_coverage::anchors: could not find anchor item=Line (location: (source ID: 4, lines: 88..89, bytes: 3986..4004), hits: 0) err=Could not find anchor: No matching instruction in range source ID: 4, lines: 88..89, bytes: 3986..4004
2026-09-24T11:28:02.952934Z  WARN foundry_evm_coverage::anchors: could not find anchor item=Statement (location: (source ID: 11, lines: 71..72, bytes: 2833..2857), hits: 0) err=Could not find anchor: No matching instruction in range source ID: 11, lines: 71..72, bytes: 2833..2857
2026-09-24T11:28:02.952878Z  WARN foundry_evm_coverage::anchors: could not find anchor item=Line (location: (source ID: 6, lines: 147..148, bytes: 5561..5577), hits: 0) err=Could not find anchor: No matching instruction in range source ID: 6, lines: 147..148, bytes: 5561..5577
2026-09-24T11:28:02.952995Z  WARN foundry_evm_coverage::anchors: could not find anchor item=Statement (location: (source ID: 6, lines: 147..148, bytes: 5561..5577), hits: 0) err=Could not find anchor: No matching instruction in range source ID: 6, lines: 147..148, bytes: 5561..5577
2026-09-24T11:28:02.952950Z  WARN foundry_evm_coverage::anchors: could not find anchor item=Line (location: (source ID: 11, lines: 162..163, bytes: 6401..6436), hits: 0) err=Could not find anchor: No matching instruction in range source ID: 11, lines: 162..163, bytes: 6401..6436
2026-09-24T11:28:02.953009Z  WARN foundry_evm_coverage::anchors: could not find anchor item=Statement (location: (source ID: 11, lines: 162..163, bytes: 6401..6436), hits: 0) err=Could not find anchor: No matching instruction in range source ID: 11, lines: 162..163, bytes: 6401..6436
2026-09-24T11:28:02.952959Z  WARN foundry_evm_coverage::anchors: could not find anchor item=Statement (location: (source ID: 4, lines: 88..89, bytes: 3986..4004), hits: 0) err=Could not find anchor: No matching instruction in range source ID: 4, lines: 88..89, bytes: 3986..4004
2026-09-24T11:28:02.953023Z  WARN foundry_evm_coverage::anchors: could not find anchor item=Line (location: (source ID: 4, lines: 89..90, bytes: 4014..4051), hits: 0) err=Could not find anchor: No matching instruction in range source ID: 4, lines: 89..90, bytes: 4014..4051
2026-09-24T11:28:02.953000Z  WARN foundry_evm_coverage::anchors: could not find anchor item=Statement (location: (source ID: 6, lines: 147..148, bytes: 5561..5657), hits: 0) err=Could not find anchor: No matching instruction in range source ID: 6, lines: 147..148, bytes: 5561..5657
2026-09-24T11:28:02.953015Z  WARN foundry_evm_coverage::anchors: could not find anchor item=Line (location: (source ID: 11, lines: 163..164, bytes: 6454..6470), hits: 0) err=Could not find anchor: No matching instruction in range source ID: 11, lines: 163..164, bytes: 6454..6470
2026-09-24T11:28:02.953043Z  WARN foundry_evm_coverage::anchors: could not find anchor item=Statement (location: (source ID: 11, lines: 163..164, bytes: 6454..6470), hits: 0) err=Could not find anchor: No matching instruction in range source ID: 11, lines: 163..164, bytes: 6454..6470
2026-09-24T11:28:02.952988Z  WARN foundry_evm_coverage::anchors: could not find anchor item=Statement (location: (source ID: 11, lines: 71..72, bytes: 2833..2862), hits: 0) err=Could not find anchor: No matching instruction in range source ID: 11, lines: 71..72, bytes: 2833..2862
2026-09-24T11:28:02.952920Z  WARN foundry_evm_coverage::anchors: could not find anchor item=Line (location: (source ID: 5, lines: 97..98, bytes: 4184..4220), hits: 0) err=Could not find anchor: No matching instruction in range source ID: 5, lines: 97..98, bytes: 4184..4220
2026-09-24T11:28:02.953036Z  WARN foundry_evm_coverage::anchors: could not find anchor item=Statement (location: (source ID: 6, lines: 147..148, bytes: 5581..5597), hits: 0) err=Could not find anchor: No matching instruction in range source ID: 6, lines: 147..148, bytes: 5581..5597
2026-09-24T11:28:02.953076Z  WARN foundry_evm_coverage::anchors: could not find anchor item=Statement (location: (source ID: 6, lines: 147..148, bytes: 5581..5657), hits: 0) err=Could not find anchor: No matching instruction in range source ID: 6, lines: 147..148, bytes: 5581..5657
2026-09-24T11:28:02.953049Z  WARN foundry_evm_coverage::anchors: could not find anchor item=Line (location: (source ID: 11, lines: 164..165, bytes: 6488..6520), hits: 0) err=Could not find anchor: No matching instruction in range source ID: 11, lines: 164..165, bytes: 6488..6520
2026-09-24T11:28:02.953090Z  WARN foundry_evm_coverage::anchors: could not find anchor item=Statement (location: (source ID: 11, lines: 164..165, bytes: 6488..6520), hits: 0) err=Could not find anchor: No matching instruction in range source ID: 11, lines: 164..165, bytes: 6488..6520
2026-09-24T11:28:02.953113Z  WARN foundry_evm_coverage::anchors: could not find anchor item=Line (location: (source ID: 11, lines: 167..168, bytes: 6554..6591), hits: 0) err=Could not find anchor: No matching instruction in range source ID: 11, lines: 167..168, bytes: 6554..6591
2026-09-24T11:28:02.953069Z  WARN foundry_evm_coverage::anchors: could not find anchor item=Statement (location: (source ID: 5, lines: 97..98, bytes: 4184..4220), hits: 0) err=Could not find anchor: No matching instruction in range source ID: 5, lines: 97..98, bytes: 4184..4220
2026-09-24T11:28:02.953127Z  WARN foundry_evm_coverage::anchors: could not find anchor item=Line (location: (source ID: 5, lines: 98..99, bytes: 4230..4245), hits: 0) err=Could not find anchor: No matching instruction in range source ID: 5, lines: 98..99, bytes: 4230..4245
2026-09-24T11:28:02.953029Z  WARN foundry_evm_coverage::anchors: could not find anchor item=Statement (location: (source ID: 4, lines: 89..90, bytes: 4014..4051), hits: 0) err=Could not find anchor: No matching instruction in range source ID: 4, lines: 89..90, bytes: 4014..4051
2026-09-24T11:28:02.953141Z  WARN foundry_evm_coverage::anchors: could not find anchor item=Line (location: (source ID: 4, lines: 90..91, bytes: 4061..4101), hits: 0) err=Could not find anchor: No matching instruction in range source ID: 4, lines: 90..91, bytes: 4061..4101
2026-09-24T11:28:02.953118Z  WARN foundry_evm_coverage::anchors: could not find anchor item=Statement (location: (source ID: 11, lines: 167..168, bytes: 6554..6591), hits: 0) err=Could not find anchor: No matching instruction in range source ID: 11, lines: 167..168, bytes: 6554..6591
2026-09-24T11:28:02.953153Z  WARN foundry_evm_coverage::anchors: could not find anchor item=Line (location: (source ID: 11, lines: 168..169, bytes: 6606..6615), hits: 0) err=Could not find anchor: No matching instruction in range source ID: 11, lines: 168..169, bytes: 6606..6615
2026-09-24T11:28:02.953159Z  WARN foundry_evm_coverage::anchors: could not find anchor item=Statement (location: (source ID: 11, lines: 168..169, bytes: 6606..6615), hits: 0) err=Could not find anchor: No matching instruction in range source ID: 11, lines: 168..169, bytes: 6606..6615
2026-09-24T11:28:02.953063Z  WARN foundry_evm_coverage::anchors: could not find anchor item=Statement (location: (source ID: 11, lines: 71..72, bytes: 2864..2870), hits: 0) err=Could not find anchor: No matching instruction in range source ID: 11, lines: 71..72, bytes: 2864..2870
2026-09-24T11:28:02.953082Z  WARN foundry_evm_coverage::anchors: could not find anchor item=Statement (location: (source ID: 6, lines: 147..148, bytes: 5601..5617), hits: 0) err=Could not find anchor: No matching instruction in range source ID: 6, lines: 147..148, bytes: 5601..5617
2026-09-24T11:28:02.953185Z  WARN foundry_evm_coverage::anchors: could not find anchor item=Statement (location: (source ID: 6, lines: 147..148, bytes: 5601..5657), hits: 0) err=Could not find anchor: No matching instruction in range source ID: 6, lines: 147..148, bytes: 5601..5657
2026-09-24T11:28:02.953133Z  WARN foundry_evm_coverage::anchors: could not find anchor item=Statement (location: (source ID: 5, lines: 98..99, bytes: 4230..4245), hits: 0) err=Could not find anchor: No matching instruction in range source ID: 5, lines: 98..99, bytes: 4230..4245
2026-09-24T11:28:02.953199Z  WARN foundry_evm_coverage::anchors: could not find anchor item=Line (location: (source ID: 5, lines: 103..109, bytes: 4457..4755), hits: 0) err=Could not find anchor: No matching instruction in range source ID: 5, lines: 103..109, bytes: 4457..4755
2026-09-24T11:28:02.953147Z  WARN foundry_evm_coverage::anchors: could not find anchor item=Statement (location: (source ID: 4, lines: 90..91, bytes: 4061..4101), hits: 0) err=Could not find anchor: No matching instruction in range source ID: 4, lines: 90..91, bytes: 4061..4101
2026-09-24T11:28:02.953191Z  WARN foundry_evm_coverage::anchors: could not find anchor item=Statement (location: (source ID: 6, lines: 147..148, bytes: 5621..5637), hits: 0) err=Could not find anchor: No matching instruction in range source ID: 6, lines: 147..148, bytes: 5621..5637
2026-09-24T11:28:02.953236Z  WARN foundry_evm_coverage::anchors: could not find anchor item=Statement (location: (source ID: 6, lines: 147..148, bytes: 5621..5657), hits: 0) err=Could not find anchor: No matching instruction in range source ID: 6, lines: 147..148, bytes: 5621..5657
2026-09-24T11:28:02.953164Z  WARN foundry_evm_coverage::anchors: could not find anchor item=Statement (location: (source ID: 11, lines: 168..169, bytes: 6617..6639), hits: 0) err=Could not find anchor: No matching instruction in range source ID: 11, lines: 168..169, bytes: 6617..6639
2026-09-24T11:28:02.953250Z  WARN foundry_evm_coverage::anchors: could not find anchor item=Statement (location: (source ID: 11, lines: 168..169, bytes: 6641..6644), hits: 0) err=Could not find anchor: No matching instruction in range source ID: 11, lines: 168..169, bytes: 6641..6644
2026-09-24T11:28:02.953178Z  WARN foundry_evm_coverage::anchors: could not find anchor item=Branch (branch: 1, path: 0) (location: (source ID: 11, lines: 71..72, bytes: 2864..2870), hits: 0) err=Could not find anchor: No matching instruction in range source ID: 11, lines: 71..72, bytes: 2864..2870
2026-09-24T11:28:02.953242Z  WARN foundry_evm_coverage::anchors: could not find anchor item=Statement (location: (source ID: 6, lines: 147..148, bytes: 5641..5657), hits: 0) err=Could not find anchor: No matching instruction in range source ID: 6, lines: 147..148, bytes: 5641..5657
2026-09-24T11:28:02.953205Z  WARN foundry_evm_coverage::anchors: could not find anchor item=Function "prepareInboundMaxTransfer" (location: (source ID: 5, lines: 103..109, bytes: 4457..4755), hits: 0) err=Could not find anchor: No matching instruction in range source ID: 5, lines: 103..109, bytes: 4457..4755
2026-09-24T11:28:02.953281Z  WARN foundry_evm_coverage::anchors: could not find anchor item=Line (location: (source ID: 6, lines: 31..47, bytes: 1468..2012), hits: 0) err=Could not find anchor: No matching instruction in range source ID: 6, lines: 31..47, bytes: 1468..2012
2026-09-24T11:28:02.953212Z  WARN foundry_evm_coverage::anchors: could not find anchor item=Line (location: (source ID: 4, lines: 93..102, bytes: 4114..4557), hits: 0) err=Could not find anchor: No matching instruction in range source ID: 4, lines: 93..102, bytes: 4114..4557
2026-09-24T11:28:02.953297Z  WARN foundry_evm_coverage::anchors: could not find anchor item=Function "_transferExact" (location: (source ID: 4, lines: 93..102, bytes: 4114..4557), hits: 0) err=Could not find anchor: No matching instruction in range source ID: 4, lines: 93..102, bytes: 4114..4557
2026-09-24T11:28:02.953270Z  WARN foundry_evm_coverage::anchors: could not find anchor item=Line (location: (source ID: 11, lines: 72..73, bytes: 2880..2918), hits: 0) err=Could not find anchor: No matching instruction in range source ID: 11, lines: 72..73, bytes: 2880..2918
2026-09-24T11:28:02.953255Z  WARN foundry_evm_coverage::anchors: could not find anchor item=Line (location: (source ID: 11, lines: 169..170, bytes: 6664..6676), hits: 0) err=Could not find anchor: No matching instruction in range source ID: 11, lines: 169..170, bytes: 6664..6676
2026-09-24T11:28:02.953323Z  WARN foundry_evm_coverage::anchors: could not find anchor item=Statement (location: (source ID: 11, lines: 169..170, bytes: 6664..6676), hits: 0) err=Could not find anchor: No matching instruction in range source ID: 11, lines: 169..170, bytes: 6664..6676
2026-09-24T11:28:02.953292Z  WARN foundry_evm_coverage::anchors: could not find anchor item=Function "constructor" (location: (source ID: 6, lines: 31..47, bytes: 1468..2012), hits: 0) err=Could not find anchor: No matching instruction in range source ID: 6, lines: 31..47, bytes: 1468..2012
2026-09-24T11:28:02.953339Z  WARN foundry_evm_coverage::anchors: could not find anchor item=Line (location: (source ID: 6, lines: 39..40, bytes: 1676..1687), hits: 0) err=Could not find anchor: No matching instruction in range source ID: 6, lines: 39..40, bytes: 1676..1687
2026-09-24T11:28:02.953362Z  WARN foundry_evm_coverage::anchors: could not find anchor item=Statement (location: (source ID: 6, lines: 39..40, bytes: 1676..1687), hits: 0) err=Could not find anchor: No matching instruction in range source ID: 6, lines: 39..40, bytes: 1676..1687
2026-09-24T11:28:02.953371Z  WARN foundry_evm_coverage::anchors: could not find anchor item=Statement (location: (source ID: 6, lines: 39..40, bytes: 1691..1707), hits: 0) err=Could not find anchor: No matching instruction in range source ID: 6, lines: 39..40, bytes: 1691..1707
2026-09-24T11:28:02.953303Z  WARN foundry_evm_coverage::anchors: could not find anchor item=Line (location: (source ID: 4, lines: 94..95, bytes: 4191..4245), hits: 0) err=Could not find anchor: No matching instruction in range source ID: 4, lines: 94..95, bytes: 4191..4245
2026-09-24T11:28:02.953283Z  WARN foundry_evm_coverage::anchors: could not find anchor item=Line (location: (source ID: 5, lines: 104..105, bytes: 4552..4578), hits: 0) err=Could not find anchor: No matching instruction in range source ID: 5, lines: 104..105, bytes: 4552..4578
2026-09-24T11:28:02.953395Z  WARN foundry_evm_coverage::anchors: could not find anchor item=Statement (location: (source ID: 5, lines: 104..105, bytes: 4552..4578), hits: 0) err=Could not find anchor: No matching instruction in range source ID: 5, lines: 104..105, bytes: 4552..4578
2026-09-24T11:28:02.953317Z  WARN foundry_evm_coverage::anchors: could not find anchor item=Statement (location: (source ID: 11, lines: 72..73, bytes: 2880..2918), hits: 0) err=Could not find anchor: No matching instruction in range source ID: 11, lines: 72..73, bytes: 2880..2918
2026-09-24T11:28:02.953380Z  WARN foundry_evm_coverage::anchors: could not find anchor item=Statement (location: (source ID: 6, lines: 39..40, bytes: 1711..1736), hits: 0) err=Could not find anchor: No matching instruction in range source ID: 6, lines: 39..40, bytes: 1711..1736
2026-09-24T11:28:02.953424Z  WARN foundry_evm_coverage::anchors: could not find anchor item=Statement (location: (source ID: 6, lines: 39..40, bytes: 1740..1756), hits: 0) err=Could not find anchor: No matching instruction in range source ID: 6, lines: 39..40, bytes: 1740..1756
2026-09-24T11:28:02.953401Z  WARN foundry_evm_coverage::anchors: could not find anchor item=Statement (location: (source ID: 5, lines: 104..105, bytes: 4580..4609), hits: 0) err=Could not find anchor: No matching instruction in range source ID: 5, lines: 104..105, bytes: 4580..4609
2026-09-24T11:28:02.953440Z  WARN foundry_evm_coverage::anchors: could not find anchor item=Branch (branch: 5, path: 0) (location: (source ID: 5, lines: 104..105, bytes: 4580..4609), hits: 0) err=Could not find anchor: No matching instruction in range source ID: 5, lines: 104..105, bytes: 4580..4609
2026-09-24T11:28:02.953328Z  WARN foundry_evm_coverage::anchors: could not find anchor item=Branch (branch: 11, path: 0) (location: (source ID: 11, lines: 169..175, bytes: 6678..6901), hits: 0) err=Could not find anchor: No matching instruction in range source ID: 11, lines: 169..175, bytes: 6678..6901
2026-09-24T11:28:02.953387Z  WARN foundry_evm_coverage::anchors: could not find anchor item=Statement (location: (source ID: 4, lines: 94..95, bytes: 4191..4245), hits: 0) err=Could not find anchor: No matching instruction in range source ID: 4, lines: 94..95, bytes: 4191..4245
2026-09-24T11:28:02.953461Z  WARN foundry_evm_coverage::anchors: could not find anchor item=Statement (location: (source ID: 4, lines: 94..95, bytes: 4215..4245), hits: 0) err=Could not find anchor: No matching instruction in range source ID: 4, lines: 94..95, bytes: 4215..4245
2026-09-24T11:28:02.953467Z  WARN foundry_evm_coverage::anchors: could not find anchor item=Line (location: (source ID: 4, lines: 95..96, bytes: 4255..4307), hits: 0) err=Could not find anchor: No matching instruction in range source ID: 4, lines: 95..96, bytes: 4255..4307
2026-09-24T11:28:02.953489Z  WARN foundry_evm_coverage::anchors: could not find anchor item=Statement (location: (source ID: 4, lines: 95..96, bytes: 4255..4307), hits: 0) err=Could not find anchor: No matching instruction in range source ID: 4, lines: 95..96, bytes: 4255..4307
2026-09-24T11:28:02.953415Z  WARN foundry_evm_coverage::anchors: could not find anchor item=Statement (location: (source ID: 11, lines: 72..73, bytes: 2896..2918), hits: 0) err=Could not find anchor: No matching instruction in range source ID: 11, lines: 72..73, bytes: 2896..2918
2026-09-24T11:28:02.953433Z  WARN foundry_evm_coverage::anchors: could not find anchor item=Statement (location: (source ID: 6, lines: 39..41, bytes: 1676..1830), hits: 0) err=Could not find anchor: No matching instruction in range source ID: 6, lines: 39..41, bytes: 1676..1830
2026-09-24T11:28:02.953517Z  WARN foundry_evm_coverage::anchors: could not find anchor item=Statement (location: (source ID: 6, lines: 39..41, bytes: 1691..1830), hits: 0) err=Could not find anchor: No matching instruction in range source ID: 6, lines: 39..41, bytes: 1691..1830
2026-09-24T11:28:02.953495Z  WARN foundry_evm_coverage::anchors: could not find anchor item=Statement (location: (source ID: 4, lines: 95..96, bytes: 4281..4307), hits: 0) err=Could not find anchor: No matching instruction in range source ID: 4, lines: 95..96, bytes: 4281..4307
2026-09-24T11:28:02.953533Z  WARN foundry_evm_coverage::anchors: could not find anchor item=Line (location: (source ID: 4, lines: 96..97, bytes: 4317..4354), hits: 0) err=Could not find anchor: No matching instruction in range source ID: 4, lines: 96..97, bytes: 4317..4354
2026-09-24T11:28:02.953453Z  WARN foundry_evm_coverage::anchors: could not find anchor item=Line (location: (source ID: 11, lines: 170..171, bytes: 6696..6736), hits: 0) err=Could not find anchor: No matching instruction in range source ID: 11, lines: 170..171, bytes: 6696..6736
2026-09-24T11:28:02.953447Z  WARN foundry_evm_coverage::anchors: could not find anchor item=Line (location: (source ID: 5, lines: 105..106, bytes: 4619..4656), hits: 0) err=Could not find anchor: No matching instruction in range source ID: 5, lines: 105..106, bytes: 4619..4656
2026-09-24T11:28:02.953553Z  WARN foundry_evm_coverage::anchors: could not find anchor item=Statement (location: (source ID: 5, lines: 105..106, bytes: 4619..4656), hits: 0) err=Could not find anchor: No matching instruction in range source ID: 5, lines: 105..106, bytes: 4619..4656
2026-09-24T11:28:02.953526Z  WARN foundry_evm_coverage::anchors: could not find anchor item=Statement (location: (source ID: 6, lines: 39..41, bytes: 1711..1830), hits: 0) err=Could not find anchor: No matching instruction in range source ID: 6, lines: 39..41, bytes: 1711..1830
2026-09-24T11:28:02.953570Z  WARN foundry_evm_coverage::anchors: could not find anchor item=Statement (location: (source ID: 6, lines: 39..41, bytes: 1740..1830), hits: 0) err=Could not find anchor: No matching instruction in range source ID: 6, lines: 39..41, bytes: 1740..1830
2026-09-24T11:28:02.953546Z  WARN foundry_evm_coverage::anchors: could not find anchor item=Statement (location: (source ID: 11, lines: 170..171, bytes: 6696..6736), hits: 0) err=Could not find anchor: No matching instruction in range source ID: 11, lines: 170..171, bytes: 6696..6736
2026-09-24T11:28:02.953585Z  WARN foundry_evm_coverage::anchors: could not find anchor item=Line (location: (source ID: 11, lines: 171..172, bytes: 6754..6772), hits: 0) err=Could not find anchor: No matching instruction in range source ID: 11, lines: 171..172, bytes: 6754..6772
2026-09-24T11:28:02.953559Z  WARN foundry_evm_coverage::anchors: could not find anchor item=Line (location: (source ID: 5, lines: 106..107, bytes: 4666..4691), hits: 0) err=Could not find anchor: No matching instruction in range source ID: 5, lines: 106..107, bytes: 4666..4691
2026-09-24T11:28:02.953599Z  WARN foundry_evm_coverage::anchors: could not find anchor item=Statement (location: (source ID: 5, lines: 106..107, bytes: 4666..4691), hits: 0) err=Could not find anchor: No matching instruction in range source ID: 5, lines: 106..107, bytes: 4666..4691
2026-09-24T11:28:02.953621Z  WARN foundry_evm_coverage::anchors: could not find anchor item=Line (location: (source ID: 5, lines: 107..108, bytes: 4701..4748), hits: 0) err=Could not find anchor: No matching instruction in range source ID: 5, lines: 107..108, bytes: 4701..4748
2026-09-24T11:28:02.953578Z  WARN foundry_evm_coverage::anchors: could not find anchor item=Line (location: (source ID: 6, lines: 40..41, bytes: 1776..1800), hits: 0) err=Could not find anchor: No matching instruction in range source ID: 6, lines: 40..41, bytes: 1776..1800
2026-09-24T11:28:02.953637Z  WARN foundry_evm_coverage::anchors: could not find anchor item=Statement (location: (source ID: 6, lines: 40..41, bytes: 1776..1800), hits: 0) err=Could not find anchor: No matching instruction in range source ID: 6, lines: 40..41, bytes: 1776..1800
2026-09-24T11:28:02.953509Z  WARN foundry_evm_coverage::anchors: could not find anchor item=Line (location: (source ID: 11, lines: 73..78, bytes: 2947..3110), hits: 0) err=Could not find anchor: No matching instruction in range source ID: 11, lines: 73..78, bytes: 2947..3110
2026-09-24T11:28:02.953627Z  WARN foundry_evm_coverage::anchors: could not find anchor item=Statement (location: (source ID: 5, lines: 107..108, bytes: 4701..4748), hits: 0) err=Could not find anchor: No matching instruction in range source ID: 5, lines: 107..108, bytes: 4701..4748
2026-09-24T11:28:02.953664Z  WARN foundry_evm_coverage::anchors: could not find anchor item=Line (location: (source ID: 5, lines: 112..118, bytes: 4947..5246), hits: 0) err=Could not find anchor: No matching instruction in range source ID: 5, lines: 112..118, bytes: 4947..5246
2026-09-24T11:28:02.953590Z  WARN foundry_evm_coverage::anchors: could not find anchor item=Statement (location: (source ID: 11, lines: 171..172, bytes: 6754..6772), hits: 0) err=Could not find anchor: No matching instruction in range source ID: 11, lines: 171..172, bytes: 6754..6772
2026-09-24T11:28:02.953678Z  WARN foundry_evm_coverage::anchors: could not find anchor item=Line (location: (source ID: 11, lines: 172..173, bytes: 6790..6828), hits: 0) err=Could not find anchor: No matching instruction in range source ID: 11, lines: 172..173, bytes: 6790..6828
2026-09-24T11:28:02.953645Z  WARN foundry_evm_coverage::anchors: could not find anchor item=Statement (location: (source ID: 6, lines: 40..41, bytes: 1776..1830), hits: 0) err=Could not find anchor: No matching instruction in range source ID: 6, lines: 40..41, bytes: 1776..1830
2026-09-24T11:28:02.953694Z  WARN foundry_evm_coverage::anchors: could not find anchor item=Statement (location: (source ID: 6, lines: 40..41, bytes: 1804..1830), hits: 0) err=Could not find anchor: No matching instruction in range source ID: 6, lines: 40..41, bytes: 1804..1830
2026-09-24T11:28:02.953539Z  WARN foundry_evm_coverage::anchors: could not find anchor item=Statement (location: (source ID: 4, lines: 96..97, bytes: 4317..4354), hits: 0) err=Could not find anchor: No matching instruction in range source ID: 4, lines: 96..97, bytes: 4317..4354
2026-09-24T11:28:02.953709Z  WARN foundry_evm_coverage::anchors: could not find anchor item=Line (location: (source ID: 4, lines: 98..99, bytes: 4381..4411), hits: 0) err=Could not find anchor: No matching instruction in range source ID: 4, lines: 98..99, bytes: 4381..4411
2026-09-24T11:28:02.953683Z  WARN foundry_evm_coverage::anchors: could not find anchor item=Statement (location: (source ID: 11, lines: 172..173, bytes: 6790..6828), hits: 0) err=Could not find anchor: No matching instruction in range source ID: 11, lines: 172..173, bytes: 6790..6828
2026-09-24T11:28:02.953670Z  WARN foundry_evm_coverage::anchors: could not find anchor item=Function "setMaxTransfer" (location: (source ID: 5, lines: 112..118, bytes: 4947..5246), hits: 0) err=Could not find anchor: No matching instruction in range source ID: 5, lines: 112..118, bytes: 4947..5246
2026-09-24T11:28:02.953729Z  WARN foundry_evm_coverage::anchors: could not find anchor item=Line (location: (source ID: 5, lines: 113..114, bytes: 5031..5040), hits: 0) err=Could not find anchor: No matching instruction in range source ID: 5, lines: 113..114, bytes: 5031..5040
2026-09-24T11:28:02.953765Z  WARN foundry_evm_coverage::anchors: could not find anchor item=Statement (location: (source ID: 5, lines: 113..114, bytes: 5031..5040), hits: 0) err=Could not find anchor: No matching instruction in range source ID: 5, lines: 113..114, bytes: 5031..5040
2026-09-24T11:28:02.953715Z  WARN foundry_evm_coverage::anchors: could not find anchor item=Statement (location: (source ID: 4, lines: 98..99, bytes: 4381..4411), hits: 0) err=Could not find anchor: No matching instruction in range source ID: 4, lines: 98..99, bytes: 4381..4411
2026-09-24T11:28:02.953722Z  WARN foundry_evm_coverage::anchors: could not find anchor item=Line (location: (source ID: 11, lines: 173..174, bytes: 6846..6886), hits: 0) err=Could not find anchor: No matching instruction in range source ID: 11, lines: 173..174, bytes: 6846..6886
2026-09-24T11:28:02.953786Z  WARN foundry_evm_coverage::anchors: could not find anchor item=Statement (location: (source ID: 11, lines: 173..174, bytes: 6846..6886), hits: 0) err=Could not find anchor: No matching instruction in range source ID: 11, lines: 173..174, bytes: 6846..6886
2026-09-24T11:28:02.953703Z  WARN foundry_evm_coverage::anchors: could not find anchor item=Line (location: (source ID: 6, lines: 41..42, bytes: 1841..1865), hits: 0) err=Could not find anchor: No matching instruction in range source ID: 6, lines: 41..42, bytes: 1841..1865
2026-09-24T11:28:02.953771Z  WARN foundry_evm_coverage::anchors: could not find anchor item=Statement (location: (source ID: 5, lines: 113..114, bytes: 5031..5069), hits: 0) err=Could not find anchor: No matching instruction in range source ID: 5, lines: 113..114, bytes: 5031..5069
2026-09-24T11:28:02.953803Z  WARN foundry_evm_coverage::anchors: could not find anchor item=Statement (location: (source ID: 6, lines: 41..42, bytes: 1841..1865), hits: 0) err=Could not find anchor: No matching instruction in range source ID: 6, lines: 41..42, bytes: 1841..1865
2026-09-24T11:28:02.953810Z  WARN foundry_evm_coverage::anchors: could not find anchor item=Statement (location: (source ID: 5, lines: 113..114, bytes: 5044..5069), hits: 0) err=Could not find anchor: No matching instruction in range source ID: 5, lines: 113..114, bytes: 5044..5069
2026-09-24T11:28:02.953819Z  WARN foundry_evm_coverage::anchors: could not find anchor item=Statement (location: (source ID: 5, lines: 113..114, bytes: 5071..5100), hits: 0) err=Could not find anchor: No matching instruction in range source ID: 5, lines: 113..114, bytes: 5071..5100
2026-09-24T11:28:02.953658Z  WARN foundry_evm_coverage::anchors: could not find anchor item=Branch (branch: 2, path: 0) (location: (source ID: 11, lines: 73..78, bytes: 2947..3110), hits: 0) err=Could not find anchor: No matching instruction in range source ID: 11, lines: 73..78, bytes: 2947..3110
2026-09-24T11:28:02.953804Z  WARN foundry_evm_coverage::anchors: could not find anchor item=Line (location: (source ID: 11, lines: 34..49, bytes: 1420..1872), hits: 0) err=Could not find anchor: No matching instruction in range source ID: 11, lines: 34..49, bytes: 1420..1872
2026-09-24T11:28:02.953815Z  WARN foundry_evm_coverage::anchors: could not find anchor item=Branch (branch: 0, path: 0) (location: (source ID: 6, lines: 41..42, bytes: 1841..1865), hits: 0) err=Could not find anchor: No matching instruction in range source ID: 6, lines: 41..42, bytes: 1841..1865
2026-09-24T11:28:02.953854Z  WARN foundry_evm_coverage::anchors: could not find anchor item=Function "constructor" (location: (source ID: 11, lines: 34..49, bytes: 1420..1872), hits: 0) err=Could not find anchor: No matching instruction in range source ID: 11, lines: 34..49, bytes: 1420..1872
2026-09-24T11:28:02.953825Z  WARN foundry_evm_coverage::anchors: could not find anchor item=Branch (branch: 6, path: 0) (location: (source ID: 5, lines: 113..114, bytes: 5071..5100), hits: 0) err=Could not find anchor: No matching instruction in range source ID: 5, lines: 113..114, bytes: 5071..5100
2026-09-24T11:28:02.953889Z  WARN foundry_evm_coverage::anchors: could not find anchor item=Line (location: (source ID: 5, lines: 114..115, bytes: 5110..5140), hits: 0) err=Could not find anchor: No matching instruction in range source ID: 5, lines: 114..115, bytes: 5110..5140
2026-09-24T11:28:02.953839Z  WARN foundry_evm_coverage::anchors: could not find anchor item=Line (location: (source ID: 11, lines: 74..75, bytes: 2961..3026), hits: 0) err=Could not find anchor: No matching instruction in range source ID: 11, lines: 74..75, bytes: 2961..3026
2026-09-24T11:28:02.953778Z  WARN foundry_evm_coverage::anchors: could not find anchor item=Statement (location: (source ID: 4, lines: 98..99, bytes: 4381..4437), hits: 0) err=Could not find anchor: No matching instruction in range source ID: 4, lines: 98..99, bytes: 4381..4437
2026-09-24T11:28:02.953915Z  WARN foundry_evm_coverage::anchors: could not find anchor item=Statement (location: (source ID: 4, lines: 98..99, bytes: 4415..4437), hits: 0) err=Could not find anchor: No matching instruction in range source ID: 4, lines: 98..99, bytes: 4415..4437
2026-09-24T11:28:02.953873Z  WARN foundry_evm_coverage::anchors: could not find anchor item=Line (location: (source ID: 11, lines: 41..42, bytes: 1623..1637), hits: 0) err=Could not find anchor: No matching instruction in range source ID: 11, lines: 41..42, bytes: 1623..1637
2026-09-24T11:28:02.953859Z  WARN foundry_evm_coverage::anchors: could not find anchor item=Line (location: (source ID: 6, lines: 42..43, bytes: 1875..1894), hits: 0) err=Could not find anchor: No matching instruction in range source ID: 6, lines: 42..43, bytes: 1875..1894
2026-09-24T11:28:02.953936Z  WARN foundry_evm_coverage::anchors: could not find anchor item=Statement (location: (source ID: 11, lines: 41..42, bytes: 1623..1637), hits: 0) err=Could not find anchor: No matching instruction in range source ID: 11, lines: 41..42, bytes: 1623..1637
2026-09-24T11:28:02.953941Z  WARN foundry_evm_coverage::anchors: could not find anchor item=Statement (location: (source ID: 6, lines: 42..43, bytes: 1875..1894), hits: 0) err=Could not find anchor: No matching instruction in range source ID: 6, lines: 42..43, bytes: 1875..1894
2026-09-24T11:28:02.953953Z  WARN foundry_evm_coverage::anchors: could not find anchor item=Line (location: (source ID: 6, lines: 43..44, bytes: 1904..1937), hits: 0) err=Could not find anchor: No matching instruction in range source ID: 6, lines: 43..44, bytes: 1904..1937
2026-09-24T11:28:02.953963Z  WARN foundry_evm_coverage::anchors: could not find anchor item=Statement (location: (source ID: 6, lines: 43..44, bytes: 1904..1937), hits: 0) err=Could not find anchor: No matching instruction in range source ID: 6, lines: 43..44, bytes: 1904..1937
2026-09-24T11:28:02.953921Z  WARN foundry_evm_coverage::anchors: could not find anchor item=Statement (location: (source ID: 4, lines: 98..100, bytes: 4381..4511), hits: 0) err=Could not find anchor: No matching instruction in range source ID: 4, lines: 98..100, bytes: 4381..4511
2026-09-24T11:28:02.953982Z  WARN foundry_evm_coverage::anchors: could not find anchor item=Line (location: (source ID: 4, lines: 99..100, bytes: 4457..4483), hits: 0) err=Could not find anchor: No matching instruction in range source ID: 4, lines: 99..100, bytes: 4457..4483
2026-09-24T11:28:02.953895Z  WARN foundry_evm_coverage::anchors: could not find anchor item=Statement (location: (source ID: 5, lines: 114..115, bytes: 5110..5140), hits: 0) err=Could not find anchor: No matching instruction in range source ID: 5, lines: 114..115, bytes: 5110..5140
2026-09-24T11:28:02.953997Z  WARN foundry_evm_coverage::anchors: could not find anchor item=Line (location: (source ID: 5, lines: 115..116, bytes: 5150..5168), hits: 0) err=Could not find anchor: No matching instruction in range source ID: 5, lines: 115..116, bytes: 5150..5168
2026-09-24T11:28:02.953908Z  WARN foundry_evm_coverage::anchors: could not find anchor item=Statement (location: (source ID: 11, lines: 74..75, bytes: 2961..3026), hits: 0) err=Could not find anchor: No matching instruction in range source ID: 11, lines: 74..75, bytes: 2961..3026
2026-09-24T11:28:02.953955Z  WARN foundry_evm_coverage::anchors: could not find anchor item=Line (location: (source ID: 11, lines: 42..43, bytes: 1647..1663), hits: 0) err=Could not find anchor: No matching instruction in range source ID: 11, lines: 42..43, bytes: 1647..1663
2026-09-24T11:28:02.953988Z  WARN foundry_evm_coverage::anchors: could not find anchor item=Statement (location: (source ID: 4, lines: 99..100, bytes: 4457..4483), hits: 0) err=Could not find anchor: No matching instruction in range source ID: 4, lines: 99..100, bytes: 4457..4483
2026-09-24T11:28:02.954046Z  WARN foundry_evm_coverage::anchors: could not find anchor item=Statement (location: (source ID: 4, lines: 99..100, bytes: 4457..4511), hits: 0) err=Could not find anchor: No matching instruction in range source ID: 4, lines: 99..100, bytes: 4457..4511
2026-09-24T11:28:02.954003Z  WARN foundry_evm_coverage::anchors: could not find anchor item=Statement (location: (source ID: 5, lines: 115..116, bytes: 5150..5168), hits: 0) err=Could not find anchor: No matching instruction in range source ID: 5, lines: 115..116, bytes: 5150..5168
2026-09-24T11:28:02.954061Z  WARN foundry_evm_coverage::anchors: could not find anchor item=Line (location: (source ID: 5, lines: 116..117, bytes: 5178..5239), hits: 0) err=Could not find anchor: No matching instruction in range source ID: 5, lines: 116..117, bytes: 5178..5239
2026-09-24T11:28:02.954032Z  WARN foundry_evm_coverage::anchors: could not find anchor item=Line (location: (source ID: 11, lines: 75..76, bytes: 3040..3079), hits: 0) err=Could not find anchor: No matching instruction in range source ID: 11, lines: 75..76, bytes: 3040..3079
2026-09-24T11:28:02.953973Z  WARN foundry_evm_coverage::anchors: could not find anchor item=Line (location: (source ID: 6, lines: 44..45, bytes: 1947..1972), hits: 0) err=Could not find anchor: No matching instruction in range source ID: 6, lines: 44..45, bytes: 1947..1972
2026-09-24T11:28:02.954088Z  WARN foundry_evm_coverage::anchors: could not find anchor item=Statement (location: (source ID: 6, lines: 44..45, bytes: 1947..1972), hits: 0) err=Could not find anchor: No matching instruction in range source ID: 6, lines: 44..45, bytes: 1947..1972
2026-09-24T11:28:02.954097Z  WARN foundry_evm_coverage::anchors: could not find anchor item=Line (location: (source ID: 6, lines: 45..46, bytes: 1982..2005), hits: 0) err=Could not find anchor: No matching instruction in range source ID: 6, lines: 45..46, bytes: 1982..2005
2026-09-24T11:28:02.954047Z  WARN foundry_evm_coverage::anchors: could not find anchor item=Statement (location: (source ID: 11, lines: 42..43, bytes: 1647..1663), hits: 0) err=Could not find anchor: No matching instruction in range source ID: 11, lines: 42..43, bytes: 1647..1663
2026-09-24T11:28:02.954079Z  WARN foundry_evm_coverage::anchors: could not find anchor item=Statement (location: (source ID: 11, lines: 75..76, bytes: 3040..3079), hits: 0) err=Could not find anchor: No matching instruction in range source ID: 11, lines: 75..76, bytes: 3040..3079
2026-09-24T11:28:02.954121Z  WARN foundry_evm_coverage::anchors: could not find anchor item=Line (location: (source ID: 11, lines: 43..44, bytes: 1673..1687), hits: 0) err=Could not find anchor: No matching instruction in range source ID: 11, lines: 43..44, bytes: 1673..1687
2026-09-24T11:28:02.954053Z  WARN foundry_evm_coverage::anchors: could not find anchor item=Statement (location: (source ID: 4, lines: 99..100, bytes: 4487..4511), hits: 0) err=Could not find anchor: No matching instruction in range source ID: 4, lines: 99..100, bytes: 4487..4511
2026-09-24T11:28:02.954140Z  WARN foundry_evm_coverage::anchors: could not find anchor item=Line (location: (source ID: 4, lines: 100..101, bytes: 4522..4550), hits: 0) err=Could not find anchor: No matching instruction in range source ID: 4, lines: 100..101, bytes: 4522..4550
2026-09-24T11:28:02.954105Z  WARN foundry_evm_coverage::anchors: could not find anchor item=Statement (location: (source ID: 6, lines: 45..46, bytes: 1982..2005), hits: 0) err=Could not find anchor: No matching instruction in range source ID: 6, lines: 45..46, bytes: 1982..2005
2026-09-24T11:28:02.954066Z  WARN foundry_evm_coverage::anchors: could not find anchor item=Statement (location: (source ID: 5, lines: 116..117, bytes: 5178..5239), hits: 0) err=Could not find anchor: No matching instruction in range source ID: 5, lines: 116..117, bytes: 5178..5239
2026-09-24T11:28:02.954181Z  WARN foundry_evm_coverage::anchors: could not find anchor item=Line (location: (source ID: 5, lines: 120..126, bytes: 5348..5597), hits: 0) err=Could not find anchor: No matching instruction in range source ID: 5, lines: 120..126, bytes: 5348..5597
2026-09-24T11:28:02.954140Z  WARN foundry_evm_coverage::anchors: could not find anchor item=Statement (location: (source ID: 11, lines: 43..44, bytes: 1673..1687), hits: 0) err=Could not find anchor: No matching instruction in range source ID: 11, lines: 43..44, bytes: 1673..1687
2026-09-24T11:28:02.954147Z  WARN foundry_evm_coverage::anchors: could not find anchor item=Statement (location: (source ID: 4, lines: 100..101, bytes: 4522..4550), hits: 0) err=Could not find anchor: No matching instruction in range source ID: 4, lines: 100..101, bytes: 4522..4550
2026-09-24T11:28:02.954203Z  WARN foundry_evm_coverage::anchors: could not find anchor item=Branch (branch: 7, path: 0) (location: (source ID: 4, lines: 100..101, bytes: 4522..4550), hits: 0) err=Could not find anchor: No matching instruction in range source ID: 4, lines: 100..101, bytes: 4522..4550
2026-09-24T11:28:02.954215Z  WARN foundry_evm_coverage::anchors: could not find anchor item=Line (location: (source ID: 4, lines: 104..126, bytes: 4682..5682), hits: 0) err=Could not find anchor: No matching instruction in range source ID: 4, lines: 104..126, bytes: 4682..5682
2026-09-24T11:28:02.954223Z  WARN foundry_evm_coverage::anchors: could not find anchor item=Function "publishMetadata" (location: (source ID: 4, lines: 104..126, bytes: 4682..5682), hits: 0) err=Could not find anchor: No matching instruction in range source ID: 4, lines: 104..126, bytes: 4682..5682
2026-09-24T11:28:02.954207Z  WARN foundry_evm_coverage::anchors: could not find anchor item=Line (location: (source ID: 11, lines: 44..45, bytes: 1697..1729), hits: 0) err=Could not find anchor: No matching instruction in range source ID: 11, lines: 44..45, bytes: 1697..1729
2026-09-24T11:28:02.954129Z  WARN foundry_evm_coverage::anchors: could not find anchor item=Line (location: (source ID: 11, lines: 76..77, bytes: 3093..3099), hits: 0) err=Could not find anchor: No matching instruction in range source ID: 11, lines: 76..77, bytes: 3093..3099
2026-09-24T11:28:02.954250Z  WARN foundry_evm_coverage::anchors: could not find anchor item=Statement (location: (source ID: 11, lines: 44..45, bytes: 1697..1729), hits: 0) err=Could not find anchor: No matching instruction in range source ID: 11, lines: 44..45, bytes: 1697..1729
2026-09-24T11:28:02.954230Z  WARN foundry_evm_coverage::anchors: could not find anchor item=Line (location: (source ID: 4, lines: 105..106, bytes: 4775..4795), hits: 0) err=Could not find anchor: No matching instruction in range source ID: 4, lines: 105..106, bytes: 4775..4795
2026-09-24T11:28:02.954272Z  WARN foundry_evm_coverage::anchors: could not find anchor item=Statement (location: (source ID: 4, lines: 105..106, bytes: 4775..4795), hits: 0) err=Could not find anchor: No matching instruction in range source ID: 4, lines: 105..106, bytes: 4775..4795
2026-09-24T11:28:02.954260Z  WARN foundry_evm_coverage::anchors: could not find anchor item=Statement (location: (source ID: 11, lines: 76..77, bytes: 3093..3099), hits: 0) err=Could not find anchor: No matching instruction in range source ID: 11, lines: 76..77, bytes: 3093..3099
2026-09-24T11:28:02.954272Z  WARN foundry_evm_coverage::anchors: could not find anchor item=Line (location: (source ID: 11, lines: 45..46, bytes: 1739..1763), hits: 0) err=Could not find anchor: No matching instruction in range source ID: 11, lines: 45..46, bytes: 1739..1763
2026-09-24T11:28:02.954278Z  WARN foundry_evm_coverage::anchors: could not find anchor item=Line (location: (source ID: 4, lines: 106..107, bytes: 4809..4834), hits: 0) err=Could not find anchor: No matching instruction in range source ID: 4, lines: 106..107, bytes: 4809..4834
2026-09-24T11:28:02.954323Z  WARN foundry_evm_coverage::anchors: could not find anchor item=Statement (location: (source ID: 11, lines: 45..46, bytes: 1739..1763), hits: 0) err=Could not find anchor: No matching instruction in range source ID: 11, lines: 45..46, bytes: 1739..1763
2026-09-24T11:28:02.954292Z  WARN foundry_evm_coverage::anchors: could not find anchor item=Line (location: (source ID: 11, lines: 78..79, bytes: 3119..3158), hits: 0) err=Could not find anchor: No matching instruction in range source ID: 11, lines: 78..79, bytes: 3119..3158
2026-09-24T11:28:02.954345Z  WARN foundry_evm_coverage::anchors: could not find anchor item=Line (location: (source ID: 11, lines: 46..47, bytes: 1773..1807), hits: 0) err=Could not find anchor: No matching instruction in range source ID: 11, lines: 46..47, bytes: 1773..1807
2026-09-24T11:28:02.954327Z  WARN foundry_evm_coverage::anchors: could not find anchor item=Statement (location: (source ID: 4, lines: 106..107, bytes: 4809..4834), hits: 0) err=Could not find anchor: No matching instruction in range source ID: 4, lines: 106..107, bytes: 4809..4834
2026-09-24T11:28:02.954188Z  WARN foundry_evm_coverage::anchors: could not find anchor item=Function "pause" (location: (source ID: 5, lines: 120..126, bytes: 5348..5597), hits: 0) err=Could not find anchor: No matching instruction in range source ID: 5, lines: 120..126, bytes: 5348..5597
2026-09-24T11:28:02.954368Z  WARN foundry_evm_coverage::anchors: could not find anchor item=Statement (location: (source ID: 11, lines: 46..47, bytes: 1773..1807), hits: 0) err=Could not find anchor: No matching instruction in range source ID: 11, lines: 46..47, bytes: 1773..1807
2026-09-24T11:28:02.954374Z  WARN foundry_evm_coverage::anchors: could not find anchor item=Line (location: (source ID: 5, lines: 121..122, bytes: 5399..5421), hits: 0) err=Could not find anchor: No matching instruction in range source ID: 5, lines: 121..122, bytes: 5399..5421
2026-09-24T11:28:02.954383Z  WARN foundry_evm_coverage::anchors: could not find anchor item=Statement (location: (source ID: 5, lines: 121..122, bytes: 5399..5421), hits: 0) err=Could not find anchor: No matching instruction in range source ID: 5, lines: 121..122, bytes: 5399..5421
2026-09-24T11:28:02.954364Z  WARN foundry_evm_coverage::anchors: could not find anchor item=Statement (location: (source ID: 4, lines: 106..107, bytes: 4822..4834), hits: 0) err=Could not find anchor: No matching instruction in range source ID: 4, lines: 106..107, bytes: 4822..4834
2026-09-24T11:28:02.954355Z  WARN foundry_evm_coverage::anchors: could not find anchor item=Statement (location: (source ID: 11, lines: 78..79, bytes: 3119..3158), hits: 0) err=Could not find anchor: No matching instruction in range source ID: 11, lines: 78..79, bytes: 3119..3158
2026-09-24T11:28:02.954384Z  WARN foundry_evm_coverage::anchors: could not find anchor item=Line (location: (source ID: 11, lines: 47..48, bytes: 1817..1865), hits: 0) err=Could not find anchor: No matching instruction in range source ID: 11, lines: 47..48, bytes: 1817..1865
2026-09-24T11:28:02.954401Z  WARN foundry_evm_coverage::anchors: could not find anchor item=Statement (location: (source ID: 4, lines: 106..107, bytes: 4836..4864), hits: 0) err=Could not find anchor: No matching instruction in range source ID: 4, lines: 106..107, bytes: 4836..4864
2026-09-24T11:28:02.954391Z  WARN foundry_evm_coverage::anchors: could not find anchor item=Statement (location: (source ID: 5, lines: 121..122, bytes: 5399..5446), hits: 0) err=Could not find anchor: No matching instruction in range source ID: 5, lines: 121..122, bytes: 5399..5446
2026-09-24T11:28:02.954450Z  WARN foundry_evm_coverage::anchors: could not find anchor item=Statement (location: (source ID: 5, lines: 121..122, bytes: 5425..5446), hits: 0) err=Could not find anchor: No matching instruction in range source ID: 5, lines: 121..122, bytes: 5425..5446
2026-09-24T11:28:02.954477Z  WARN foundry_evm_coverage::anchors: could not find anchor item=Statement (location: (source ID: 5, lines: 121..122, bytes: 5439..5446), hits: 0) err=Could not find anchor: No matching instruction in range source ID: 5, lines: 121..122, bytes: 5439..5446
2026-09-24T11:28:02.954488Z  WARN foundry_evm_coverage::anchors: could not find anchor item=Statement (location: (source ID: 5, lines: 121..122, bytes: 5448..5477), hits: 0) err=Could not find anchor: No matching instruction in range source ID: 5, lines: 121..122, bytes: 5448..5477
2026-09-24T11:28:02.954418Z  WARN foundry_evm_coverage::anchors: could not find anchor item=Line (location: (source ID: 11, lines: 79..80, bytes: 3168..3188), hits: 0) err=Could not find anchor: No matching instruction in range source ID: 11, lines: 79..80, bytes: 3168..3188
2026-09-24T11:28:02.954441Z  WARN foundry_evm_coverage::anchors: could not find anchor item=Branch (branch: 8, path: 0) (location: (source ID: 4, lines: 106..107, bytes: 4836..4864), hits: 0) err=Could not find anchor: No matching instruction in range source ID: 4, lines: 106..107, bytes: 4836..4864
2026-09-24T11:28:02.954552Z  WARN foundry_evm_coverage::anchors: could not find anchor item=Line (location: (source ID: 4, lines: 107..108, bytes: 4874..4938), hits: 0) err=Could not find anchor: No matching instruction in range source ID: 4, lines: 107..108, bytes: 4874..4938
2026-09-24T11:28:02.954559Z  WARN foundry_evm_coverage::anchors: could not find anchor item=Statement (location: (source ID: 4, lines: 107..108, bytes: 4874..4938), hits: 0) err=Could not find anchor: No matching instruction in range source ID: 4, lines: 107..108, bytes: 4874..4938
2026-09-24T11:28:02.954543Z  WARN foundry_evm_coverage::anchors: could not find anchor item=Statement (location: (source ID: 11, lines: 79..80, bytes: 3168..3188), hits: 0) err=Could not find anchor: No matching instruction in range source ID: 11, lines: 79..80, bytes: 3168..3188
2026-09-24T11:28:02.954495Z  WARN foundry_evm_coverage::anchors: could not find anchor item=Branch (branch: 7, path: 0) (location: (source ID: 5, lines: 121..122, bytes: 5448..5477), hits: 0) err=Could not find anchor: No matching instruction in range source ID: 5, lines: 121..122, bytes: 5448..5477
2026-09-24T11:28:02.954589Z  WARN foundry_evm_coverage::anchors: could not find anchor item=Line (location: (source ID: 5, lines: 122..123, bytes: 5487..5508), hits: 0) err=Could not find anchor: No matching instruction in range source ID: 5, lines: 122..123, bytes: 5487..5508
2026-09-24T11:28:02.954595Z  WARN foundry_evm_coverage::anchors: could not find anchor item=Statement (location: (source ID: 5, lines: 122..123, bytes: 5487..5508), hits: 0) err=Could not find anchor: No matching instruction in range source ID: 5, lines: 122..123, bytes: 5487..5508
2026-09-24T11:28:02.954566Z  WARN foundry_evm_coverage::anchors: could not find anchor item=Statement (location: (source ID: 4, lines: 107..108, bytes: 4892..4938), hits: 0) err=Could not find anchor: No matching instruction in range source ID: 4, lines: 107..108, bytes: 4892..4938
2026-09-24T11:28:02.954609Z  WARN foundry_evm_coverage::anchors: could not find anchor item=Line (location: (source ID: 4, lines: 108..109, bytes: 4948..5013), hits: 0) err=Could not find anchor: No matching instruction in range source ID: 4, lines: 108..109, bytes: 4948..5013
2026-09-24T11:28:02.954435Z  WARN foundry_evm_coverage::anchors: could not find anchor item=Statement (location: (source ID: 11, lines: 47..48, bytes: 1817..1865), hits: 0) err=Could not find anchor: No matching instruction in range source ID: 11, lines: 47..48, bytes: 1817..1865
2026-09-24T11:28:02.954584Z  WARN foundry_evm_coverage::anchors: could not find anchor item=Line (location: (source ID: 11, lines: 80..81, bytes: 3198..3234), hits: 0) err=Could not find anchor: No matching instruction in range source ID: 11, lines: 80..81, bytes: 3198..3234
2026-09-24T11:28:02.954615Z  WARN foundry_evm_coverage::anchors: could not find anchor item=Statement (location: (source ID: 4, lines: 108..109, bytes: 4948..5013), hits: 0) err=Could not find anchor: No matching instruction in range source ID: 4, lines: 108..109, bytes: 4948..5013
2026-09-24T11:28:02.954663Z  WARN foundry_evm_coverage::anchors: could not find anchor item=Statement (location: (source ID: 4, lines: 108..109, bytes: 4963..5013), hits: 0) err=Could not find anchor: No matching instruction in range source ID: 4, lines: 108..109, bytes: 4963..5013
2026-09-24T11:28:02.954601Z  WARN foundry_evm_coverage::anchors: could not find anchor item=Line (location: (source ID: 5, lines: 123..124, bytes: 5518..5538), hits: 0) err=Could not find anchor: No matching instruction in range source ID: 5, lines: 123..124, bytes: 5518..5538
2026-09-24T11:28:02.954680Z  WARN foundry_evm_coverage::anchors: could not find anchor item=Statement (location: (source ID: 5, lines: 123..124, bytes: 5518..5538), hits: 0) err=Could not find anchor: No matching instruction in range source ID: 5, lines: 123..124, bytes: 5518..5538
2026-09-24T11:28:02.954656Z  WARN foundry_evm_coverage::anchors: could not find anchor item=Statement (location: (source ID: 11, lines: 80..81, bytes: 3198..3234), hits: 0) err=Could not find anchor: No matching instruction in range source ID: 11, lines: 80..81, bytes: 3198..3234
2026-09-24T11:28:02.954669Z  WARN foundry_evm_coverage::anchors: could not find anchor item=Line (location: (source ID: 4, lines: 109..110, bytes: 5023..5089), hits: 0) err=Could not find anchor: No matching instruction in range source ID: 4, lines: 109..110, bytes: 5023..5089
2026-09-24T11:28:02.954687Z  WARN foundry_evm_coverage::anchors: could not find anchor item=Line (location: (source ID: 5, lines: 124..125, bytes: 5548..5590), hits: 0) err=Could not find anchor: No matching instruction in range source ID: 5, lines: 124..125, bytes: 5548..5590
2026-09-24T11:28:02.954717Z  WARN foundry_evm_coverage::anchors: could not find anchor item=Statement (location: (source ID: 5, lines: 124..125, bytes: 5548..5590), hits: 0) err=Could not find anchor: No matching instruction in range source ID: 5, lines: 124..125, bytes: 5548..5590
2026-09-24T11:28:02.954704Z  WARN foundry_evm_coverage::anchors: could not find anchor item=Line (location: (source ID: 11, lines: 83..89, bytes: 3247..3510), hits: 0) err=Could not find anchor: No matching instruction in range source ID: 11, lines: 83..89, bytes: 3247..3510
2026-09-24T11:28:02.954724Z  WARN foundry_evm_coverage::anchors: could not find anchor item=Line (location: (source ID: 5, lines: 127..133, bytes: 5603..5804), hits: 0) err=Could not find anchor: No matching instruction in range source ID: 5, lines: 127..133, bytes: 5603..5804
2026-09-24T11:28:02.954710Z  WARN foundry_evm_coverage::anchors: could not find anchor item=Statement (location: (source ID: 4, lines: 109..110, bytes: 5023..5089), hits: 0) err=Could not find anchor: No matching instruction in range source ID: 4, lines: 109..110, bytes: 5023..5089
2026-09-24T11:28:02.954753Z  WARN foundry_evm_coverage::anchors: could not find anchor item=Statement (location: (source ID: 4, lines: 109..110, bytes: 5043..5089), hits: 0) err=Could not find anchor: No matching instruction in range source ID: 4, lines: 109..110, bytes: 5043..5089
2026-09-24T11:28:02.954740Z  WARN foundry_evm_coverage::anchors: could not find anchor item=Function "transferWrapped" (location: (source ID: 11, lines: 83..89, bytes: 3247..3510), hits: 0) err=Could not find anchor: No matching instruction in range source ID: 11, lines: 83..89, bytes: 3247..3510
2026-09-24T11:28:02.954745Z  WARN foundry_evm_coverage::anchors: could not find anchor item=Function "unpause" (location: (source ID: 5, lines: 127..133, bytes: 5603..5804), hits: 0) err=Could not find anchor: No matching instruction in range source ID: 5, lines: 127..133, bytes: 5603..5804
2026-09-24T11:28:02.954759Z  WARN foundry_evm_coverage::anchors: could not find anchor item=Line (location: (source ID: 4, lines: 110..111, bytes: 5103..5131), hits: 0) err=Could not find anchor: No matching instruction in range source ID: 4, lines: 110..111, bytes: 5103..5131
2026-09-24T11:28:02.954802Z  WARN foundry_evm_coverage::anchors: could not find anchor item=Statement (location: (source ID: 4, lines: 110..111, bytes: 5103..5131), hits: 0) err=Could not find anchor: No matching instruction in range source ID: 4, lines: 110..111, bytes: 5103..5131
2026-09-24T11:28:02.954775Z  WARN foundry_evm_coverage::anchors: could not find anchor item=Line (location: (source ID: 11, lines: 84..85, bytes: 3305..3343), hits: 0) err=Could not find anchor: No matching instruction in range source ID: 11, lines: 84..85, bytes: 3305..3343
2026-09-24T11:28:02.954809Z  WARN foundry_evm_coverage::anchors: could not find anchor item=Branch (branch: 9, path: 0) (location: (source ID: 4, lines: 110..114, bytes: 5133..5199), hits: 0) err=Could not find anchor: No matching instruction in range source ID: 4, lines: 110..114, bytes: 5133..5199
2026-09-24T11:28:02.954823Z  WARN foundry_evm_coverage::anchors: could not find anchor item=Statement (location: (source ID: 11, lines: 84..85, bytes: 3305..3343), hits: 0) err=Could not find anchor: No matching instruction in range source ID: 11, lines: 84..85, bytes: 3305..3343
2026-09-24T11:28:02.954825Z  WARN foundry_evm_coverage::anchors: could not find anchor item=Line (location: (source ID: 4, lines: 111..112, bytes: 5147..5161), hits: 0) err=Could not find anchor: No matching instruction in range source ID: 4, lines: 111..112, bytes: 5147..5161
2026-09-24T11:28:02.954848Z  WARN foundry_evm_coverage::anchors: could not find anchor item=Statement (location: (source ID: 4, lines: 111..112, bytes: 5147..5161), hits: 0) err=Could not find anchor: No matching instruction in range source ID: 4, lines: 111..112, bytes: 5147..5161
2026-09-24T11:28:02.954776Z  WARN foundry_evm_coverage::anchors: could not find anchor item=Line (location: (source ID: 5, lines: 128..129, bytes: 5662..5683), hits: 0) err=Could not find anchor: No matching instruction in range source ID: 5, lines: 128..129, bytes: 5662..5683
2026-09-24T11:28:02.954865Z  WARN foundry_evm_coverage::anchors: could not find anchor item=Statement (location: (source ID: 5, lines: 128..129, bytes: 5662..5683), hits: 0) err=Could not find anchor: No matching instruction in range source ID: 5, lines: 128..129, bytes: 5662..5683
2026-09-24T11:28:02.954841Z  WARN foundry_evm_coverage::anchors: could not find anchor item=Line (location: (source ID: 11, lines: 85..86, bytes: 3353..3403), hits: 0) err=Could not find anchor: No matching instruction in range source ID: 11, lines: 85..86, bytes: 3353..3403
2026-09-24T11:28:02.954854Z  WARN foundry_evm_coverage::anchors: could not find anchor item=Line (location: (source ID: 4, lines: 112..113, bytes: 5175..5188), hits: 0) err=Could not find anchor: No matching instruction in range source ID: 4, lines: 112..113, bytes: 5175..5188
2026-09-24T11:28:02.954872Z  WARN foundry_evm_coverage::anchors: could not find anchor item=Line (location: (source ID: 5, lines: 129..130, bytes: 5693..5713), hits: 0) err=Could not find anchor: No matching instruction in range source ID: 5, lines: 129..130, bytes: 5693..5713
2026-09-24T11:28:02.954903Z  WARN foundry_evm_coverage::anchors: could not find anchor item=Statement (location: (source ID: 5, lines: 129..130, bytes: 5693..5713), hits: 0) err=Could not find anchor: No matching instruction in range source ID: 5, lines: 129..130, bytes: 5693..5713
2026-09-24T11:28:02.954889Z  WARN foundry_evm_coverage::anchors: could not find anchor item=Statement (location: (source ID: 11, lines: 85..86, bytes: 3353..3403), hits: 0) err=Could not find anchor: No matching instruction in range source ID: 11, lines: 85..86, bytes: 3353..3403
2026-09-24T11:28:02.954909Z  WARN foundry_evm_coverage::anchors: could not find anchor item=Line (location: (source ID: 5, lines: 130..131, bytes: 5723..5744), hits: 0) err=Could not find anchor: No matching instruction in range source ID: 5, lines: 130..131, bytes: 5723..5744
2026-09-24T11:28:02.954945Z  WARN foundry_evm_coverage::anchors: could not find anchor item=Statement (location: (source ID: 5, lines: 130..131, bytes: 5723..5744), hits: 0) err=Could not find anchor: No matching instruction in range source ID: 5, lines: 130..131, bytes: 5723..5744
2026-09-24T11:28:02.954895Z  WARN foundry_evm_coverage::anchors: could not find anchor item=Statement (location: (source ID: 4, lines: 112..113, bytes: 5175..5188), hits: 0) err=Could not find anchor: No matching instruction in range source ID: 4, lines: 112..113, bytes: 5175..5188
2026-09-24T11:28:02.954952Z  WARN foundry_evm_coverage::anchors: could not find anchor item=Line (location: (source ID: 5, lines: 131..132, bytes: 5754..5797), hits: 0) err=Could not find anchor: No matching instruction in range source ID: 5, lines: 131..132, bytes: 5754..5797
2026-09-24T11:28:02.954968Z  WARN foundry_evm_coverage::anchors: could not find anchor item=Statement (location: (source ID: 5, lines: 131..132, bytes: 5754..5797), hits: 0) err=Could not find anchor: No matching instruction in range source ID: 5, lines: 131..132, bytes: 5754..5797
2026-09-24T11:28:02.954924Z  WARN foundry_evm_coverage::anchors: could not find anchor item=Statement (location: (source ID: 11, lines: 85..86, bytes: 3371..3403), hits: 0) err=Could not find anchor: No matching instruction in range source ID: 11, lines: 85..86, bytes: 3371..3403
2026-09-24T11:28:02.954974Z  WARN foundry_evm_coverage::anchors: could not find anchor item=Line (location: (source ID: 5, lines: 134..137, bytes: 5810..5916), hits: 0) err=Could not find anchor: No matching instruction in range source ID: 5, lines: 134..137, bytes: 5810..5916
2026-09-24T11:28:02.954960Z  WARN foundry_evm_coverage::anchors: could not find anchor item=Line (location: (source ID: 4, lines: 114..115, bytes: 5212..5224), hits: 0) err=Could not find anchor: No matching instruction in range source ID: 4, lines: 114..115, bytes: 5212..5224
2026-09-24T11:28:02.955003Z  WARN foundry_evm_coverage::anchors: could not find anchor item=Statement (location: (source ID: 4, lines: 114..115, bytes: 5212..5224), hits: 0) err=Could not find anchor: No matching instruction in range source ID: 4, lines: 114..115, bytes: 5212..5224
2026-09-24T11:28:02.954990Z  WARN foundry_evm_coverage::anchors: could not find anchor item=Line (location: (source ID: 11, lines: 86..87, bytes: 3417..3429), hits: 0) err=Could not find anchor: No matching instruction in range source ID: 11, lines: 86..87, bytes: 3417..3429
2026-09-24T11:28:02.955010Z  WARN foundry_evm_coverage::anchors: could not find anchor item=Statement (location: (source ID: 4, lines: 114..115, bytes: 5212..5237), hits: 0) err=Could not find anchor: No matching instruction in range source ID: 4, lines: 114..115, bytes: 5212..5237
2026-09-24T11:28:02.954996Z  WARN foundry_evm_coverage::anchors: could not find anchor item=Function "renounceOwnership" (location: (source ID: 5, lines: 134..137, bytes: 5810..5916), hits: 0) err=Could not find anchor: No matching instruction in range source ID: 5, lines: 134..137, bytes: 5810..5916
2026-09-24T11:28:02.955039Z  WARN foundry_evm_coverage::anchors: could not find anchor item=Line (location: (source ID: 5, lines: 135..136, bytes: 5880..5909), hits: 0) err=Could not find anchor: No matching instruction in range source ID: 5, lines: 135..136, bytes: 5880..5909
2026-09-24T11:28:02.955025Z  WARN foundry_evm_coverage::anchors: could not find anchor item=Statement (location: (source ID: 11, lines: 86..87, bytes: 3417..3429), hits: 0) err=Could not find anchor: No matching instruction in range source ID: 11, lines: 86..87, bytes: 3417..3429
2026-09-24T11:28:02.955045Z  WARN foundry_evm_coverage::anchors: could not find anchor item=Statement (location: (source ID: 5, lines: 135..136, bytes: 5880..5909), hits: 0) err=Could not find anchor: No matching instruction in range source ID: 5, lines: 135..136, bytes: 5880..5909
2026-09-24T11:28:02.955067Z  WARN foundry_evm_coverage::anchors: could not find anchor item=Line (location: (source ID: 5, lines: 138..141, bytes: 5922..6047), hits: 0) err=Could not find anchor: No matching instruction in range source ID: 5, lines: 138..141, bytes: 5922..6047
2026-09-24T11:28:02.955081Z  WARN foundry_evm_coverage::anchors: could not find anchor item=Function "_validateLanes" (location: (source ID: 5, lines: 138..141, bytes: 5922..6047), hits: 0) err=Could not find anchor: No matching instruction in range source ID: 5, lines: 138..141, bytes: 5922..6047
2026-09-24T11:28:02.955060Z  WARN foundry_evm_coverage::anchors: could not find anchor item=Statement (location: (source ID: 11, lines: 86..87, bytes: 3431..3437), hits: 0) err=Could not find anchor: No matching instruction in range source ID: 11, lines: 86..87, bytes: 3431..3437
2026-09-24T11:28:02.955088Z  WARN foundry_evm_coverage::anchors: could not find anchor item=Line (location: (source ID: 5, lines: 139..140, bytes: 5986..5996), hits: 0) err=Could not find anchor: No matching instruction in range source ID: 5, lines: 139..140, bytes: 5986..5996
2026-09-24T11:28:02.955031Z  WARN foundry_evm_coverage::anchors: could not find anchor item=Statement (location: (source ID: 4, lines: 114..115, bytes: 5228..5237), hits: 0) err=Could not find anchor: No matching instruction in range source ID: 4, lines: 114..115, bytes: 5228..5237
2026-09-24T11:28:02.955117Z  WARN foundry_evm_coverage::anchors: could not find anchor item=Statement (location: (source ID: 4, lines: 114..115, bytes: 5239..5262), hits: 0) err=Could not find anchor: No matching instruction in range source ID: 4, lines: 114..115, bytes: 5239..5262
2026-09-24T11:28:02.955103Z  WARN foundry_evm_coverage::anchors: could not find anchor item=Branch (branch: 3, path: 0) (location: (source ID: 11, lines: 86..87, bytes: 3431..3437), hits: 0) err=Could not find anchor: No matching instruction in range source ID: 11, lines: 86..87, bytes: 3431..3437
2026-09-24T11:28:02.955123Z  WARN foundry_evm_coverage::anchors: could not find anchor item=Branch (branch: 10, path: 0) (location: (source ID: 4, lines: 114..115, bytes: 5239..5262), hits: 0) err=Could not find anchor: No matching instruction in range source ID: 4, lines: 114..115, bytes: 5239..5262
2026-09-24T11:28:02.955145Z  WARN foundry_evm_coverage::anchors: could not find anchor item=Line (location: (source ID: 4, lines: 115..124, bytes: 5272..5590), hits: 0) err=Could not find anchor: No matching instruction in range source ID: 4, lines: 115..124, bytes: 5272..5590
2026-09-24T11:28:02.955110Z  WARN foundry_evm_coverage::anchors: could not find anchor item=Statement (location: (source ID: 5, lines: 139..140, bytes: 5986..5996), hits: 0) err=Could not find anchor: No matching instruction in range source ID: 5, lines: 139..140, bytes: 5986..5996
2026-09-24T11:28:02.955153Z  WARN foundry_evm_coverage::anchors: could not find anchor item=Statement (location: (source ID: 4, lines: 115..124, bytes: 5272..5590), hits: 0) err=Could not find anchor: No matching instruction in range source ID: 4, lines: 115..124, bytes: 5272..5590
2026-09-24T11:28:02.955168Z  WARN foundry_evm_coverage::anchors: could not find anchor item=Line (location: (source ID: 4, lines: 124..125, bytes: 5600..5675), hits: 0) err=Could not find anchor: No matching instruction in range source ID: 4, lines: 124..125, bytes: 5600..5675
2026-09-24T11:28:02.955139Z  WARN foundry_evm_coverage::anchors: could not find anchor item=Line (location: (source ID: 11, lines: 87..88, bytes: 3447..3503), hits: 0) err=Could not find anchor: No matching instruction in range source ID: 11, lines: 87..88, bytes: 3447..3503
2026-09-24T11:28:02.955174Z  WARN foundry_evm_coverage::anchors: could not find anchor item=Statement (location: (source ID: 4, lines: 124..125, bytes: 5600..5675), hits: 0) err=Could not find anchor: No matching instruction in range source ID: 4, lines: 124..125, bytes: 5600..5675
2026-09-24T11:28:02.955161Z  WARN foundry_evm_coverage::anchors: could not find anchor item=Statement (location: (source ID: 5, lines: 139..140, bytes: 5986..6009), hits: 0) err=Could not find anchor: No matching instruction in range source ID: 5, lines: 139..140, bytes: 5986..6009
2026-09-24T11:28:02.955224Z  WARN foundry_evm_coverage::anchors: could not find anchor item=Statement (location: (source ID: 5, lines: 139..140, bytes: 6000..6009), hits: 0) err=Could not find anchor: No matching instruction in range source ID: 5, lines: 139..140, bytes: 6000..6009
2026-09-24T11:28:02.955190Z  WARN foundry_evm_coverage::anchors: could not find anchor item=Statement (location: (source ID: 11, lines: 87..88, bytes: 3447..3503), hits: 0) err=Could not find anchor: No matching instruction in range source ID: 11, lines: 87..88, bytes: 3447..3503
2026-09-24T11:28:02.955230Z  WARN foundry_evm_coverage::anchors: could not find anchor item=Statement (location: (source ID: 5, lines: 139..140, bytes: 6011..6040), hits: 0) err=Could not find anchor: No matching instruction in range source ID: 5, lines: 139..140, bytes: 6011..6040
2026-09-24T11:28:02.955252Z  WARN foundry_evm_coverage::anchors: could not find anchor item=Branch (branch: 8, path: 0) (location: (source ID: 5, lines: 139..140, bytes: 6011..6040), hits: 0) err=Could not find anchor: No matching instruction in range source ID: 5, lines: 139..140, bytes: 6011..6040
2026-09-24T11:28:02.955216Z  WARN foundry_evm_coverage::anchors: could not find anchor item=Line (location: (source ID: 5, lines: 84..92, bytes: 3499..3982), hits: 0) err=Could not find anchor: No matching instruction in range source ID: 5, lines: 84..92, bytes: 3499..3982
2026-09-24T11:28:02.955246Z  WARN foundry_evm_coverage::anchors: could not find anchor item=Line (location: (source ID: 11, lines: 90..105, bytes: 3516..4252), hits: 0) err=Could not find anchor: No matching instruction in range source ID: 11, lines: 90..105, bytes: 3516..4252
2026-09-24T11:28:02.955268Z  WARN foundry_evm_coverage::anchors: could not find anchor item=Function "setPeer" (location: (source ID: 5, lines: 84..92, bytes: 3499..3982), hits: 0) err=Could not find anchor: No matching instruction in range source ID: 5, lines: 84..92, bytes: 3499..3982
2026-09-24T11:28:02.955258Z  WARN foundry_evm_coverage::anchors: could not find anchor item=Line (location: (source ID: 5, lines: 142..145, bytes: 6053..6150), hits: 0) err=Could not find anchor: No matching instruction in range source ID: 5, lines: 142..145, bytes: 6053..6150
2026-09-24T11:28:02.955296Z  WARN foundry_evm_coverage::anchors: could not find anchor item=Function "messageFee" (location: (source ID: 5, lines: 142..145, bytes: 6053..6150), hits: 0) err=Could not find anchor: No matching instruction in range source ID: 5, lines: 142..145, bytes: 6053..6150
2026-09-24T11:28:02.955282Z  WARN foundry_evm_coverage::anchors: could not find anchor item=Function "redeem" (location: (source ID: 11, lines: 90..105, bytes: 3516..4252), hits: 0) err=Could not find anchor: No matching instruction in range source ID: 11, lines: 90..105, bytes: 3516..4252
2026-09-24T11:28:02.955302Z  WARN foundry_evm_coverage::anchors: could not find anchor item=Line (location: (source ID: 5, lines: 143..144, bytes: 6115..6143), hits: 0) err=Could not find anchor: No matching instruction in range source ID: 5, lines: 143..144, bytes: 6115..6143
2026-09-24T11:28:02.955289Z  WARN foundry_evm_coverage::anchors: could not find anchor item=Line (location: (source ID: 5, lines: 85..86, bytes: 3597..3615), hits: 0) err=Could not find anchor: No matching instruction in range source ID: 5, lines: 85..86, bytes: 3597..3615
2026-09-24T11:28:02.955331Z  WARN foundry_evm_coverage::anchors: could not find anchor item=Statement (location: (source ID: 5, lines: 85..86, bytes: 3597..3615), hits: 0) err=Could not find anchor: No matching instruction in range source ID: 5, lines: 85..86, bytes: 3597..3615
2026-09-24T11:28:02.955318Z  WARN foundry_evm_coverage::anchors: could not find anchor item=Line (location: (source ID: 11, lines: 91..92, bytes: 3584..3622), hits: 0) err=Could not find anchor: No matching instruction in range source ID: 11, lines: 91..92, bytes: 3584..3622
2026-09-24T11:28:02.955337Z  WARN foundry_evm_coverage::anchors: could not find anchor item=Statement (location: (source ID: 5, lines: 85..86, bytes: 3617..3640), hits: 0) err=Could not find anchor: No matching instruction in range source ID: 5, lines: 85..86, bytes: 3617..3640
2026-09-24T11:28:02.955372Z  WARN foundry_evm_coverage::anchors: could not find anchor item=Branch (branch: 2, path: 0) (location: (source ID: 5, lines: 85..86, bytes: 3617..3640), hits: 0) err=Could not find anchor: No matching instruction in range source ID: 5, lines: 85..86, bytes: 3617..3640
2026-09-24T11:28:02.955324Z  WARN foundry_evm_coverage::anchors: could not find anchor item=Statement (location: (source ID: 5, lines: 143..144, bytes: 6115..6143), hits: 0) err=Could not find anchor: No matching instruction in range source ID: 5, lines: 143..144, bytes: 6115..6143
2026-09-24T11:28:02.955389Z  WARN foundry_evm_coverage::anchors: could not find anchor item=Statement (location: (source ID: 5, lines: 143..144, bytes: 6122..6143), hits: 0) err=Could not find anchor: No matching instruction in range source ID: 5, lines: 143..144, bytes: 6122..6143
2026-09-24T11:28:02.955353Z  WARN foundry_evm_coverage::anchors: could not find anchor item=Statement (location: (source ID: 11, lines: 91..92, bytes: 3584..3622), hits: 0) err=Could not find anchor: No matching instruction in range source ID: 11, lines: 91..92, bytes: 3584..3622
2026-09-24T11:28:02.955379Z  WARN foundry_evm_coverage::anchors: could not find anchor item=Line (location: (source ID: 5, lines: 86..87, bytes: 3654..3678), hits: 0) err=Could not find anchor: No matching instruction in range source ID: 5, lines: 86..87, bytes: 3654..3678
2026-09-24T11:28:02.955396Z  WARN foundry_evm_coverage::anchors: could not find anchor item=Line (location: (source ID: 5, lines: 146..150, bytes: 6156..6332), hits: 0) err=Could not find anchor: No matching instruction in range source ID: 5, lines: 146..150, bytes: 6156..6332
2026-09-24T11:28:02.955427Z  WARN foundry_evm_coverage::anchors: could not find anchor item=Function "_checkChainAndPeer" (location: (source ID: 5, lines: 146..150, bytes: 6156..6332), hits: 0) err=Could not find anchor: No matching instruction in range source ID: 5, lines: 146..150, bytes: 6156..6332
2026-09-24T11:28:02.955412Z  WARN foundry_evm_coverage::anchors: could not find anchor item=Line (location: (source ID: 11, lines: 92..93, bytes: 3632..3693), hits: 0) err=Could not find anchor: No matching instruction in range source ID: 11, lines: 92..93, bytes: 3632..3693
2026-09-24T11:28:02.955433Z  WARN foundry_evm_coverage::anchors: could not find anchor item=Line (location: (source ID: 5, lines: 147..148, bytes: 6214..6248), hits: 0) err=Could not find anchor: No matching instruction in range source ID: 5, lines: 147..148, bytes: 6214..6248
2026-09-24T11:28:02.955419Z  WARN foundry_evm_coverage::anchors: could not find anchor item=Statement (location: (source ID: 5, lines: 86..87, bytes: 3654..3678), hits: 0) err=Could not find anchor: No matching instruction in range source ID: 5, lines: 86..87, bytes: 3654..3678
2026-09-24T11:28:02.955462Z  WARN foundry_evm_coverage::anchors: could not find anchor item=Statement (location: (source ID: 5, lines: 86..87, bytes: 3654..3750), hits: 0) err=Could not find anchor: No matching instruction in range source ID: 5, lines: 86..87, bytes: 3654..3750
2026-09-24T11:28:02.955448Z  WARN foundry_evm_coverage::anchors: could not find anchor item=Statement (location: (source ID: 11, lines: 92..93, bytes: 3632..3693), hits: 0) err=Could not find anchor: No matching instruction in range source ID: 11, lines: 92..93, bytes: 3632..3693
2026-09-24T11:28:02.955468Z  WARN foundry_evm_coverage::anchors: could not find anchor item=Statement (location: (source ID: 5, lines: 86..87, bytes: 3682..3714), hits: 0) err=Could not find anchor: No matching instruction in range source ID: 5, lines: 86..87, bytes: 3682..3714
2026-09-24T11:28:02.955490Z  WARN foundry_evm_coverage::anchors: could not find anchor item=Statement (location: (source ID: 5, lines: 86..87, bytes: 3682..3750), hits: 0) err=Could not find anchor: No matching instruction in range source ID: 5, lines: 86..87, bytes: 3682..3750
2026-09-24T11:28:02.955508Z  WARN foundry_evm_coverage::anchors: could not find anchor item=Statement (location: (source ID: 5, lines: 86..87, bytes: 3718..3750), hits: 0) err=Could not find anchor: No matching instruction in range source ID: 5, lines: 86..87, bytes: 3718..3750
2026-09-24T11:28:02.955484Z  WARN foundry_evm_coverage::anchors: could not find anchor item=Statement (location: (source ID: 11, lines: 92..93, bytes: 3649..3693), hits: 0) err=Could not find anchor: No matching instruction in range source ID: 11, lines: 92..93, bytes: 3649..3693
2026-09-24T11:28:02.955514Z  WARN foundry_evm_coverage::anchors: could not find anchor item=Statement (location: (source ID: 5, lines: 86..87, bytes: 3752..3781), hits: 0) err=Could not find anchor: No matching instruction in range source ID: 5, lines: 86..87, bytes: 3752..3781
2026-09-24T11:28:02.955536Z  WARN foundry_evm_coverage::anchors: could not find anchor item=Branch (branch: 3, path: 0) (location: (source ID: 5, lines: 86..87, bytes: 3752..3781), hits: 0) err=Could not find anchor: No matching instruction in range source ID: 5, lines: 86..87, bytes: 3752..3781
2026-09-24T11:28:02.955455Z  WARN foundry_evm_coverage::anchors: could not find anchor item=Statement (location: (source ID: 5, lines: 147..148, bytes: 6214..6248), hits: 0) err=Could not find anchor: No matching instruction in range source ID: 5, lines: 147..148, bytes: 6214..6248
2026-09-24T11:28:02.955553Z  WARN foundry_evm_coverage::anchors: could not find anchor item=Statement (location: (source ID: 5, lines: 147..148, bytes: 6250..6272), hits: 0) err=Could not find anchor: No matching instruction in range source ID: 5, lines: 147..148, bytes: 6250..6272
2026-09-24T11:28:02.955542Z  WARN foundry_evm_coverage::anchors: could not find anchor item=Line (location: (source ID: 5, lines: 87..88, bytes: 3791..3831), hits: 0) err=Could not find anchor: No matching instruction in range source ID: 5, lines: 87..88, bytes: 3791..3831
2026-09-24T11:28:02.955559Z  WARN foundry_evm_coverage::anchors: could not find anchor item=Branch (branch: 9, path: 0) (location: (source ID: 5, lines: 147..148, bytes: 6250..6272), hits: 0) err=Could not find anchor: No matching instruction in range source ID: 5, lines: 147..148, bytes: 6250..6272
2026-09-24T11:28:02.955577Z  WARN foundry_evm_coverage::anchors: could not find anchor item=Line (location: (source ID: 5, lines: 148..149, bytes: 6286..6304), hits: 0) err=Could not find anchor: No matching instruction in range source ID: 5, lines: 148..149, bytes: 6286..6304
2026-09-24T11:28:02.955529Z  WARN foundry_evm_coverage::anchors: could not find anchor item=Line (location: (source ID: 11, lines: 93..94, bytes: 3703..3774), hits: 0) err=Could not find anchor: No matching instruction in range source ID: 11, lines: 93..94, bytes: 3703..3774
2026-09-24T11:28:02.955583Z  WARN foundry_evm_coverage::anchors: could not find anchor item=Statement (location: (source ID: 5, lines: 148..149, bytes: 6286..6304), hits: 0) err=Could not find anchor: No matching instruction in range source ID: 5, lines: 148..149, bytes: 6286..6304
2026-09-24T11:28:02.955567Z  WARN foundry_evm_coverage::anchors: could not find anchor item=Statement (location: (source ID: 5, lines: 87..88, bytes: 3791..3831), hits: 0) err=Could not find anchor: No matching instruction in range source ID: 5, lines: 87..88, bytes: 3791..3831
2026-09-24T11:28:02.955613Z  WARN foundry_evm_coverage::anchors: could not find anchor item=Line (location: (source ID: 5, lines: 88..89, bytes: 3841..3873), hits: 0) err=Could not find anchor: No matching instruction in range source ID: 5, lines: 88..89, bytes: 3841..3873
2026-09-24T11:28:02.955599Z  WARN foundry_evm_coverage::anchors: could not find anchor item=Statement (location: (source ID: 11, lines: 93..94, bytes: 3703..3774), hits: 0) err=Could not find anchor: No matching instruction in range source ID: 11, lines: 93..94, bytes: 3703..3774
2026-09-24T11:28:02.955619Z  WARN foundry_evm_coverage::anchors: could not find anchor item=Statement (location: (source ID: 5, lines: 88..89, bytes: 3841..3873), hits: 0) err=Could not find anchor: No matching instruction in range source ID: 5, lines: 88..89, bytes: 3841..3873
2026-09-24T11:28:02.955662Z  WARN foundry_evm_coverage::anchors: could not find anchor item=Line (location: (source ID: 5, lines: 89..90, bytes: 3883..3900), hits: 0) err=Could not find anchor: No matching instruction in range source ID: 5, lines: 89..90, bytes: 3883..3900
2026-09-24T11:28:02.955605Z  WARN foundry_evm_coverage::anchors: could not find anchor item=Statement (location: (source ID: 5, lines: 148..149, bytes: 6306..6325), hits: 0) err=Could not find anchor: No matching instruction in range source ID: 5, lines: 148..149, bytes: 6306..6325
2026-09-24T11:28:02.955669Z  WARN foundry_evm_coverage::anchors: could not find anchor item=Statement (location: (source ID: 5, lines: 89..90, bytes: 3883..3900), hits: 0) err=Could not find anchor: No matching instruction in range source ID: 5, lines: 89..90, bytes: 3883..3900
2026-09-24T11:28:02.955686Z  WARN foundry_evm_coverage::anchors: could not find anchor item=Line (location: (source ID: 5, lines: 90..91, bytes: 3910..3975), hits: 0) err=Could not find anchor: No matching instruction in range source ID: 5, lines: 90..91, bytes: 3910..3975
2026-09-24T11:28:02.955635Z  WARN foundry_evm_coverage::anchors: could not find anchor item=Statement (location: (source ID: 11, lines: 93..94, bytes: 3721..3774), hits: 0) err=Could not find anchor: No matching instruction in range source ID: 11, lines: 93..94, bytes: 3721..3774
2026-09-24T11:28:02.955692Z  WARN foundry_evm_coverage::anchors: could not find anchor item=Statement (location: (source ID: 5, lines: 90..91, bytes: 3910..3975), hits: 0) err=Could not find anchor: No matching instruction in range source ID: 5, lines: 90..91, bytes: 3910..3975
2026-09-24T11:28:02.955678Z  WARN foundry_evm_coverage::anchors: could not find anchor item=Branch (branch: 10, path: 0) (location: (source ID: 5, lines: 148..149, bytes: 6306..6325), hits: 0) err=Could not find anchor: No matching instruction in range source ID: 5, lines: 148..149, bytes: 6306..6325
2026-09-24T11:28:02.955721Z  WARN foundry_evm_coverage::anchors: could not find anchor item=Line (location: (source ID: 5, lines: 151..155, bytes: 6338..6483), hits: 0) err=Could not find anchor: No matching instruction in range source ID: 5, lines: 151..155, bytes: 6338..6483
2026-09-24T11:28:02.955707Z  WARN foundry_evm_coverage::anchors: could not find anchor item=Line (location: (source ID: 11, lines: 94..95, bytes: 3788..3808), hits: 0) err=Could not find anchor: No matching instruction in range source ID: 11, lines: 94..95, bytes: 3788..3808
2026-09-24T11:28:02.955727Z  WARN foundry_evm_coverage::anchors: could not find anchor item=Function "_checkLane" (location: (source ID: 5, lines: 151..155, bytes: 6338..6483), hits: 0) err=Could not find anchor: No matching instruction in range source ID: 5, lines: 151..155, bytes: 6338..6483
2026-09-24T11:28:02.955748Z  WARN foundry_evm_coverage::anchors: could not find anchor item=Line (location: (source ID: 5, lines: 152..153, bytes: 6394..6414), hits: 0) err=Could not find anchor: No matching instruction in range source ID: 5, lines: 152..153, bytes: 6394..6414
2026-09-24T11:28:02.955754Z  WARN foundry_evm_coverage::anchors: could not find anchor item=Statement (location: (source ID: 5, lines: 152..153, bytes: 6394..6414), hits: 0) err=Could not find anchor: No matching instruction in range source ID: 5, lines: 152..153, bytes: 6394..6414
2026-09-24T11:28:02.955761Z  WARN foundry_evm_coverage::anchors: could not find anchor item=Line (location: (source ID: 5, lines: 153..154, bytes: 6428..6446), hits: 0) err=Could not find anchor: No matching instruction in range source ID: 5, lines: 153..154, bytes: 6428..6446
2026-09-24T11:28:02.955766Z  WARN foundry_evm_coverage::anchors: could not find anchor item=Statement (location: (source ID: 5, lines: 153..154, bytes: 6428..6446), hits: 0) err=Could not find anchor: No matching instruction in range source ID: 5, lines: 153..154, bytes: 6428..6446
2026-09-24T11:28:02.955794Z  WARN foundry_evm_coverage::anchors: could not find anchor item=Statement (location: (source ID: 5, lines: 153..154, bytes: 6428..6451), hits: 0) err=Could not find anchor: No matching instruction in range source ID: 5, lines: 153..154, bytes: 6428..6451
2026-09-24T11:28:02.955713Z  WARN foundry_evm_coverage::anchors: could not find anchor item=Line (location: (source ID: 5, lines: 93..94, bytes: 3988..4051), hits: 0) err=Could not find anchor: No matching instruction in range source ID: 5, lines: 93..94, bytes: 3988..4051
2026-09-24T11:28:02.955811Z  WARN foundry_evm_coverage::anchors: could not find anchor item=Function "_validateRemoteToken" (location: (source ID: 5, lines: 93..94, bytes: 3988..4051), hits: 0) err=Could not find anchor: No matching instruction in range source ID: 5, lines: 93..94, bytes: 3988..4051
2026-09-24T11:28:02.955818Z  WARN foundry_evm_coverage::anchors: could not find anchor item=Line (location: (source ID: 5, lines: 95..100, bytes: 4057..4252), hits: 0) err=Could not find anchor: No matching instruction in range source ID: 5, lines: 95..100, bytes: 4057..4252
2026-09-24T11:28:02.955742Z  WARN foundry_evm_coverage::anchors: could not find anchor item=Statement (location: (source ID: 11, lines: 94..95, bytes: 3788..3808), hits: 0) err=Could not find anchor: No matching instruction in range source ID: 11, lines: 94..95, bytes: 3788..3808
2026-09-24T11:28:02.955828Z  WARN foundry_evm_coverage::anchors: could not find anchor item=Function "setGuardian" (location: (source ID: 5, lines: 95..100, bytes: 4057..4252), hits: 0) err=Could not find anchor: No matching instruction in range source ID: 5, lines: 95..100, bytes: 4057..4252
2026-09-24T11:28:02.955853Z  WARN foundry_evm_coverage::anchors: could not find anchor item=Line (location: (source ID: 5, lines: 96..97, bytes: 4125..4143), hits: 0) err=Could not find anchor: No matching instruction in range source ID: 5, lines: 96..97, bytes: 4125..4143
2026-09-24T11:28:02.955864Z  WARN foundry_evm_coverage::anchors: could not find anchor item=Statement (location: (source ID: 5, lines: 96..97, bytes: 4125..4143), hits: 0) err=Could not find anchor: No matching instruction in range source ID: 5, lines: 96..97, bytes: 4125..4143
2026-09-24T11:28:02.955843Z  WARN foundry_evm_coverage::anchors: could not find anchor item=Statement (location: (source ID: 11, lines: 94..95, bytes: 3788..3812), hits: 0) err=Could not find anchor: No matching instruction in range source ID: 11, lines: 94..95, bytes: 3788..3812
2026-09-24T11:28:02.955871Z  WARN foundry_evm_coverage::anchors: could not find anchor item=Statement (location: (source ID: 5, lines: 96..97, bytes: 4145..4174), hits: 0) err=Could not find anchor: No matching instruction in range source ID: 5, lines: 96..97, bytes: 4145..4174
2026-09-24T11:28:02.955888Z  WARN foundry_evm_coverage::anchors: could not find anchor item=Branch (branch: 4, path: 0) (location: (source ID: 5, lines: 96..97, bytes: 4145..4174), hits: 0) err=Could not find anchor: No matching instruction in range source ID: 5, lines: 96..97, bytes: 4145..4174
2026-09-24T11:28:02.955896Z  WARN foundry_evm_coverage::anchors: could not find anchor item=Line (location: (source ID: 5, lines: 97..98, bytes: 4184..4220), hits: 0) err=Could not find anchor: No matching instruction in range source ID: 5, lines: 97..98, bytes: 4184..4220
2026-09-24T11:28:02.955904Z  WARN foundry_evm_coverage::anchors: could not find anchor item=Statement (location: (source ID: 5, lines: 97..98, bytes: 4184..4220), hits: 0) err=Could not find anchor: No matching instruction in range source ID: 5, lines: 97..98, bytes: 4184..4220
2026-09-24T11:28:02.955912Z  WARN foundry_evm_coverage::anchors: could not find anchor item=Line (location: (source ID: 5, lines: 98..99, bytes: 4230..4245), hits: 0) err=Could not find anchor: No matching instruction in range source ID: 5, lines: 98..99, bytes: 4230..4245
2026-09-24T11:28:02.955801Z  WARN foundry_evm_coverage::anchors: could not find anchor item=Statement (location: (source ID: 5, lines: 153..154, bytes: 6453..6476), hits: 0) err=Could not find anchor: No matching instruction in range source ID: 5, lines: 153..154, bytes: 6453..6476
2026-09-24T11:28:02.955941Z  WARN foundry_evm_coverage::anchors: could not find anchor item=Branch (branch: 11, path: 0) (location: (source ID: 5, lines: 153..154, bytes: 6453..6476), hits: 0) err=Could not find anchor: No matching instruction in range source ID: 5, lines: 153..154, bytes: 6453..6476
2026-09-24T11:28:02.955884Z  WARN foundry_evm_coverage::anchors: could not find anchor item=Statement (location: (source ID: 11, lines: 94..95, bytes: 3788..3817), hits: 0) err=Could not find anchor: No matching instruction in range source ID: 11, lines: 94..95, bytes: 3788..3817
2026-09-24T11:28:02.955947Z  WARN foundry_evm_coverage::anchors: could not find anchor item=Line (location: (source ID: 5, lines: 156..164, bytes: 6489..6874), hits: 0) err=Could not find anchor: No matching instruction in range source ID: 5, lines: 156..164, bytes: 6489..6874
2026-09-24T11:28:02.955960Z  WARN foundry_evm_coverage::anchors: could not find anchor item=Statement (location: (source ID: 11, lines: 94..95, bytes: 3819..3825), hits: 0) err=Could not find anchor: No matching instruction in range source ID: 11, lines: 94..95, bytes: 3819..3825
2026-09-24T11:28:02.955961Z  WARN foundry_evm_coverage::anchors: could not find anchor item=Function "_checkOutbound" (location: (source ID: 5, lines: 156..164, bytes: 6489..6874), hits: 0) err=Could not find anchor: No matching instruction in range source ID: 5, lines: 156..164, bytes: 6489..6874
2026-09-24T11:28:02.955981Z  WARN foundry_evm_coverage::anchors: could not find anchor item=Line (location: (source ID: 5, lines: 157..158, bytes: 6567..6587), hits: 0) err=Could not find anchor: No matching instruction in range source ID: 5, lines: 157..158, bytes: 6567..6587
2026-09-24T11:28:02.955920Z  WARN foundry_evm_coverage::anchors: could not find anchor item=Statement (location: (source ID: 5, lines: 98..99, bytes: 4230..4245), hits: 0) err=Could not find anchor: No matching instruction in range source ID: 5, lines: 98..99, bytes: 4230..4245
2026-09-24T11:28:02.955995Z  WARN foundry_evm_coverage::anchors: could not find anchor item=Line (location: (source ID: 5, lines: 103..109, bytes: 4457..4755), hits: 0) err=Could not find anchor: No matching instruction in range source ID: 5, lines: 103..109, bytes: 4457..4755
2026-09-24T11:28:02.956001Z  WARN foundry_evm_coverage::anchors: could not find anchor item=Function "prepareInboundMaxTransfer" (location: (source ID: 5, lines: 103..109, bytes: 4457..4755), hits: 0) err=Could not find anchor: No matching instruction in range source ID: 5, lines: 103..109, bytes: 4457..4755
2026-09-24T11:28:02.955974Z  WARN foundry_evm_coverage::anchors: could not find anchor item=Branch (branch: 4, path: 0) (location: (source ID: 11, lines: 94..95, bytes: 3819..3825), hits: 0) err=Could not find anchor: No matching instruction in range source ID: 11, lines: 94..95, bytes: 3819..3825
2026-09-24T11:28:02.956007Z  WARN foundry_evm_coverage::anchors: could not find anchor item=Line (location: (source ID: 5, lines: 104..105, bytes: 4552..4578), hits: 0) err=Could not find anchor: No matching instruction in range source ID: 5, lines: 104..105, bytes: 4552..4578
2026-09-24T11:28:02.956020Z  WARN foundry_evm_coverage::anchors: could not find anchor item=Line (location: (source ID: 11, lines: 95..96, bytes: 3839..3851), hits: 0) err=Could not find anchor: No matching instruction in range source ID: 11, lines: 95..96, bytes: 3839..3851
2026-09-24T11:28:02.956022Z  WARN foundry_evm_coverage::anchors: could not find anchor item=Statement (location: (source ID: 5, lines: 104..105, bytes: 4552..4578), hits: 0) err=Could not find anchor: No matching instruction in range source ID: 5, lines: 104..105, bytes: 4552..4578
2026-09-24T11:28:02.956041Z  WARN foundry_evm_coverage::anchors: could not find anchor item=Statement (location: (source ID: 5, lines: 104..105, bytes: 4580..4609), hits: 0) err=Could not find anchor: No matching instruction in range source ID: 5, lines: 104..105, bytes: 4580..4609
2026-09-24T11:28:02.956069Z  WARN foundry_evm_coverage::anchors: could not find anchor item=Branch (branch: 5, path: 0) (location: (source ID: 5, lines: 104..105, bytes: 4580..4609), hits: 0) err=Could not find anchor: No matching instruction in range source ID: 5, lines: 104..105, bytes: 4580..4609
2026-09-24T11:28:02.956035Z  WARN foundry_evm_coverage::anchors: could not find anchor item=Statement (location: (source ID: 11, lines: 95..96, bytes: 3839..3851), hits: 0) err=Could not find anchor: No matching instruction in range source ID: 11, lines: 95..96, bytes: 3839..3851
2026-09-24T11:28:02.956075Z  WARN foundry_evm_coverage::anchors: could not find anchor item=Line (location: (source ID: 5, lines: 105..106, bytes: 4619..4656), hits: 0) err=Could not find anchor: No matching instruction in range source ID: 5, lines: 105..106, bytes: 4619..4656
2026-09-24T11:28:02.955987Z  WARN foundry_evm_coverage::anchors: could not find anchor item=Statement (location: (source ID: 5, lines: 157..158, bytes: 6567..6587), hits: 0) err=Could not find anchor: No matching instruction in range source ID: 5, lines: 157..158, bytes: 6567..6587
2026-09-24T11:28:02.956104Z  WARN foundry_evm_coverage::anchors: could not find anchor item=Line (location: (source ID: 5, lines: 158..159, bytes: 6601..6612), hits: 0) err=Could not find anchor: No matching instruction in range source ID: 5, lines: 158..159, bytes: 6601..6612
2026-09-24T11:28:02.956089Z  WARN foundry_evm_coverage::anchors: could not find anchor item=Statement (location: (source ID: 11, lines: 95..96, bytes: 3853..3859), hits: 0) err=Could not find anchor: No matching instruction in range source ID: 11, lines: 95..96, bytes: 3853..3859
2026-09-24T11:28:02.956110Z  WARN foundry_evm_coverage::anchors: could not find anchor item=Statement (location: (source ID: 5, lines: 158..159, bytes: 6601..6612), hits: 0) err=Could not find anchor: No matching instruction in range source ID: 5, lines: 158..159, bytes: 6601..6612
2026-09-24T11:28:02.956130Z  WARN foundry_evm_coverage::anchors: could not find anchor item=Statement (location: (source ID: 5, lines: 158..159, bytes: 6601..6688), hits: 0) err=Could not find anchor: No matching instruction in range source ID: 5, lines: 158..159, bytes: 6601..6688
2026-09-24T11:28:02.956095Z  WARN foundry_evm_coverage::anchors: could not find anchor item=Statement (location: (source ID: 5, lines: 105..106, bytes: 4619..4656), hits: 0) err=Could not find anchor: No matching instruction in range source ID: 5, lines: 105..106, bytes: 4619..4656
2026-09-24T11:28:02.956137Z  WARN foundry_evm_coverage::anchors: could not find anchor item=Statement (location: (source ID: 5, lines: 158..159, bytes: 6616..6639), hits: 0) err=Could not find anchor: No matching instruction in range source ID: 5, lines: 158..159, bytes: 6616..6639
2026-09-24T11:28:02.956151Z  WARN foundry_evm_coverage::anchors: could not find anchor item=Statement (location: (source ID: 5, lines: 158..159, bytes: 6616..6688), hits: 0) err=Could not find anchor: No matching instruction in range source ID: 5, lines: 158..159, bytes: 6616..6688
2026-09-24T11:28:02.956124Z  WARN foundry_evm_coverage::anchors: could not find anchor item=Branch (branch: 5, path: 0) (location: (source ID: 11, lines: 95..96, bytes: 3853..3859), hits: 0) err=Could not find anchor: No matching instruction in range source ID: 11, lines: 95..96, bytes: 3853..3859
2026-09-24T11:28:02.956157Z  WARN foundry_evm_coverage::anchors: could not find anchor item=Statement (location: (source ID: 5, lines: 158..159, bytes: 6643..6660), hits: 0) err=Could not find anchor: No matching instruction in range source ID: 5, lines: 158..159, bytes: 6643..6660
2026-09-24T11:28:02.956176Z  WARN foundry_evm_coverage::anchors: could not find anchor item=Statement (location: (source ID: 5, lines: 158..159, bytes: 6643..6688), hits: 0) err=Could not find anchor: No matching instruction in range source ID: 5, lines: 158..159, bytes: 6643..6688
2026-09-24T11:28:02.956192Z  WARN foundry_evm_coverage::anchors: could not find anchor item=Statement (location: (source ID: 5, lines: 158..159, bytes: 6664..6688), hits: 0) err=Could not find anchor: No matching instruction in range source ID: 5, lines: 158..159, bytes: 6664..6688
2026-09-24T11:28:02.956170Z  WARN foundry_evm_coverage::anchors: could not find anchor item=Line (location: (source ID: 11, lines: 96..97, bytes: 3869..3909), hits: 0) err=Could not find anchor: No matching instruction in range source ID: 11, lines: 96..97, bytes: 3869..3909
2026-09-24T11:28:02.956198Z  WARN foundry_evm_coverage::anchors: could not find anchor item=Branch (branch: 12, path: 0) (location: (source ID: 5, lines: 158..161, bytes: 6690..6738), hits: 0) err=Could not find anchor: No matching instruction in range source ID: 5, lines: 158..161, bytes: 6690..6738
2026-09-24T11:28:02.956211Z  WARN foundry_evm_coverage::anchors: could not find anchor item=Statement (location: (source ID: 11, lines: 96..97, bytes: 3869..3909), hits: 0) err=Could not find anchor: No matching instruction in range source ID: 11, lines: 96..97, bytes: 3869..3909
2026-09-24T11:28:02.956213Z  WARN foundry_evm_coverage::anchors: could not find anchor item=Line (location: (source ID: 5, lines: 159..160, bytes: 6704..6727), hits: 0) err=Could not find anchor: No matching instruction in range source ID: 5, lines: 159..160, bytes: 6704..6727
2026-09-24T11:28:02.956225Z  WARN foundry_evm_coverage::anchors: could not find anchor item=Statement (location: (source ID: 11, lines: 96..97, bytes: 3886..3909), hits: 0) err=Could not find anchor: No matching instruction in range source ID: 11, lines: 96..97, bytes: 3886..3909
2026-09-24T11:28:02.956226Z  WARN foundry_evm_coverage::anchors: could not find anchor item=Statement (location: (source ID: 5, lines: 159..160, bytes: 6704..6727), hits: 0) err=Could not find anchor: No matching instruction in range source ID: 5, lines: 159..160, bytes: 6704..6727
2026-09-24T11:28:02.956246Z  WARN foundry_evm_coverage::anchors: could not find anchor item=Line (location: (source ID: 5, lines: 161..162, bytes: 6751..6771), hits: 0) err=Could not find anchor: No matching instruction in range source ID: 5, lines: 161..162, bytes: 6751..6771
2026-09-24T11:28:02.956143Z  WARN foundry_evm_coverage::anchors: could not find anchor item=Line (location: (source ID: 5, lines: 106..107, bytes: 4666..4691), hits: 0) err=Could not find anchor: No matching instruction in range source ID: 5, lines: 106..107, bytes: 4666..4691
2026-09-24T11:28:02.956260Z  WARN foundry_evm_coverage::anchors: could not find anchor item=Statement (location: (source ID: 5, lines: 106..107, bytes: 4666..4691), hits: 0) err=Could not find anchor: No matching instruction in range source ID: 5, lines: 106..107, bytes: 4666..4691
2026-09-24T11:28:02.956252Z  WARN foundry_evm_coverage::anchors: could not find anchor item=Statement (location: (source ID: 5, lines: 161..162, bytes: 6751..6771), hits: 0) err=Could not find anchor: No matching instruction in range source ID: 5, lines: 161..162, bytes: 6751..6771
2026-09-24T11:28:02.956266Z  WARN foundry_evm_coverage::anchors: could not find anchor item=Line (location: (source ID: 5, lines: 107..108, bytes: 4701..4748), hits: 0) err=Could not find anchor: No matching instruction in range source ID: 5, lines: 107..108, bytes: 4701..4748
2026-09-24T11:28:02.956281Z  WARN foundry_evm_coverage::anchors: could not find anchor item=Statement (location: (source ID: 5, lines: 107..108, bytes: 4701..4748), hits: 0) err=Could not find anchor: No matching instruction in range source ID: 5, lines: 107..108, bytes: 4701..4748
2026-09-24T11:28:02.956239Z  WARN foundry_evm_coverage::anchors: could not find anchor item=Line (location: (source ID: 11, lines: 97..98, bytes: 3919..3935), hits: 0) err=Could not find anchor: No matching instruction in range source ID: 11, lines: 97..98, bytes: 3919..3935
2026-09-24T11:28:02.956287Z  WARN foundry_evm_coverage::anchors: could not find anchor item=Line (location: (source ID: 5, lines: 112..118, bytes: 4947..5246), hits: 0) err=Could not find anchor: No matching instruction in range source ID: 5, lines: 112..118, bytes: 4947..5246
2026-09-24T11:28:02.956320Z  WARN foundry_evm_coverage::anchors: could not find anchor item=Function "setMaxTransfer" (location: (source ID: 5, lines: 112..118, bytes: 4947..5246), hits: 0) err=Could not find anchor: No matching instruction in range source ID: 5, lines: 112..118, bytes: 4947..5246
2026-09-24T11:28:02.956273Z  WARN foundry_evm_coverage::anchors: could not find anchor item=Statement (location: (source ID: 5, lines: 161..162, bytes: 6773..6798), hits: 0) err=Could not find anchor: No matching instruction in range source ID: 5, lines: 161..162, bytes: 6773..6798
2026-09-24T11:28:02.956326Z  WARN foundry_evm_coverage::anchors: could not find anchor item=Line (location: (source ID: 5, lines: 113..114, bytes: 5031..5040), hits: 0) err=Could not find anchor: No matching instruction in range source ID: 5, lines: 113..114, bytes: 5031..5040
2026-09-24T11:28:02.956341Z  WARN foundry_evm_coverage::anchors: could not find anchor item=Statement (location: (source ID: 5, lines: 113..114, bytes: 5031..5040), hits: 0) err=Could not find anchor: No matching instruction in range source ID: 5, lines: 113..114, bytes: 5031..5040
2026-09-24T11:28:02.956300Z  WARN foundry_evm_coverage::anchors: could not find anchor item=Statement (location: (source ID: 11, lines: 97..98, bytes: 3919..3935), hits: 0) err=Could not find anchor: No matching instruction in range source ID: 11, lines: 97..98, bytes: 3919..3935
2026-09-24T11:28:02.956347Z  WARN foundry_evm_coverage::anchors: could not find anchor item=Statement (location: (source ID: 5, lines: 113..114, bytes: 5031..5069), hits: 0) err=Could not find anchor: No matching instruction in range source ID: 5, lines: 113..114, bytes: 5031..5069
2026-09-24T11:28:02.956334Z  WARN foundry_evm_coverage::anchors: could not find anchor item=Branch (branch: 13, path: 0) (location: (source ID: 5, lines: 161..162, bytes: 6773..6798), hits: 0) err=Could not find anchor: No matching instruction in range source ID: 5, lines: 161..162, bytes: 6773..6798
2026-09-24T11:28:02.956375Z  WARN foundry_evm_coverage::anchors: could not find anchor item=Line (location: (source ID: 5, lines: 162..163, bytes: 6812..6837), hits: 0) err=Could not find anchor: No matching instruction in range source ID: 5, lines: 162..163, bytes: 6812..6837
2026-09-24T11:28:02.956361Z  WARN foundry_evm_coverage::anchors: could not find anchor item=Line (location: (source ID: 11, lines: 98..99, bytes: 3945..3999), hits: 0) err=Could not find anchor: No matching instruction in range source ID: 11, lines: 98..99, bytes: 3945..3999
2026-09-24T11:28:02.956381Z  WARN foundry_evm_coverage::anchors: could not find anchor item=Statement (location: (source ID: 5, lines: 162..163, bytes: 6812..6837), hits: 0) err=Could not find anchor: No matching instruction in range source ID: 5, lines: 162..163, bytes: 6812..6837
2026-09-24T11:28:02.956394Z  WARN foundry_evm_coverage::anchors: could not find anchor item=Statement (location: (source ID: 11, lines: 98..99, bytes: 3945..3999), hits: 0) err=Could not find anchor: No matching instruction in range source ID: 11, lines: 98..99, bytes: 3945..3999
2026-09-24T11:28:02.956396Z  WARN foundry_evm_coverage::anchors: could not find anchor item=Statement (location: (source ID: 5, lines: 162..163, bytes: 6825..6837), hits: 0) err=Could not find anchor: No matching instruction in range source ID: 5, lines: 162..163, bytes: 6825..6837
2026-09-24T11:28:02.956367Z  WARN foundry_evm_coverage::anchors: could not find anchor item=Statement (location: (source ID: 5, lines: 113..114, bytes: 5044..5069), hits: 0) err=Could not find anchor: No matching instruction in range source ID: 5, lines: 113..114, bytes: 5044..5069
2026-09-24T11:28:02.956423Z  WARN foundry_evm_coverage::anchors: could not find anchor item=Statement (location: (source ID: 5, lines: 113..114, bytes: 5071..5100), hits: 0) err=Could not find anchor: No matching instruction in range source ID: 5, lines: 113..114, bytes: 5071..5100
2026-09-24T11:28:02.956446Z  WARN foundry_evm_coverage::anchors: could not find anchor item=Branch (branch: 6, path: 0) (location: (source ID: 5, lines: 113..114, bytes: 5071..5100), hits: 0) err=Could not find anchor: No matching instruction in range source ID: 5, lines: 113..114, bytes: 5071..5100
2026-09-24T11:28:02.956415Z  WARN foundry_evm_coverage::anchors: could not find anchor item=Statement (location: (source ID: 5, lines: 162..163, bytes: 6839..6867), hits: 0) err=Could not find anchor: No matching instruction in range source ID: 5, lines: 162..163, bytes: 6839..6867
2026-09-24T11:28:02.956461Z  WARN foundry_evm_coverage::anchors: could not find anchor item=Branch (branch: 14, path: 0) (location: (source ID: 5, lines: 162..163, bytes: 6839..6867), hits: 0) err=Could not find anchor: No matching instruction in range source ID: 5, lines: 162..163, bytes: 6839..6867
2026-09-24T11:28:02.956452Z  WARN foundry_evm_coverage::anchors: could not find anchor item=Line (location: (source ID: 5, lines: 114..115, bytes: 5110..5140), hits: 0) err=Could not find anchor: No matching instruction in range source ID: 5, lines: 114..115, bytes: 5110..5140
2026-09-24T11:28:02.956473Z  WARN foundry_evm_coverage::anchors: could not find anchor item=Statement (location: (source ID: 5, lines: 114..115, bytes: 5110..5140), hits: 0) err=Could not find anchor: No matching instruction in range source ID: 5, lines: 114..115, bytes: 5110..5140
2026-09-24T11:28:02.956480Z  WARN foundry_evm_coverage::anchors: could not find anchor item=Line (location: (source ID: 5, lines: 115..116, bytes: 5150..5168), hits: 0) err=Could not find anchor: No matching instruction in range source ID: 5, lines: 115..116, bytes: 5150..5168
2026-09-24T11:28:02.956408Z  WARN foundry_evm_coverage::anchors: could not find anchor item=Statement (location: (source ID: 11, lines: 98..99, bytes: 3963..3999), hits: 0) err=Could not find anchor: No matching instruction in range source ID: 11, lines: 98..99, bytes: 3963..3999
2026-09-24T11:28:02.956486Z  WARN foundry_evm_coverage::anchors: could not find anchor item=Statement (location: (source ID: 5, lines: 115..116, bytes: 5150..5168), hits: 0) err=Could not find anchor: No matching instruction in range source ID: 5, lines: 115..116, bytes: 5150..5168
2026-09-24T11:28:02.956467Z  WARN foundry_evm_coverage::anchors: could not find anchor item=Line (location: (source ID: 5, lines: 165..177, bytes: 6880..7250), hits: 0) err=Could not find anchor: No matching instruction in range source ID: 5, lines: 165..177, bytes: 6880..7250
2026-09-24T11:28:02.956514Z  WARN foundry_evm_coverage::anchors: could not find anchor item=Function "_header" (location: (source ID: 5, lines: 165..177, bytes: 6880..7250), hits: 0) err=Could not find anchor: No matching instruction in range source ID: 5, lines: 165..177, bytes: 6880..7250
2026-09-24T11:28:02.956500Z  WARN foundry_evm_coverage::anchors: could not find anchor item=Line (location: (source ID: 11, lines: 99..100, bytes: 4009..4084), hits: 0) err=Could not find anchor: No matching instruction in range source ID: 11, lines: 99..100, bytes: 4009..4084
2026-09-24T11:28:02.956520Z  WARN foundry_evm_coverage::anchors: could not find anchor item=Line (location: (source ID: 5, lines: 166..176, bytes: 6988..7243), hits: 0) err=Could not find anchor: No matching instruction in range source ID: 5, lines: 166..176, bytes: 6988..7243
2026-09-24T11:28:02.956533Z  WARN foundry_evm_coverage::anchors: could not find anchor item=Statement (location: (source ID: 11, lines: 99..100, bytes: 4009..4084), hits: 0) err=Could not find anchor: No matching instruction in range source ID: 11, lines: 99..100, bytes: 4009..4084
2026-09-24T11:28:02.956534Z  WARN foundry_evm_coverage::anchors: could not find anchor item=Statement (location: (source ID: 5, lines: 166..176, bytes: 6988..7243), hits: 0) err=Could not find anchor: No matching instruction in range source ID: 5, lines: 166..176, bytes: 6988..7243
2026-09-24T11:28:02.956553Z  WARN foundry_evm_coverage::anchors: could not find anchor item=Statement (location: (source ID: 5, lines: 166..176, bytes: 6995..7243), hits: 0) err=Could not find anchor: No matching instruction in range source ID: 5, lines: 166..176, bytes: 6995..7243
2026-09-24T11:28:02.956578Z  WARN foundry_evm_coverage::anchors: could not find anchor item=Line (location: (source ID: 5, lines: 178..188, bytes: 7256..7598), hits: 0) err=Could not find anchor: No matching instruction in range source ID: 5, lines: 178..188, bytes: 7256..7598
2026-09-24T11:28:02.956547Z  WARN foundry_evm_coverage::anchors: could not find anchor item=Statement (location: (source ID: 11, lines: 99..100, bytes: 4032..4084), hits: 0) err=Could not find anchor: No matching instruction in range source ID: 11, lines: 99..100, bytes: 4032..4084
2026-09-24T11:28:02.956584Z  WARN foundry_evm_coverage::anchors: could not find anchor item=Function "_publish" (location: (source ID: 5, lines: 178..188, bytes: 7256..7598), hits: 0) err=Could not find anchor: No matching instruction in range source ID: 5, lines: 178..188, bytes: 7256..7598
2026-09-24T11:28:02.956597Z  WARN foundry_evm_coverage::anchors: could not find anchor item=Line (location: (source ID: 11, lines: 100..101, bytes: 4094..4120), hits: 0) err=Could not find anchor: No matching instruction in range source ID: 11, lines: 100..101, bytes: 4094..4120
2026-09-24T11:28:02.956598Z  WARN foundry_evm_coverage::anchors: could not find anchor item=Line (location: (source ID: 5, lines: 182..187, bytes: 7394..7591), hits: 0) err=Could not find anchor: No matching instruction in range source ID: 5, lines: 182..187, bytes: 7394..7591
2026-09-24T11:28:02.956506Z  WARN foundry_evm_coverage::anchors: could not find anchor item=Line (location: (source ID: 5, lines: 116..117, bytes: 5178..5239), hits: 0) err=Could not find anchor: No matching instruction in range source ID: 5, lines: 116..117, bytes: 5178..5239
2026-09-24T11:28:02.956626Z  WARN foundry_evm_coverage::anchors: could not find anchor item=Statement (location: (source ID: 5, lines: 116..117, bytes: 5178..5239), hits: 0) err=Could not find anchor: No matching instruction in range source ID: 5, lines: 116..117, bytes: 5178..5239
2026-09-24T11:28:02.956611Z  WARN foundry_evm_coverage::anchors: could not find anchor item=Statement (location: (source ID: 11, lines: 100..101, bytes: 4094..4120), hits: 0) err=Could not find anchor: No matching instruction in range source ID: 11, lines: 100..101, bytes: 4094..4120
2026-09-24T11:28:02.956632Z  WARN foundry_evm_coverage::anchors: could not find anchor item=Line (location: (source ID: 5, lines: 120..126, bytes: 5348..5597), hits: 0) err=Could not find anchor: No matching instruction in range source ID: 5, lines: 120..126, bytes: 5348..5597
2026-09-24T11:28:02.956647Z  WARN foundry_evm_coverage::anchors: could not find anchor item=Line (location: (source ID: 11, lines: 101..102, bytes: 4130..4176), hits: 0) err=Could not find anchor: No matching instruction in range source ID: 11, lines: 101..102, bytes: 4130..4176
2026-09-24T11:28:02.956648Z  WARN foundry_evm_coverage::anchors: could not find anchor item=Function "pause" (location: (source ID: 5, lines: 120..126, bytes: 5348..5597), hits: 0) err=Could not find anchor: No matching instruction in range source ID: 5, lines: 120..126, bytes: 5348..5597
2026-09-24T11:28:02.956668Z  WARN foundry_evm_coverage::anchors: could not find anchor item=Line (location: (source ID: 5, lines: 121..122, bytes: 5399..5421), hits: 0) err=Could not find anchor: No matching instruction in range source ID: 5, lines: 121..122, bytes: 5399..5421
2026-09-24T11:28:02.956617Z  WARN foundry_evm_coverage::anchors: could not find anchor item=Statement (location: (source ID: 5, lines: 182..187, bytes: 7394..7591), hits: 0) err=Could not find anchor: No matching instruction in range source ID: 5, lines: 182..187, bytes: 7394..7591
2026-09-24T11:28:02.956682Z  WARN foundry_evm_coverage::anchors: could not find anchor item=Statement (location: (source ID: 5, lines: 182..187, bytes: 7401..7591), hits: 0) err=Could not find anchor: No matching instruction in range source ID: 5, lines: 182..187, bytes: 7401..7591
2026-09-24T11:28:02.956707Z  WARN foundry_evm_coverage::anchors: could not find anchor item=Line (location: (source ID: 5, lines: 189..217, bytes: 7604..9195), hits: 0) err=Could not find anchor: No matching instruction in range source ID: 5, lines: 189..217, bytes: 7604..9195
2026-09-24T11:28:02.956661Z  WARN foundry_evm_coverage::anchors: could not find anchor item=Statement (location: (source ID: 11, lines: 101..102, bytes: 4130..4176), hits: 0) err=Could not find anchor: No matching instruction in range source ID: 11, lines: 101..102, bytes: 4130..4176
2026-09-24T11:28:02.956713Z  WARN foundry_evm_coverage::anchors: could not find anchor item=Function "_verifyAndConsume" (location: (source ID: 5, lines: 189..217, bytes: 7604..9195), hits: 0) err=Could not find anchor: No matching instruction in range source ID: 5, lines: 189..217, bytes: 7604..9195
2026-09-24T11:28:02.956727Z  WARN foundry_evm_coverage::anchors: could not find anchor item=Line (location: (source ID: 11, lines: 102..103, bytes: 4186..4211), hits: 0) err=Could not find anchor: No matching instruction in range source ID: 11, lines: 102..103, bytes: 4186..4211
2026-09-24T11:28:02.956729Z  WARN foundry_evm_coverage::anchors: could not find anchor item=Line (location: (source ID: 5, lines: 193..194, bytes: 7796..7815), hits: 0) err=Could not find anchor: No matching instruction in range source ID: 5, lines: 193..194, bytes: 7796..7815
2026-09-24T11:28:02.956741Z  WARN foundry_evm_coverage::anchors: could not find anchor item=Statement (location: (source ID: 11, lines: 102..103, bytes: 4186..4211), hits: 0) err=Could not find anchor: No matching instruction in range source ID: 11, lines: 102..103, bytes: 4186..4211
2026-09-24T11:28:02.956742Z  WARN foundry_evm_coverage::anchors: could not find anchor item=Statement (location: (source ID: 5, lines: 193..194, bytes: 7796..7815), hits: 0) err=Could not find anchor: No matching instruction in range source ID: 5, lines: 193..194, bytes: 7796..7815
2026-09-24T11:28:02.956764Z  WARN foundry_evm_coverage::anchors: could not find anchor item=Line (location: (source ID: 5, lines: 194..195, bytes: 7825..7835), hits: 0) err=Could not find anchor: No matching instruction in range source ID: 5, lines: 194..195, bytes: 7825..7835
2026-09-24T11:28:02.956674Z  WARN foundry_evm_coverage::anchors: could not find anchor item=Statement (location: (source ID: 5, lines: 121..122, bytes: 5399..5421), hits: 0) err=Could not find anchor: No matching instruction in range source ID: 5, lines: 121..122, bytes: 5399..5421
2026-09-24T11:28:02.956770Z  WARN foundry_evm_coverage::anchors: could not find anchor item=Statement (location: (source ID: 5, lines: 194..195, bytes: 7825..7835), hits: 0) err=Could not find anchor: No matching instruction in range source ID: 5, lines: 194..195, bytes: 7825..7835
2026-09-24T11:28:02.956786Z  WARN foundry_evm_coverage::anchors: could not find anchor item=Line (location: (source ID: 5, lines: 197..198, bytes: 7997..8054), hits: 0) err=Could not find anchor: No matching instruction in range source ID: 5, lines: 197..198, bytes: 7997..8054
2026-09-24T11:28:02.956756Z  WARN foundry_evm_coverage::anchors: could not find anchor item=Line (location: (source ID: 11, lines: 103..104, bytes: 4221..4245), hits: 0) err=Could not find anchor: No matching instruction in range source ID: 11, lines: 103..104, bytes: 4221..4245
2026-09-24T11:28:02.956792Z  WARN foundry_evm_coverage::anchors: could not find anchor item=Statement (location: (source ID: 5, lines: 197..198, bytes: 7997..8054), hits: 0) err=Could not find anchor: No matching instruction in range source ID: 5, lines: 197..198, bytes: 7997..8054
2026-09-24T11:28:02.956778Z  WARN foundry_evm_coverage::anchors: could not find anchor item=Statement (location: (source ID: 5, lines: 121..122, bytes: 5399..5446), hits: 0) err=Could not find anchor: No matching instruction in range source ID: 5, lines: 121..122, bytes: 5399..5446
2026-09-24T11:28:02.956821Z  WARN foundry_evm_coverage::anchors: could not find anchor item=Statement (location: (source ID: 5, lines: 121..122, bytes: 5425..5446), hits: 0) err=Could not find anchor: No matching instruction in range source ID: 5, lines: 121..122, bytes: 5425..5446
2026-09-24T11:28:02.956838Z  WARN foundry_evm_coverage::anchors: could not find anchor item=Statement (location: (source ID: 5, lines: 121..122, bytes: 5439..5446), hits: 0) err=Could not find anchor: No matching instruction in range source ID: 5, lines: 121..122, bytes: 5439..5446
2026-09-24T11:28:02.956812Z  WARN foundry_evm_coverage::anchors: could not find anchor item=Line (location: (source ID: 5, lines: 198..199, bytes: 8068..8074), hits: 0) err=Could not find anchor: No matching instruction in range source ID: 5, lines: 198..199, bytes: 8068..8074
2026-09-24T11:28:02.956852Z  WARN foundry_evm_coverage::anchors: could not find anchor item=Statement (location: (source ID: 5, lines: 198..199, bytes: 8068..8074), hits: 0) err=Could not find anchor: No matching instruction in range source ID: 5, lines: 198..199, bytes: 8068..8074
2026-09-24T11:28:02.956860Z  WARN foundry_evm_coverage::anchors: could not find anchor item=Statement (location: (source ID: 5, lines: 198..199, bytes: 8076..8095), hits: 0) err=Could not find anchor: No matching instruction in range source ID: 5, lines: 198..199, bytes: 8076..8095
2026-09-24T11:28:02.956805Z  WARN foundry_evm_coverage::anchors: could not find anchor item=Statement (location: (source ID: 11, lines: 103..104, bytes: 4221..4245), hits: 0) err=Could not find anchor: No matching instruction in range source ID: 11, lines: 103..104, bytes: 4221..4245
2026-09-24T11:28:02.956867Z  WARN foundry_evm_coverage::anchors: could not find anchor item=Branch (branch: 15, path: 0) (location: (source ID: 5, lines: 198..199, bytes: 8076..8095), hits: 0) err=Could not find anchor: No matching instruction in range source ID: 5, lines: 198..199, bytes: 8076..8095
2026-09-24T11:28:02.956884Z  WARN foundry_evm_coverage::anchors: could not find anchor item=Line (location: (source ID: 5, lines: 200..201, bytes: 8122..8167), hits: 0) err=Could not find anchor: No matching instruction in range source ID: 5, lines: 200..201, bytes: 8122..8167
2026-09-24T11:28:02.956891Z  WARN foundry_evm_coverage::anchors: could not find anchor item=Statement (location: (source ID: 5, lines: 200..201, bytes: 8122..8167), hits: 0) err=Could not find anchor: No matching instruction in range source ID: 5, lines: 200..201, bytes: 8122..8167
2026-09-24T11:28:02.956898Z  WARN foundry_evm_coverage::anchors: could not find anchor item=Statement (location: (source ID: 5, lines: 200..202, bytes: 8122..8244), hits: 0) err=Could not find anchor: No matching instruction in range source ID: 5, lines: 200..202, bytes: 8122..8244
2026-09-24T11:28:02.956844Z  WARN foundry_evm_coverage::anchors: could not find anchor item=Statement (location: (source ID: 5, lines: 121..122, bytes: 5448..5477), hits: 0) err=Could not find anchor: No matching instruction in range source ID: 5, lines: 121..122, bytes: 5448..5477
2026-09-24T11:28:02.956912Z  WARN foundry_evm_coverage::anchors: could not find anchor item=Branch (branch: 7, path: 0) (location: (source ID: 5, lines: 121..122, bytes: 5448..5477), hits: 0) err=Could not find anchor: No matching instruction in range source ID: 5, lines: 121..122, bytes: 5448..5477
2026-09-24T11:28:02.956904Z  WARN foundry_evm_coverage::anchors: could not find anchor item=Line (location: (source ID: 5, lines: 201..202, bytes: 8187..8244), hits: 0) err=Could not find anchor: No matching instruction in range source ID: 5, lines: 201..202, bytes: 8187..8244
2026-09-24T11:28:02.956926Z  WARN foundry_evm_coverage::anchors: could not find anchor item=Statement (location: (source ID: 5, lines: 201..202, bytes: 8187..8244), hits: 0) err=Could not find anchor: No matching instruction in range source ID: 5, lines: 201..202, bytes: 8187..8244
2026-09-24T11:28:02.956880Z  WARN foundry_evm_coverage::anchors: could not find anchor item=Line (location: (source ID: 11, lines: 106..120, bytes: 4258..4880), hits: 0) err=Could not find anchor: No matching instruction in range source ID: 11, lines: 106..120, bytes: 4258..4880
2026-09-24T11:28:02.956918Z  WARN foundry_evm_coverage::anchors: could not find anchor item=Line (location: (source ID: 5, lines: 122..123, bytes: 5487..5508), hits: 0) err=Could not find anchor: No matching instruction in range source ID: 5, lines: 122..123, bytes: 5487..5508
2026-09-24T11:28:02.956961Z  WARN foundry_evm_coverage::anchors: could not find anchor item=Statement (location: (source ID: 5, lines: 122..123, bytes: 5487..5508), hits: 0) err=Could not find anchor: No matching instruction in range source ID: 5, lines: 122..123, bytes: 5487..5508
2026-09-24T11:28:02.956932Z  WARN foundry_evm_coverage::anchors: could not find anchor item=Line (location: (source ID: 5, lines: 202..203, bytes: 8255..8276), hits: 0) err=Could not find anchor: No matching instruction in range source ID: 5, lines: 202..203, bytes: 8255..8276
2026-09-24T11:28:02.956975Z  WARN foundry_evm_coverage::anchors: could not find anchor item=Statement (location: (source ID: 5, lines: 202..203, bytes: 8255..8276), hits: 0) err=Could not find anchor: No matching instruction in range source ID: 5, lines: 202..203, bytes: 8255..8276
2026-09-24T11:28:02.956967Z  WARN foundry_evm_coverage::anchors: could not find anchor item=Line (location: (source ID: 5, lines: 123..124, bytes: 5518..5538), hits: 0) err=Could not find anchor: No matching instruction in range source ID: 5, lines: 123..124, bytes: 5518..5538
2026-09-24T11:28:02.956989Z  WARN foundry_evm_coverage::anchors: could not find anchor item=Statement (location: (source ID: 5, lines: 123..124, bytes: 5518..5538), hits: 0) err=Could not find anchor: No matching instruction in range source ID: 5, lines: 123..124, bytes: 5518..5538
2026-09-24T11:28:02.956982Z  WARN foundry_evm_coverage::anchors: could not find anchor item=Branch (branch: 16, path: 0) (location: (source ID: 5, lines: 202..203, bytes: 8255..8276), hits: 0) err=Could not find anchor: No matching instruction in range source ID: 5, lines: 202..203, bytes: 8255..8276
2026-09-24T11:28:02.957003Z  WARN foundry_evm_coverage::anchors: could not find anchor item=Line (location: (source ID: 5, lines: 203..204, bytes: 8290..8336), hits: 0) err=Could not find anchor: No matching instruction in range source ID: 5, lines: 203..204, bytes: 8290..8336
2026-09-24T11:28:02.956995Z  WARN foundry_evm_coverage::anchors: could not find anchor item=Line (location: (source ID: 5, lines: 124..125, bytes: 5548..5590), hits: 0) err=Could not find anchor: No matching instruction in range source ID: 5, lines: 124..125, bytes: 5548..5590
2026-09-24T11:28:02.957017Z  WARN foundry_evm_coverage::anchors: could not find anchor item=Statement (location: (source ID: 5, lines: 124..125, bytes: 5548..5590), hits: 0) err=Could not find anchor: No matching instruction in range source ID: 5, lines: 124..125, bytes: 5548..5590
2026-09-24T11:28:02.957022Z  WARN foundry_evm_coverage::anchors: could not find anchor item=Line (location: (source ID: 5, lines: 127..133, bytes: 5603..5804), hits: 0) err=Could not find anchor: No matching instruction in range source ID: 5, lines: 127..133, bytes: 5603..5804
2026-09-24T11:28:02.956955Z  WARN foundry_evm_coverage::anchors: could not find anchor item=Function "deliverRedemption" (location: (source ID: 11, lines: 106..120, bytes: 4258..4880), hits: 0) err=Could not find anchor: No matching instruction in range source ID: 11, lines: 106..120, bytes: 4258..4880
2026-09-24T11:28:02.957028Z  WARN foundry_evm_coverage::anchors: could not find anchor item=Function "unpause" (location: (source ID: 5, lines: 127..133, bytes: 5603..5804), hits: 0) err=Could not find anchor: No matching instruction in range source ID: 5, lines: 127..133, bytes: 5603..5804
2026-09-24T11:28:02.957050Z  WARN foundry_evm_coverage::anchors: could not find anchor item=Line (location: (source ID: 5, lines: 128..129, bytes: 5662..5683), hits: 0) err=Could not find anchor: No matching instruction in range source ID: 5, lines: 128..129, bytes: 5662..5683
2026-09-24T11:28:02.957010Z  WARN foundry_evm_coverage::anchors: could not find anchor item=Statement (location: (source ID: 5, lines: 203..204, bytes: 8290..8336), hits: 0) err=Could not find anchor: No matching instruction in range source ID: 5, lines: 203..204, bytes: 8290..8336
2026-09-24T11:28:02.957074Z  WARN foundry_evm_coverage::anchors: could not find anchor item=Statement (location: (source ID: 5, lines: 203..204, bytes: 8338..8363), hits: 0) err=Could not find anchor: No matching instruction in range source ID: 5, lines: 203..204, bytes: 8338..8363
2026-09-24T11:28:02.957056Z  WARN foundry_evm_coverage::anchors: could not find anchor item=Statement (location: (source ID: 5, lines: 128..129, bytes: 5662..5683), hits: 0) err=Could not find anchor: No matching instruction in range source ID: 5, lines: 128..129, bytes: 5662..5683
2026-09-24T11:28:02.957080Z  WARN foundry_evm_coverage::anchors: could not find anchor item=Branch (branch: 17, path: 0) (location: (source ID: 5, lines: 203..204, bytes: 8338..8363), hits: 0) err=Could not find anchor: No matching instruction in range source ID: 5, lines: 203..204, bytes: 8338..8363
2026-09-24T11:28:02.957094Z  WARN foundry_evm_coverage::anchors: could not find anchor item=Line (location: (source ID: 5, lines: 204..205, bytes: 8373..8465), hits: 0) err=Could not find anchor: No matching instruction in range source ID: 5, lines: 204..205, bytes: 8373..8465
2026-09-24T11:28:02.957042Z  WARN foundry_evm_coverage::anchors: could not find anchor item=Line (location: (source ID: 11, lines: 107..108, bytes: 4318..4355), hits: 0) err=Could not find anchor: No matching instruction in range source ID: 11, lines: 107..108, bytes: 4318..4355
2026-09-24T11:28:02.957100Z  WARN foundry_evm_coverage::anchors: could not find anchor item=Statement (location: (source ID: 5, lines: 204..205, bytes: 8373..8465), hits: 0) err=Could not find anchor: No matching instruction in range source ID: 5, lines: 204..205, bytes: 8373..8465
2026-09-24T11:28:02.957122Z  WARN foundry_evm_coverage::anchors: could not find anchor item=Line (location: (source ID: 5, lines: 205..206, bytes: 8501..8532), hits: 0) err=Could not find anchor: No matching instruction in range source ID: 5, lines: 205..206, bytes: 8501..8532
2026-09-24T11:28:02.957086Z  WARN foundry_evm_coverage::anchors: could not find anchor item=Line (location: (source ID: 5, lines: 129..130, bytes: 5693..5713), hits: 0) err=Could not find anchor: No matching instruction in range source ID: 5, lines: 129..130, bytes: 5693..5713
2026-09-24T11:28:02.957136Z  WARN foundry_evm_coverage::anchors: could not find anchor item=Statement (location: (source ID: 5, lines: 129..130, bytes: 5693..5713), hits: 0) err=Could not find anchor: No matching instruction in range source ID: 5, lines: 129..130, bytes: 5693..5713
2026-09-24T11:28:02.957114Z  WARN foundry_evm_coverage::anchors: could not find anchor item=Statement (location: (source ID: 11, lines: 107..108, bytes: 4318..4355), hits: 0) err=Could not find anchor: No matching instruction in range source ID: 11, lines: 107..108, bytes: 4318..4355
2026-09-24T11:28:02.957128Z  WARN foundry_evm_coverage::anchors: could not find anchor item=Statement (location: (source ID: 5, lines: 205..206, bytes: 8501..8532), hits: 0) err=Could not find anchor: No matching instruction in range source ID: 5, lines: 205..206, bytes: 8501..8532
2026-09-24T11:28:02.957156Z  WARN foundry_evm_coverage::anchors: could not find anchor item=Line (location: (source ID: 11, lines: 108..109, bytes: 4369..4392), hits: 0) err=Could not find anchor: No matching instruction in range source ID: 11, lines: 108..109, bytes: 4369..4392
2026-09-24T11:28:02.957158Z  WARN foundry_evm_coverage::anchors: could not find anchor item=Branch (branch: 18, path: 0) (location: (source ID: 5, lines: 205..206, bytes: 8501..8532), hits: 0) err=Could not find anchor: No matching instruction in range source ID: 5, lines: 205..206, bytes: 8501..8532
2026-09-24T11:28:02.957170Z  WARN foundry_evm_coverage::anchors: could not find anchor item=Statement (location: (source ID: 11, lines: 108..109, bytes: 4369..4392), hits: 0) err=Could not find anchor: No matching instruction in range source ID: 11, lines: 108..109, bytes: 4369..4392
2026-09-24T11:28:02.957203Z  WARN foundry_evm_coverage::anchors: could not find anchor item=Statement (location: (source ID: 11, lines: 108..109, bytes: 4369..4424), hits: 0) err=Could not find anchor: No matching instruction in range source ID: 11, lines: 108..109, bytes: 4369..4424
2026-09-24T11:28:02.957141Z  WARN foundry_evm_coverage::anchors: could not find anchor item=Line (location: (source ID: 5, lines: 130..131, bytes: 5723..5744), hits: 0) err=Could not find anchor: No matching instruction in range source ID: 5, lines: 130..131, bytes: 5723..5744
2026-09-24T11:28:02.957224Z  WARN foundry_evm_coverage::anchors: could not find anchor item=Statement (location: (source ID: 5, lines: 130..131, bytes: 5723..5744), hits: 0) err=Could not find anchor: No matching instruction in range source ID: 5, lines: 130..131, bytes: 5723..5744
2026-09-24T11:28:02.957172Z  WARN foundry_evm_coverage::anchors: could not find anchor item=Line (location: (source ID: 5, lines: 206..207, bytes: 8546..8578), hits: 0) err=Could not find anchor: No matching instruction in range source ID: 5, lines: 206..207, bytes: 8546..8578
2026-09-24T11:28:02.957238Z  WARN foundry_evm_coverage::anchors: could not find anchor item=Statement (location: (source ID: 5, lines: 206..207, bytes: 8546..8578), hits: 0) err=Could not find anchor: No matching instruction in range source ID: 5, lines: 206..207, bytes: 8546..8578
2026-09-24T11:28:02.957230Z  WARN foundry_evm_coverage::anchors: could not find anchor item=Line (location: (source ID: 5, lines: 131..132, bytes: 5754..5797), hits: 0) err=Could not find anchor: No matching instruction in range source ID: 5, lines: 131..132, bytes: 5754..5797
2026-09-24T11:28:02.957244Z  WARN foundry_evm_coverage::anchors: could not find anchor item=Statement (location: (source ID: 5, lines: 206..207, bytes: 8580..8603), hits: 0) err=Could not find anchor: No matching instruction in range source ID: 5, lines: 206..207, bytes: 8580..8603
2026-09-24T11:28:02.957258Z  WARN foundry_evm_coverage::anchors: could not find anchor item=Branch (branch: 19, path: 0) (location: (source ID: 5, lines: 206..207, bytes: 8580..8603), hits: 0) err=Could not find anchor: No matching instruction in range source ID: 5, lines: 206..207, bytes: 8580..8603
2026-09-24T11:28:02.957218Z  WARN foundry_evm_coverage::anchors: could not find anchor item=Statement (location: (source ID: 11, lines: 108..109, bytes: 4396..4415), hits: 0) err=Could not find anchor: No matching instruction in range source ID: 11, lines: 108..109, bytes: 4396..4415
2026-09-24T11:28:02.957264Z  WARN foundry_evm_coverage::anchors: could not find anchor item=Line (location: (source ID: 5, lines: 207..208, bytes: 8613..8696), hits: 0) err=Could not find anchor: No matching instruction in range source ID: 5, lines: 207..208, bytes: 8613..8696
2026-09-24T11:28:02.957251Z  WARN foundry_evm_coverage::anchors: could not find anchor item=Statement (location: (source ID: 5, lines: 131..132, bytes: 5754..5797), hits: 0) err=Could not find anchor: No matching instruction in range source ID: 5, lines: 131..132, bytes: 5754..5797
2026-09-24T11:28:02.957290Z  WARN foundry_evm_coverage::anchors: could not find anchor item=Line (location: (source ID: 5, lines: 134..137, bytes: 5810..5916), hits: 0) err=Could not find anchor: No matching instruction in range source ID: 5, lines: 134..137, bytes: 5810..5916
2026-09-24T11:28:02.957278Z  WARN foundry_evm_coverage::anchors: could not find anchor item=Statement (location: (source ID: 11, lines: 108..109, bytes: 4396..4419), hits: 0) err=Could not find anchor: No matching instruction in range source ID: 11, lines: 108..109, bytes: 4396..4419
2026-09-24T11:28:02.957296Z  WARN foundry_evm_coverage::anchors: could not find anchor item=Function "renounceOwnership" (location: (source ID: 5, lines: 134..137, bytes: 5810..5916), hits: 0) err=Could not find anchor: No matching instruction in range source ID: 5, lines: 134..137, bytes: 5810..5916
2026-09-24T11:28:02.957329Z  WARN foundry_evm_coverage::anchors: could not find anchor item=Line (location: (source ID: 5, lines: 135..136, bytes: 5880..5909), hits: 0) err=Could not find anchor: No matching instruction in range source ID: 5, lines: 135..136, bytes: 5880..5909
2026-09-24T11:28:02.957282Z  WARN foundry_evm_coverage::anchors: could not find anchor item=Statement (location: (source ID: 5, lines: 207..208, bytes: 8613..8696), hits: 0) err=Could not find anchor: No matching instruction in range source ID: 5, lines: 207..208, bytes: 8613..8696
2026-09-24T11:28:02.957344Z  WARN foundry_evm_coverage::anchors: could not find anchor item=Statement (location: (source ID: 5, lines: 207..208, bytes: 8645..8696), hits: 0) err=Could not find anchor: No matching instruction in range source ID: 5, lines: 207..208, bytes: 8645..8696
2026-09-24T11:28:02.957335Z  WARN foundry_evm_coverage::anchors: could not find anchor item=Statement (location: (source ID: 5, lines: 135..136, bytes: 5880..5909), hits: 0) err=Could not find anchor: No matching instruction in range source ID: 5, lines: 135..136, bytes: 5880..5909
2026-09-24T11:28:02.957357Z  WARN foundry_evm_coverage::anchors: could not find anchor item=Line (location: (source ID: 5, lines: 138..141, bytes: 5922..6047), hits: 0) err=Could not find anchor: No matching instruction in range source ID: 5, lines: 138..141, bytes: 5922..6047
2026-09-24T11:28:02.957364Z  WARN foundry_evm_coverage::anchors: could not find anchor item=Function "_validateLanes" (location: (source ID: 5, lines: 138..141, bytes: 5922..6047), hits: 0) err=Could not find anchor: No matching instruction in range source ID: 5, lines: 138..141, bytes: 5922..6047
2026-09-24T11:28:02.957310Z  WARN foundry_evm_coverage::anchors: could not find anchor item=Statement (location: (source ID: 11, lines: 108..109, bytes: 4396..4424), hits: 0) err=Could not find anchor: No matching instruction in range source ID: 11, lines: 108..109, bytes: 4396..4424
2026-09-24T11:28:02.957369Z  WARN foundry_evm_coverage::anchors: could not find anchor item=Line (location: (source ID: 5, lines: 139..140, bytes: 5986..5996), hits: 0) err=Could not find anchor: No matching instruction in range source ID: 5, lines: 139..140, bytes: 5986..5996
2026-09-24T11:28:02.957350Z  WARN foundry_evm_coverage::anchors: could not find anchor item=Line (location: (source ID: 5, lines: 209..210, bytes: 8723..8755), hits: 0) err=Could not find anchor: No matching instruction in range source ID: 5, lines: 209..210, bytes: 8723..8755
2026-09-24T11:28:02.957398Z  WARN foundry_evm_coverage::anchors: could not find anchor item=Statement (location: (source ID: 5, lines: 209..210, bytes: 8723..8755), hits: 0) err=Could not find anchor: No matching instruction in range source ID: 5, lines: 209..210, bytes: 8723..8755
2026-09-24T11:28:02.957383Z  WARN foundry_evm_coverage::anchors: could not find anchor item=Statement (location: (source ID: 11, lines: 108..109, bytes: 4426..4432), hits: 0) err=Could not find anchor: No matching instruction in range source ID: 11, lines: 108..109, bytes: 4426..4432
2026-09-24T11:28:02.957404Z  WARN foundry_evm_coverage::anchors: could not find anchor item=Statement (location: (source ID: 5, lines: 209..210, bytes: 8759..8793), hits: 0) err=Could not find anchor: No matching instruction in range source ID: 5, lines: 209..210, bytes: 8759..8793
2026-09-24T11:28:02.957418Z  WARN foundry_evm_coverage::anchors: could not find anchor item=Branch (branch: 6, path: 0) (location: (source ID: 11, lines: 108..109, bytes: 4426..4432), hits: 0) err=Could not find anchor: No matching instruction in range source ID: 11, lines: 108..109, bytes: 4426..4432
2026-09-24T11:28:02.957420Z  WARN foundry_evm_coverage::anchors: could not find anchor item=Statement (location: (source ID: 5, lines: 209..210, bytes: 8797..8815), hits: 0) err=Could not find anchor: No matching instruction in range source ID: 5, lines: 209..210, bytes: 8797..8815
2026-09-24T11:28:02.957432Z  WARN foundry_evm_coverage::anchors: could not find anchor item=Line (location: (source ID: 11, lines: 109..110, bytes: 4442..4483), hits: 0) err=Could not find anchor: No matching instruction in range source ID: 11, lines: 109..110, bytes: 4442..4483
2026-09-24T11:28:02.957433Z  WARN foundry_evm_coverage::anchors: could not find anchor item=Statement (location: (source ID: 5, lines: 209..213, bytes: 8723..9057), hits: 0) err=Could not find anchor: No matching instruction in range source ID: 5, lines: 209..213, bytes: 8723..9057
2026-09-24T11:28:02.957389Z  WARN foundry_evm_coverage::anchors: could not find anchor item=Statement (location: (source ID: 5, lines: 139..140, bytes: 5986..5996), hits: 0) err=Could not find anchor: No matching instruction in range source ID: 5, lines: 139..140, bytes: 5986..5996
2026-09-24T11:28:02.957484Z  WARN foundry_evm_coverage::anchors: could not find anchor item=Statement (location: (source ID: 5, lines: 139..140, bytes: 5986..6009), hits: 0) err=Could not find anchor: No matching instruction in range source ID: 5, lines: 139..140, bytes: 5986..6009
2026-09-24T11:28:02.957469Z  WARN foundry_evm_coverage::anchors: could not find anchor item=Statement (location: (source ID: 11, lines: 109..110, bytes: 4442..4483), hits: 0) err=Could not find anchor: No matching instruction in range source ID: 11, lines: 109..110, bytes: 4442..4483
2026-09-24T11:28:02.957490Z  WARN foundry_evm_coverage::anchors: could not find anchor item=Statement (location: (source ID: 5, lines: 139..140, bytes: 6000..6009), hits: 0) err=Could not find anchor: No matching instruction in range source ID: 5, lines: 139..140, bytes: 6000..6009
2026-09-24T11:28:02.957503Z  WARN foundry_evm_coverage::anchors: could not find anchor item=Statement (location: (source ID: 11, lines: 109..110, bytes: 4458..4483), hits: 0) err=Could not find anchor: No matching instruction in range source ID: 11, lines: 109..110, bytes: 4458..4483
2026-09-24T11:28:02.957505Z  WARN foundry_evm_coverage::anchors: could not find anchor item=Statement (location: (source ID: 5, lines: 139..140, bytes: 6011..6040), hits: 0) err=Could not find anchor: No matching instruction in range source ID: 5, lines: 139..140, bytes: 6011..6040
2026-09-24T11:28:02.957517Z  WARN foundry_evm_coverage::anchors: could not find anchor item=Line (location: (source ID: 11, lines: 110..115, bytes: 4514..4682), hits: 0) err=Could not find anchor: No matching instruction in range source ID: 11, lines: 110..115, bytes: 4514..4682
2026-09-24T11:28:02.957519Z  WARN foundry_evm_coverage::anchors: could not find anchor item=Branch (branch: 8, path: 0) (location: (source ID: 5, lines: 139..140, bytes: 6011..6040), hits: 0) err=Could not find anchor: No matching instruction in range source ID: 5, lines: 139..140, bytes: 6011..6040
2026-09-24T11:28:02.957531Z  WARN foundry_evm_coverage::anchors: could not find anchor item=Branch (branch: 7, path: 0) (location: (source ID: 11, lines: 110..115, bytes: 4514..4682), hits: 0) err=Could not find anchor: No matching instruction in range source ID: 11, lines: 110..115, bytes: 4514..4682
2026-09-24T11:28:02.957533Z  WARN foundry_evm_coverage::anchors: could not find anchor item=Line (location: (source ID: 5, lines: 142..145, bytes: 6053..6150), hits: 0) err=Could not find anchor: No matching instruction in range source ID: 5, lines: 142..145, bytes: 6053..6150
2026-09-24T11:28:02.957544Z  WARN foundry_evm_coverage::anchors: could not find anchor item=Line (location: (source ID: 11, lines: 111..112, bytes: 4528..4593), hits: 0) err=Could not find anchor: No matching instruction in range source ID: 11, lines: 111..112, bytes: 4528..4593
2026-09-24T11:28:02.957546Z  WARN foundry_evm_coverage::anchors: could not find anchor item=Function "messageFee" (location: (source ID: 5, lines: 142..145, bytes: 6053..6150), hits: 0) err=Could not find anchor: No matching instruction in range source ID: 5, lines: 142..145, bytes: 6053..6150
2026-09-24T11:28:02.957558Z  WARN foundry_evm_coverage::anchors: could not find anchor item=Statement (location: (source ID: 11, lines: 111..112, bytes: 4528..4593), hits: 0) err=Could not find anchor: No matching instruction in range source ID: 11, lines: 111..112, bytes: 4528..4593
2026-09-24T11:28:02.957561Z  WARN foundry_evm_coverage::anchors: could not find anchor item=Line (location: (source ID: 5, lines: 143..144, bytes: 6115..6143), hits: 0) err=Could not find anchor: No matching instruction in range source ID: 5, lines: 143..144, bytes: 6115..6143
2026-09-24T11:28:02.957597Z  WARN foundry_evm_coverage::anchors: could not find anchor item=Statement (location: (source ID: 5, lines: 143..144, bytes: 6115..6143), hits: 0) err=Could not find anchor: No matching instruction in range source ID: 5, lines: 143..144, bytes: 6115..6143
2026-09-24T11:28:02.957475Z  WARN foundry_evm_coverage::anchors: could not find anchor item=Statement (location: (source ID: 5, lines: 209..213, bytes: 8759..9057), hits: 0) err=Could not find anchor: No matching instruction in range source ID: 5, lines: 209..213, bytes: 8759..9057
2026-09-24T11:28:02.957612Z  WARN foundry_evm_coverage::anchors: could not find anchor item=Statement (location: (source ID: 5, lines: 209..213, bytes: 8797..9057), hits: 0) err=Could not find anchor: No matching instruction in range source ID: 5, lines: 209..213, bytes: 8797..9057
2026-09-24T11:28:02.957603Z  WARN foundry_evm_coverage::anchors: could not find anchor item=Statement (location: (source ID: 5, lines: 143..144, bytes: 6122..6143), hits: 0) err=Could not find anchor: No matching instruction in range source ID: 5, lines: 143..144, bytes: 6122..6143
2026-09-24T11:28:02.957618Z  WARN foundry_evm_coverage::anchors: could not find anchor item=Line (location: (source ID: 5, lines: 210..211, bytes: 8835..8869), hits: 0) err=Could not find anchor: No matching instruction in range source ID: 5, lines: 210..211, bytes: 8835..8869
2026-09-24T11:28:02.957632Z  WARN foundry_evm_coverage::anchors: could not find anchor item=Statement (location: (source ID: 5, lines: 210..211, bytes: 8835..8869), hits: 0) err=Could not find anchor: No matching instruction in range source ID: 5, lines: 210..211, bytes: 8835..8869
2026-09-24T11:28:02.957590Z  WARN foundry_evm_coverage::anchors: could not find anchor item=Line (location: (source ID: 11, lines: 112..113, bytes: 4607..4651), hits: 0) err=Could not find anchor: No matching instruction in range source ID: 11, lines: 112..113, bytes: 4607..4651
2026-09-24T11:28:02.957638Z  WARN foundry_evm_coverage::anchors: could not find anchor item=Statement (location: (source ID: 5, lines: 210..211, bytes: 8873..8915), hits: 0) err=Could not find anchor: No matching instruction in range source ID: 5, lines: 210..211, bytes: 8873..8915
2026-09-24T11:28:02.957658Z  WARN foundry_evm_coverage::anchors: could not find anchor item=Statement (location: (source ID: 5, lines: 210..213, bytes: 8835..9057), hits: 0) err=Could not find anchor: No matching instruction in range source ID: 5, lines: 210..213, bytes: 8835..9057
2026-09-24T11:28:02.957665Z  WARN foundry_evm_coverage::anchors: could not find anchor item=Statement (location: (source ID: 5, lines: 210..213, bytes: 8873..9057), hits: 0) err=Could not find anchor: No matching instruction in range source ID: 5, lines: 210..213, bytes: 8873..9057
2026-09-24T11:28:02.957671Z  WARN foundry_evm_coverage::anchors: could not find anchor item=Line (location: (source ID: 5, lines: 211..212, bytes: 8935..8975), hits: 0) err=Could not find anchor: No matching instruction in range source ID: 5, lines: 211..212, bytes: 8935..8975
2026-09-24T11:28:02.957624Z  WARN foundry_evm_coverage::anchors: could not find anchor item=Line (location: (source ID: 5, lines: 146..150, bytes: 6156..6332), hits: 0) err=Could not find anchor: No matching instruction in range source ID: 5, lines: 146..150, bytes: 6156..6332
2026-09-24T11:28:02.957684Z  WARN foundry_evm_coverage::anchors: could not find anchor item=Function "_checkChainAndPeer" (location: (source ID: 5, lines: 146..150, bytes: 6156..6332), hits: 0) err=Could not find anchor: No matching instruction in range source ID: 5, lines: 146..150, bytes: 6156..6332
2026-09-24T11:28:02.957676Z  WARN foundry_evm_coverage::anchors: could not find anchor item=Statement (location: (source ID: 5, lines: 211..212, bytes: 8935..8975), hits: 0) err=Could not find anchor: No matching instruction in range source ID: 5, lines: 211..212, bytes: 8935..8975
2026-09-24T11:28:02.957709Z  WARN foundry_evm_coverage::anchors: could not find anchor item=Statement (location: (source ID: 5, lines: 211..212, bytes: 8979..9015), hits: 0) err=Could not find anchor: No matching instruction in range source ID: 5, lines: 211..212, bytes: 8979..9015
2026-09-24T11:28:02.957690Z  WARN foundry_evm_coverage::anchors: could not find anchor item=Line (location: (source ID: 5, lines: 147..148, bytes: 6214..6248), hits: 0) err=Could not find anchor: No matching instruction in range source ID: 5, lines: 147..148, bytes: 6214..6248
2026-09-24T11:28:02.957724Z  WARN foundry_evm_coverage::anchors: could not find anchor item=Statement (location: (source ID: 5, lines: 147..148, bytes: 6214..6248), hits: 0) err=Could not find anchor: No matching instruction in range source ID: 5, lines: 147..148, bytes: 6214..6248
2026-09-24T11:28:02.957716Z  WARN foundry_evm_coverage::anchors: could not find anchor item=Statement (location: (source ID: 5, lines: 211..213, bytes: 8935..9057), hits: 0) err=Could not find anchor: No matching instruction in range source ID: 5, lines: 211..213, bytes: 8935..9057
2026-09-24T11:28:02.957730Z  WARN foundry_evm_coverage::anchors: could not find anchor item=Statement (location: (source ID: 5, lines: 147..148, bytes: 6250..6272), hits: 0) err=Could not find anchor: No matching instruction in range source ID: 5, lines: 147..148, bytes: 6250..6272
2026-09-24T11:28:02.957744Z  WARN foundry_evm_coverage::anchors: could not find anchor item=Branch (branch: 9, path: 0) (location: (source ID: 5, lines: 147..148, bytes: 6250..6272), hits: 0) err=Could not find anchor: No matching instruction in range source ID: 5, lines: 147..148, bytes: 6250..6272
2026-09-24T11:28:02.957652Z  WARN foundry_evm_coverage::anchors: could not find anchor item=Statement (location: (source ID: 11, lines: 112..113, bytes: 4607..4651), hits: 0) err=Could not find anchor: No matching instruction in range source ID: 11, lines: 112..113, bytes: 4607..4651
2026-09-24T11:28:02.957750Z  WARN foundry_evm_coverage::anchors: could not find anchor item=Line (location: (source ID: 5, lines: 148..149, bytes: 6286..6304), hits: 0) err=Could not find anchor: No matching instruction in range source ID: 5, lines: 148..149, bytes: 6286..6304
2026-09-24T11:28:02.957772Z  WARN foundry_evm_coverage::anchors: could not find anchor item=Statement (location: (source ID: 5, lines: 148..149, bytes: 6286..6304), hits: 0) err=Could not find anchor: No matching instruction in range source ID: 5, lines: 148..149, bytes: 6286..6304
2026-09-24T11:28:02.957737Z  WARN foundry_evm_coverage::anchors: could not find anchor item=Statement (location: (source ID: 5, lines: 211..213, bytes: 8979..9057), hits: 0) err=Could not find anchor: No matching instruction in range source ID: 5, lines: 211..213, bytes: 8979..9057
2026-09-24T11:28:02.957786Z  WARN foundry_evm_coverage::anchors: could not find anchor item=Line (location: (source ID: 5, lines: 212..213, bytes: 9035..9057), hits: 0) err=Could not find anchor: No matching instruction in range source ID: 5, lines: 212..213, bytes: 9035..9057
2026-09-24T11:28:02.957777Z  WARN foundry_evm_coverage::anchors: could not find anchor item=Statement (location: (source ID: 5, lines: 148..149, bytes: 6306..6325), hits: 0) err=Could not find anchor: No matching instruction in range source ID: 5, lines: 148..149, bytes: 6306..6325
2026-09-24T11:28:02.957792Z  WARN foundry_evm_coverage::anchors: could not find anchor item=Statement (location: (source ID: 5, lines: 212..213, bytes: 9035..9057), hits: 0) err=Could not find anchor: No matching instruction in range source ID: 5, lines: 212..213, bytes: 9035..9057
2026-09-24T11:28:02.957808Z  WARN foundry_evm_coverage::anchors: could not find anchor item=Line (location: (source ID: 5, lines: 213..214, bytes: 9068..9091), hits: 0) err=Could not find anchor: No matching instruction in range source ID: 5, lines: 213..214, bytes: 9068..9091
2026-09-24T11:28:02.957827Z  WARN foundry_evm_coverage::anchors: could not find anchor item=Statement (location: (source ID: 5, lines: 213..214, bytes: 9068..9091), hits: 0) err=Could not find anchor: No matching instruction in range source ID: 5, lines: 213..214, bytes: 9068..9091
2026-09-24T11:28:02.957800Z  WARN foundry_evm_coverage::anchors: could not find anchor item=Branch (branch: 10, path: 0) (location: (source ID: 5, lines: 148..149, bytes: 6306..6325), hits: 0) err=Could not find anchor: No matching instruction in range source ID: 5, lines: 148..149, bytes: 6306..6325
2026-09-24T11:28:02.957834Z  WARN foundry_evm_coverage::anchors: could not find anchor item=Branch (branch: 20, path: 0) (location: (source ID: 5, lines: 213..214, bytes: 9068..9091), hits: 0) err=Could not find anchor: No matching instruction in range source ID: 5, lines: 213..214, bytes: 9068..9091
2026-09-24T11:28:02.957848Z  WARN foundry_evm_coverage::anchors: could not find anchor item=Line (location: (source ID: 5, lines: 214..215, bytes: 9101..9128), hits: 0) err=Could not find anchor: No matching instruction in range source ID: 5, lines: 214..215, bytes: 9101..9128
2026-09-24T11:28:02.957764Z  WARN foundry_evm_coverage::anchors: could not find anchor item=Line (location: (source ID: 11, lines: 113..114, bytes: 4665..4671), hits: 0) err=Could not find anchor: No matching instruction in range source ID: 11, lines: 113..114, bytes: 4665..4671
2026-09-24T11:28:02.957854Z  WARN foundry_evm_coverage::anchors: could not find anchor item=Statement (location: (source ID: 5, lines: 214..215, bytes: 9101..9128), hits: 0) err=Could not find anchor: No matching instruction in range source ID: 5, lines: 214..215, bytes: 9101..9128
2026-09-24T11:28:02.957874Z  WARN foundry_evm_coverage::anchors: could not find anchor item=Line (location: (source ID: 5, lines: 215..216, bytes: 9138..9188), hits: 0) err=Could not find anchor: No matching instruction in range source ID: 5, lines: 215..216, bytes: 9138..9188
2026-09-24T11:28:02.957880Z  WARN foundry_evm_coverage::anchors: could not find anchor item=Statement (location: (source ID: 5, lines: 215..216, bytes: 9138..9188), hits: 0) err=Could not find anchor: No matching instruction in range source ID: 5, lines: 215..216, bytes: 9138..9188
2026-09-24T11:28:02.957868Z  WARN foundry_evm_coverage::anchors: could not find anchor item=Statement (location: (source ID: 11, lines: 113..114, bytes: 4665..4671), hits: 0) err=Could not find anchor: No matching instruction in range source ID: 11, lines: 113..114, bytes: 4665..4671
2026-09-24T11:28:02.957886Z  WARN foundry_evm_coverage::anchors: could not find anchor item=Line (location: (source ID: 5, lines: 218..230, bytes: 9201..9823), hits: 0) err=Could not find anchor: No matching instruction in range source ID: 5, lines: 218..230, bytes: 9201..9823
2026-09-24T11:28:02.957841Z  WARN foundry_evm_coverage::anchors: could not find anchor item=Line (location: (source ID: 5, lines: 151..155, bytes: 6338..6483), hits: 0) err=Could not find anchor: No matching instruction in range source ID: 5, lines: 151..155, bytes: 6338..6483
2026-09-24T11:28:02.957914Z  WARN foundry_evm_coverage::anchors: could not find anchor item=Function "_checkLane" (location: (source ID: 5, lines: 151..155, bytes: 6338..6483), hits: 0) err=Could not find anchor: No matching instruction in range source ID: 5, lines: 151..155, bytes: 6338..6483
2026-09-24T11:28:02.957900Z  WARN foundry_evm_coverage::anchors: could not find anchor item=Line (location: (source ID: 11, lines: 115..116, bytes: 4691..4735), hits: 0) err=Could not find anchor: No matching instruction in range source ID: 11, lines: 115..116, bytes: 4691..4735
2026-09-24T11:28:02.957920Z  WARN foundry_evm_coverage::anchors: could not find anchor item=Line (location: (source ID: 5, lines: 152..153, bytes: 6394..6414), hits: 0) err=Could not find anchor: No matching instruction in range source ID: 5, lines: 152..153, bytes: 6394..6414
2026-09-24T11:28:02.957933Z  WARN foundry_evm_coverage::anchors: could not find anchor item=Statement (location: (source ID: 11, lines: 115..116, bytes: 4691..4735), hits: 0) err=Could not find anchor: No matching instruction in range source ID: 11, lines: 115..116, bytes: 4691..4735
2026-09-24T11:28:02.957934Z  WARN foundry_evm_coverage::anchors: could not find anchor item=Statement (location: (source ID: 5, lines: 152..153, bytes: 6394..6414), hits: 0) err=Could not find anchor: No matching instruction in range source ID: 5, lines: 152..153, bytes: 6394..6414
2026-09-24T11:28:02.957961Z  WARN foundry_evm_coverage::anchors: could not find anchor item=Line (location: (source ID: 5, lines: 153..154, bytes: 6428..6446), hits: 0) err=Could not find anchor: No matching instruction in range source ID: 5, lines: 153..154, bytes: 6428..6446
2026-09-24T11:28:02.957906Z  WARN foundry_evm_coverage::anchors: could not find anchor item=Function "_consume" (location: (source ID: 5, lines: 218..230, bytes: 9201..9823), hits: 0) err=Could not find anchor: No matching instruction in range source ID: 5, lines: 218..230, bytes: 9201..9823
2026-09-24T11:28:02.957975Z  WARN foundry_evm_coverage::anchors: could not find anchor item=Line (location: (source ID: 5, lines: 222..223, bytes: 9375..9406), hits: 0) err=Could not find anchor: No matching instruction in range source ID: 5, lines: 222..223, bytes: 9375..9406
2026-09-24T11:28:02.957967Z  WARN foundry_evm_coverage::anchors: could not find anchor item=Statement (location: (source ID: 5, lines: 153..154, bytes: 6428..6446), hits: 0) err=Could not find anchor: No matching instruction in range source ID: 5, lines: 153..154, bytes: 6428..6446
2026-09-24T11:28:02.957981Z  WARN foundry_evm_coverage::anchors: could not find anchor item=Statement (location: (source ID: 5, lines: 222..223, bytes: 9375..9406), hits: 0) err=Could not find anchor: No matching instruction in range source ID: 5, lines: 222..223, bytes: 9375..9406
2026-09-24T11:28:02.957995Z  WARN foundry_evm_coverage::anchors: could not find anchor item=Line (location: (source ID: 5, lines: 223..224, bytes: 9416..9507), hits: 0) err=Could not find anchor: No matching instruction in range source ID: 5, lines: 223..224, bytes: 9416..9507
2026-09-24T11:28:02.957954Z  WARN foundry_evm_coverage::anchors: could not find anchor item=Line (location: (source ID: 11, lines: 116..117, bytes: 4745..4767), hits: 0) err=Could not find anchor: No matching instruction in range source ID: 11, lines: 116..117, bytes: 4745..4767
2026-09-24T11:28:02.958001Z  WARN foundry_evm_coverage::anchors: could not find anchor item=Statement (location: (source ID: 5, lines: 223..224, bytes: 9416..9507), hits: 0) err=Could not find anchor: No matching instruction in range source ID: 5, lines: 223..224, bytes: 9416..9507
2026-09-24T11:28:02.957987Z  WARN foundry_evm_coverage::anchors: could not find anchor item=Statement (location: (source ID: 5, lines: 153..154, bytes: 6428..6451), hits: 0) err=Could not find anchor: No matching instruction in range source ID: 5, lines: 153..154, bytes: 6428..6451
2026-09-24T11:28:02.958029Z  WARN foundry_evm_coverage::anchors: could not find anchor item=Statement (location: (source ID: 5, lines: 153..154, bytes: 6453..6476), hits: 0) err=Could not find anchor: No matching instruction in range source ID: 5, lines: 153..154, bytes: 6453..6476
2026-09-24T11:28:02.958015Z  WARN foundry_evm_coverage::anchors: could not find anchor item=Statement (location: (source ID: 11, lines: 116..117, bytes: 4745..4767), hits: 0) err=Could not find anchor: No matching instruction in range source ID: 11, lines: 116..117, bytes: 4745..4767
2026-09-24T11:28:02.958034Z  WARN foundry_evm_coverage::anchors: could not find anchor item=Branch (branch: 11, path: 0) (location: (source ID: 5, lines: 153..154, bytes: 6453..6476), hits: 0) err=Could not find anchor: No matching instruction in range source ID: 5, lines: 153..154, bytes: 6453..6476
2026-09-24T11:28:02.958054Z  WARN foundry_evm_coverage::anchors: could not find anchor item=Line (location: (source ID: 5, lines: 156..164, bytes: 6489..6874), hits: 0) err=Could not find anchor: No matching instruction in range source ID: 5, lines: 156..164, bytes: 6489..6874
2026-09-24T11:28:02.958075Z  WARN foundry_evm_coverage::anchors: could not find anchor item=Function "_checkOutbound" (location: (source ID: 5, lines: 156..164, bytes: 6489..6874), hits: 0) err=Could not find anchor: No matching instruction in range source ID: 5, lines: 156..164, bytes: 6489..6874
2026-09-24T11:28:02.958048Z  WARN foundry_evm_coverage::anchors: could not find anchor item=Line (location: (source ID: 11, lines: 117..118, bytes: 4777..4819), hits: 0) err=Could not find anchor: No matching instruction in range source ID: 11, lines: 117..118, bytes: 4777..4819
2026-09-24T11:28:02.958081Z  WARN foundry_evm_coverage::anchors: could not find anchor item=Line (location: (source ID: 5, lines: 157..158, bytes: 6567..6587), hits: 0) err=Could not find anchor: No matching instruction in range source ID: 5, lines: 157..158, bytes: 6567..6587
2026-09-24T11:28:02.958094Z  WARN foundry_evm_coverage::anchors: could not find anchor item=Statement (location: (source ID: 11, lines: 117..118, bytes: 4777..4819), hits: 0) err=Could not find anchor: No matching instruction in range source ID: 11, lines: 117..118, bytes: 4777..4819
2026-09-24T11:28:02.958096Z  WARN foundry_evm_coverage::anchors: could not find anchor item=Statement (location: (source ID: 5, lines: 157..158, bytes: 6567..6587), hits: 0) err=Could not find anchor: No matching instruction in range source ID: 5, lines: 157..158, bytes: 6567..6587
2026-09-24T11:28:02.958115Z  WARN foundry_evm_coverage::anchors: could not find anchor item=Line (location: (source ID: 5, lines: 158..159, bytes: 6601..6612), hits: 0) err=Could not find anchor: No matching instruction in range source ID: 5, lines: 158..159, bytes: 6601..6612
2026-09-24T11:28:02.958021Z  WARN foundry_evm_coverage::anchors: could not find anchor item=Line (location: (source ID: 5, lines: 224..225, bytes: 9517..9581), hits: 0) err=Could not find anchor: No matching instruction in range source ID: 5, lines: 224..225, bytes: 9517..9581
2026-09-24T11:28:02.958129Z  WARN foundry_evm_coverage::anchors: could not find anchor item=Statement (location: (source ID: 5, lines: 224..225, bytes: 9517..9581), hits: 0) err=Could not find anchor: No matching instruction in range source ID: 5, lines: 224..225, bytes: 9517..9581
2026-09-24T11:28:02.958121Z  WARN foundry_evm_coverage::anchors: could not find anchor item=Statement (location: (source ID: 5, lines: 158..159, bytes: 6601..6612), hits: 0) err=Could not find anchor: No matching instruction in range source ID: 5, lines: 158..159, bytes: 6601..6612
2026-09-24T11:28:02.958135Z  WARN foundry_evm_coverage::anchors: could not find anchor item=Line (location: (source ID: 5, lines: 225..226, bytes: 9595..9627), hits: 0) err=Could not find anchor: No matching instruction in range source ID: 5, lines: 225..226, bytes: 9595..9627
2026-09-24T11:28:02.958150Z  WARN foundry_evm_coverage::anchors: could not find anchor item=Statement (location: (source ID: 5, lines: 225..226, bytes: 9595..9627), hits: 0) err=Could not find anchor: No matching instruction in range source ID: 5, lines: 225..226, bytes: 9595..9627
2026-09-24T11:28:02.958108Z  WARN foundry_evm_coverage::anchors: could not find anchor item=Line (location: (source ID: 11, lines: 118..119, bytes: 4829..4873), hits: 0) err=Could not find anchor: No matching instruction in range source ID: 11, lines: 118..119, bytes: 4829..4873
2026-09-24T11:28:02.958156Z  WARN foundry_evm_coverage::anchors: could not find anchor item=Statement (location: (source ID: 5, lines: 225..226, bytes: 9595..9690), hits: 0) err=Could not find anchor: No matching instruction in range source ID: 5, lines: 225..226, bytes: 9595..9690
2026-09-24T11:28:02.958176Z  WARN foundry_evm_coverage::anchors: could not find anchor item=Statement (location: (source ID: 5, lines: 225..226, bytes: 9631..9666), hits: 0) err=Could not find anchor: No matching instruction in range source ID: 5, lines: 225..226, bytes: 9631..9666
2026-09-24T11:28:02.958191Z  WARN foundry_evm_coverage::anchors: could not find anchor item=Statement (location: (source ID: 5, lines: 225..226, bytes: 9631..9690), hits: 0) err=Could not find anchor: No matching instruction in range source ID: 5, lines: 225..226, bytes: 9631..9690
2026-09-24T11:28:02.958169Z  WARN foundry_evm_coverage::anchors: could not find anchor item=Statement (location: (source ID: 11, lines: 118..119, bytes: 4829..4873), hits: 0) err=Could not find anchor: No matching instruction in range source ID: 11, lines: 118..119, bytes: 4829..4873
2026-09-24T11:28:02.958197Z  WARN foundry_evm_coverage::anchors: could not find anchor item=Statement (location: (source ID: 5, lines: 225..226, bytes: 9670..9690), hits: 0) err=Could not find anchor: No matching instruction in range source ID: 5, lines: 225..226, bytes: 9670..9690
2026-09-24T11:28:02.958142Z  WARN foundry_evm_coverage::anchors: could not find anchor item=Statement (location: (source ID: 5, lines: 158..159, bytes: 6601..6688), hits: 0) err=Could not find anchor: No matching instruction in range source ID: 5, lines: 158..159, bytes: 6601..6688
2026-09-24T11:28:02.958225Z  WARN foundry_evm_coverage::anchors: could not find anchor item=Statement (location: (source ID: 5, lines: 158..159, bytes: 6616..6639), hits: 0) err=Could not find anchor: No matching instruction in range source ID: 5, lines: 158..159, bytes: 6616..6639
2026-09-24T11:28:02.958211Z  WARN foundry_evm_coverage::anchors: could not find anchor item=Line (location: (source ID: 11, lines: 121..124, bytes: 4886..4990), hits: 0) err=Could not find anchor: No matching instruction in range source ID: 11, lines: 121..124, bytes: 4886..4990
2026-09-24T11:28:02.958231Z  WARN foundry_evm_coverage::anchors: could not find anchor item=Statement (location: (source ID: 5, lines: 158..159, bytes: 6616..6688), hits: 0) err=Could not find anchor: No matching instruction in range source ID: 5, lines: 158..159, bytes: 6616..6688
2026-09-24T11:28:02.958251Z  WARN foundry_evm_coverage::anchors: could not find anchor item=Statement (location: (source ID: 5, lines: 158..159, bytes: 6643..6660), hits: 0) err=Could not find anchor: No matching instruction in range source ID: 5, lines: 158..159, bytes: 6643..6660
2026-09-24T11:28:02.958217Z  WARN foundry_evm_coverage::anchors: could not find anchor item=Branch (branch: 21, path: 0) (location: (source ID: 5, lines: 225..228, bytes: 9692..9740), hits: 0) err=Could not find anchor: No matching instruction in range source ID: 5, lines: 225..228, bytes: 9692..9740
2026-09-24T11:28:02.958265Z  WARN foundry_evm_coverage::anchors: could not find anchor item=Line (location: (source ID: 5, lines: 226..227, bytes: 9706..9729), hits: 0) err=Could not find anchor: No matching instruction in range source ID: 5, lines: 226..227, bytes: 9706..9729
2026-09-24T11:28:02.958257Z  WARN foundry_evm_coverage::anchors: could not find anchor item=Statement (location: (source ID: 5, lines: 158..159, bytes: 6643..6688), hits: 0) err=Could not find anchor: No matching instruction in range source ID: 5, lines: 158..159, bytes: 6643..6688
2026-09-24T11:28:02.958278Z  WARN foundry_evm_coverage::anchors: could not find anchor item=Statement (location: (source ID: 5, lines: 158..159, bytes: 6664..6688), hits: 0) err=Could not find anchor: No matching instruction in range source ID: 5, lines: 158..159, bytes: 6664..6688
2026-09-24T11:28:02.958271Z  WARN foundry_evm_coverage::anchors: could not find anchor item=Statement (location: (source ID: 5, lines: 226..227, bytes: 9706..9729), hits: 0) err=Could not find anchor: No matching instruction in range source ID: 5, lines: 226..227, bytes: 9706..9729
2026-09-24T11:28:02.958292Z  WARN foundry_evm_coverage::anchors: could not find anchor item=Line (location: (source ID: 5, lines: 228..229, bytes: 9753..9789), hits: 0) err=Could not find anchor: No matching instruction in range source ID: 5, lines: 228..229, bytes: 9753..9789
2026-09-24T11:28:02.958284Z  WARN foundry_evm_coverage::anchors: could not find anchor item=Branch (branch: 12, path: 0) (location: (source ID: 5, lines: 158..161, bytes: 6690..6738), hits: 0) err=Could not find anchor: No matching instruction in range source ID: 5, lines: 158..161, bytes: 6690..6738
2026-09-24T11:28:02.958315Z  WARN foundry_evm_coverage::anchors: could not find anchor item=Line (location: (source ID: 5, lines: 159..160, bytes: 6704..6727), hits: 0) err=Could not find anchor: No matching instruction in range source ID: 5, lines: 159..160, bytes: 6704..6727
2026-09-24T11:28:02.958298Z  WARN foundry_evm_coverage::anchors: could not find anchor item=Statement (location: (source ID: 5, lines: 228..229, bytes: 9753..9789), hits: 0) err=Could not find anchor: No matching instruction in range source ID: 5, lines: 228..229, bytes: 9753..9789
2026-09-24T11:28:02.958321Z  WARN foundry_evm_coverage::anchors: could not find anchor item=Statement (location: (source ID: 5, lines: 159..160, bytes: 6704..6727), hits: 0) err=Could not find anchor: No matching instruction in range source ID: 5, lines: 159..160, bytes: 6704..6727
2026-09-24T11:28:02.958336Z  WARN foundry_evm_coverage::anchors: could not find anchor item=Line (location: (source ID: 5, lines: 161..162, bytes: 6751..6771), hits: 0) err=Could not find anchor: No matching instruction in range source ID: 5, lines: 161..162, bytes: 6751..6771
2026-09-24T11:28:02.958244Z  WARN foundry_evm_coverage::anchors: could not find anchor item=Function "_min" (location: (source ID: 11, lines: 121..124, bytes: 4886..4990), hits: 0) err=Could not find anchor: No matching instruction in range source ID: 11, lines: 121..124, bytes: 4886..4990
2026-09-24T11:28:02.958341Z  WARN foundry_evm_coverage::anchors: could not find anchor item=Statement (location: (source ID: 5, lines: 161..162, bytes: 6751..6771), hits: 0) err=Could not find anchor: No matching instruction in range source ID: 5, lines: 161..162, bytes: 6751..6771
2026-09-24T11:28:02.958362Z  WARN foundry_evm_coverage::anchors: could not find anchor item=Statement (location: (source ID: 5, lines: 161..162, bytes: 6773..6798), hits: 0) err=Could not find anchor: No matching instruction in range source ID: 5, lines: 161..162, bytes: 6773..6798
2026-09-24T11:28:02.958328Z  WARN foundry_evm_coverage::anchors: could not find anchor item=Statement (location: (source ID: 5, lines: 228..229, bytes: 9791..9816), hits: 0) err=Could not find anchor: No matching instruction in range source ID: 5, lines: 228..229, bytes: 9791..9816
2026-09-24T11:28:02.958376Z  WARN foundry_evm_coverage::anchors: could not find anchor item=Branch (branch: 22, path: 0) (location: (source ID: 5, lines: 228..229, bytes: 9791..9816), hits: 0) err=Could not find anchor: No matching instruction in range source ID: 5, lines: 228..229, bytes: 9791..9816
2026-09-24T11:28:02.958367Z  WARN foundry_evm_coverage::anchors: could not find anchor item=Branch (branch: 13, path: 0) (location: (source ID: 5, lines: 161..162, bytes: 6773..6798), hits: 0) err=Could not find anchor: No matching instruction in range source ID: 5, lines: 161..162, bytes: 6773..6798
2026-09-24T11:28:02.958355Z  WARN foundry_evm_coverage::anchors: could not find anchor item=Line (location: (source ID: 11, lines: 122..123, bytes: 4963..4983), hits: 0) err=Could not find anchor: No matching instruction in range source ID: 11, lines: 122..123, bytes: 4963..4983
2026-09-24T11:28:02.958387Z  WARN foundry_evm_coverage::anchors: could not find anchor item=Line (location: (source ID: 5, lines: 162..163, bytes: 6812..6837), hits: 0) err=Could not find anchor: No matching instruction in range source ID: 5, lines: 162..163, bytes: 6812..6837
2026-09-24T11:28:02.958407Z  WARN foundry_evm_coverage::anchors: could not find anchor item=Statement (location: (source ID: 5, lines: 162..163, bytes: 6812..6837), hits: 0) err=Could not find anchor: No matching instruction in range source ID: 5, lines: 162..163, bytes: 6812..6837
2026-09-24T11:28:02.958392Z  WARN foundry_evm_coverage::anchors: could not find anchor item=Line (location: (source ID: 3, lines: 16..29, bytes: 645..1050), hits: 0) err=Could not find anchor: No matching instruction in range source ID: 3, lines: 16..29, bytes: 645..1050
2026-09-24T11:28:02.958413Z  WARN foundry_evm_coverage::anchors: could not find anchor item=Statement (location: (source ID: 5, lines: 162..163, bytes: 6825..6837), hits: 0) err=Could not find anchor: No matching instruction in range source ID: 5, lines: 162..163, bytes: 6825..6837
2026-09-24T11:28:02.958448Z  WARN foundry_evm_coverage::anchors: could not find anchor item=Statement (location: (source ID: 5, lines: 162..163, bytes: 6839..6867), hits: 0) err=Could not find anchor: No matching instruction in range source ID: 5, lines: 162..163, bytes: 6839..6867
2026-09-24T11:28:02.958401Z  WARN foundry_evm_coverage::anchors: could not find anchor item=Statement (location: (source ID: 11, lines: 122..123, bytes: 4963..4983), hits: 0) err=Could not find anchor: No matching instruction in range source ID: 11, lines: 122..123, bytes: 4963..4983
2026-09-24T11:28:02.958454Z  WARN foundry_evm_coverage::anchors: could not find anchor item=Branch (branch: 14, path: 0) (location: (source ID: 5, lines: 162..163, bytes: 6839..6867), hits: 0) err=Could not find anchor: No matching instruction in range source ID: 5, lines: 162..163, bytes: 6839..6867
2026-09-24T11:28:02.958474Z  WARN foundry_evm_coverage::anchors: could not find anchor item=Line (location: (source ID: 5, lines: 165..177, bytes: 6880..7250), hits: 0) err=Could not find anchor: No matching instruction in range source ID: 5, lines: 165..177, bytes: 6880..7250
2026-09-24T11:28:02.958440Z  WARN foundry_evm_coverage::anchors: could not find anchor item=Function "constructor" (location: (source ID: 3, lines: 16..29, bytes: 645..1050), hits: 0) err=Could not find anchor: No matching instruction in range source ID: 3, lines: 16..29, bytes: 645..1050
2026-09-24T11:28:02.958480Z  WARN foundry_evm_coverage::anchors: could not find anchor item=Function "_header" (location: (source ID: 5, lines: 165..177, bytes: 6880..7250), hits: 0) err=Could not find anchor: No matching instruction in range source ID: 5, lines: 165..177, bytes: 6880..7250
2026-09-24T11:28:02.958500Z  WARN foundry_evm_coverage::anchors: could not find anchor item=Line (location: (source ID: 5, lines: 166..176, bytes: 6988..7243), hits: 0) err=Could not find anchor: No matching instruction in range source ID: 5, lines: 166..176, bytes: 6988..7243
2026-09-24T11:28:02.958467Z  WARN foundry_evm_coverage::anchors: could not find anchor item=Statement (location: (source ID: 11, lines: 122..123, bytes: 4970..4983), hits: 0) err=Could not find anchor: No matching instruction in range source ID: 11, lines: 122..123, bytes: 4970..4983
2026-09-24T11:28:02.958506Z  WARN foundry_evm_coverage::anchors: could not find anchor item=Statement (location: (source ID: 5, lines: 166..176, bytes: 6988..7243), hits: 0) err=Could not find anchor: No matching instruction in range source ID: 5, lines: 166..176, bytes: 6988..7243
2026-09-24T11:28:02.958525Z  WARN foundry_evm_coverage::anchors: could not find anchor item=Statement (location: (source ID: 5, lines: 166..176, bytes: 6995..7243), hits: 0) err=Could not find anchor: No matching instruction in range source ID: 5, lines: 166..176, bytes: 6995..7243
2026-09-24T11:28:02.958491Z  WARN foundry_evm_coverage::anchors: could not find anchor item=Line (location: (source ID: 3, lines: 23..24, bytes: 835..860), hits: 0) err=Could not find anchor: No matching instruction in range source ID: 3, lines: 23..24, bytes: 835..860
2026-09-24T11:28:02.958531Z  WARN foundry_evm_coverage::anchors: could not find anchor item=Line (location: (source ID: 5, lines: 178..188, bytes: 7256..7598), hits: 0) err=Could not find anchor: No matching instruction in range source ID: 5, lines: 178..188, bytes: 7256..7598
2026-09-24T11:28:02.958546Z  WARN foundry_evm_coverage::anchors: could not find anchor item=Function "_publish" (location: (source ID: 5, lines: 178..188, bytes: 7256..7598), hits: 0) err=Could not find anchor: No matching instruction in range source ID: 5, lines: 178..188, bytes: 7256..7598
2026-09-24T11:28:02.958552Z  WARN foundry_evm_coverage::anchors: could not find anchor item=Line (location: (source ID: 5, lines: 182..187, bytes: 7394..7591), hits: 0) err=Could not find anchor: No matching instruction in range source ID: 5, lines: 182..187, bytes: 7394..7591
2026-09-24T11:28:02.958567Z  WARN foundry_evm_coverage::anchors: could not find anchor item=Statement (location: (source ID: 5, lines: 182..187, bytes: 7394..7591), hits: 0) err=Could not find anchor: No matching instruction in range source ID: 5, lines: 182..187, bytes: 7394..7591
2026-09-24T11:28:02.958519Z  WARN foundry_evm_coverage::anchors: could not find anchor item=Line (location: (source ID: 11, lines: 125..128, bytes: 4996..5106), hits: 0) err=Could not find anchor: No matching instruction in range source ID: 11, lines: 125..128, bytes: 4996..5106
2026-09-24T11:28:02.958573Z  WARN foundry_evm_coverage::anchors: could not find anchor item=Statement (location: (source ID: 5, lines: 182..187, bytes: 7401..7591), hits: 0) err=Could not find anchor: No matching instruction in range source ID: 5, lines: 182..187, bytes: 7401..7591
2026-09-24T11:28:02.958542Z  WARN foundry_evm_coverage::anchors: could not find anchor item=Statement (location: (source ID: 3, lines: 23..24, bytes: 835..860), hits: 0) err=Could not find anchor: No matching instruction in range source ID: 3, lines: 23..24, bytes: 835..860
2026-09-24T11:28:02.958605Z  WARN foundry_evm_coverage::anchors: could not find anchor item=Branch (branch: 0, path: 0) (location: (source ID: 3, lines: 23..26, bytes: 862..916), hits: 0) err=Could not find anchor: No matching instruction in range source ID: 3, lines: 23..26, bytes: 862..916
2026-09-24T11:28:02.958615Z  WARN foundry_evm_coverage::anchors: could not find anchor item=Line (location: (source ID: 3, lines: 24..25, bytes: 876..905), hits: 0) err=Could not find anchor: No matching instruction in range source ID: 3, lines: 24..25, bytes: 876..905
2026-09-24T11:28:02.958624Z  WARN foundry_evm_coverage::anchors: could not find anchor item=Statement (location: (source ID: 3, lines: 24..25, bytes: 876..905), hits: 0) err=Could not find anchor: No matching instruction in range source ID: 3, lines: 24..25, bytes: 876..905
2026-09-24T11:28:02.958633Z  WARN foundry_evm_coverage::anchors: could not find anchor item=Line (location: (source ID: 3, lines: 26..27, bytes: 925..950), hits: 0) err=Could not find anchor: No matching instruction in range source ID: 3, lines: 26..27, bytes: 925..950
2026-09-24T11:28:02.958643Z  WARN foundry_evm_coverage::anchors: could not find anchor item=Statement (location: (source ID: 3, lines: 26..27, bytes: 925..950), hits: 0) err=Could not find anchor: No matching instruction in range source ID: 3, lines: 26..27, bytes: 925..950
2026-09-24T11:28:02.958652Z  WARN foundry_evm_coverage::anchors: could not find anchor item=Line (location: (source ID: 3, lines: 27..28, bytes: 960..1043), hits: 0) err=Could not find anchor: No matching instruction in range source ID: 3, lines: 27..28, bytes: 960..1043
2026-09-24T11:28:02.958662Z  WARN foundry_evm_coverage::anchors: could not find anchor item=Statement (location: (source ID: 3, lines: 27..28, bytes: 960..1043), hits: 0) err=Could not find anchor: No matching instruction in range source ID: 3, lines: 27..28, bytes: 960..1043
2026-09-24T11:28:02.958593Z  WARN foundry_evm_coverage::anchors: could not find anchor item=Line (location: (source ID: 5, lines: 189..217, bytes: 7604..9195), hits: 0) err=Could not find anchor: No matching instruction in range source ID: 5, lines: 189..217, bytes: 7604..9195
2026-09-24T11:28:02.958681Z  WARN foundry_evm_coverage::anchors: could not find anchor item=Function "_verifyAndConsume" (location: (source ID: 5, lines: 189..217, bytes: 7604..9195), hits: 0) err=Could not find anchor: No matching instruction in range source ID: 5, lines: 189..217, bytes: 7604..9195
2026-09-24T11:28:02.958586Z  WARN foundry_evm_coverage::anchors: could not find anchor item=Function "advanceTime" (location: (source ID: 11, lines: 125..128, bytes: 4996..5106), hits: 0) err=Could not find anchor: No matching instruction in range source ID: 11, lines: 125..128, bytes: 4996..5106
2026-09-24T11:28:02.958686Z  WARN foundry_evm_coverage::anchors: could not find anchor item=Line (location: (source ID: 5, lines: 193..194, bytes: 7796..7815), hits: 0) err=Could not find anchor: No matching instruction in range source ID: 5, lines: 193..194, bytes: 7796..7815
2026-09-24T11:28:02.958724Z  WARN foundry_evm_coverage::anchors: could not find anchor item=Statement (location: (source ID: 5, lines: 193..194, bytes: 7796..7815), hits: 0) err=Could not find anchor: No matching instruction in range source ID: 5, lines: 193..194, bytes: 7796..7815
2026-09-24T11:28:02.958729Z  WARN foundry_evm_coverage::anchors: could not find anchor item=Line (location: (source ID: 5, lines: 194..195, bytes: 7825..7835), hits: 0) err=Could not find anchor: No matching instruction in range source ID: 5, lines: 194..195, bytes: 7825..7835
2026-09-24T11:28:02.958735Z  WARN foundry_evm_coverage::anchors: could not find anchor item=Statement (location: (source ID: 5, lines: 194..195, bytes: 7825..7835), hits: 0) err=Could not find anchor: No matching instruction in range source ID: 5, lines: 194..195, bytes: 7825..7835
2026-09-24T11:28:02.958717Z  WARN foundry_evm_coverage::anchors: could not find anchor item=Line (location: (source ID: 11, lines: 126..127, bytes: 5050..5099), hits: 0) err=Could not find anchor: No matching instruction in range source ID: 11, lines: 126..127, bytes: 5050..5099
2026-09-24T11:28:02.958747Z  WARN foundry_evm_coverage::anchors: could not find anchor item=Line (location: (source ID: 5, lines: 63..83, bytes: 2550..3493), hits: 0) err=Could not find anchor: No matching instruction in range source ID: 5, lines: 63..83, bytes: 2550..3493
2026-09-24T11:28:02.958739Z  WARN foundry_evm_coverage::anchors: could not find anchor item=Line (location: (source ID: 5, lines: 197..198, bytes: 7997..8054), hits: 0) err=Could not find anchor: No matching instruction in range source ID: 5, lines: 197..198, bytes: 7997..8054
2026-09-24T11:28:02.958760Z  WARN foundry_evm_coverage::anchors: could not find anchor item=Function "constructor" (location: (source ID: 5, lines: 63..83, bytes: 2550..3493), hits: 0) err=Could not find anchor: No matching instruction in range source ID: 5, lines: 63..83, bytes: 2550..3493
2026-09-24T11:28:02.958754Z  WARN foundry_evm_coverage::anchors: could not find anchor item=Statement (location: (source ID: 11, lines: 126..127, bytes: 5050..5099), hits: 0) err=Could not find anchor: No matching instruction in range source ID: 11, lines: 126..127, bytes: 5050..5099
2026-09-24T11:28:02.958763Z  WARN foundry_evm_coverage::anchors: could not find anchor item=Statement (location: (source ID: 5, lines: 197..198, bytes: 7997..8054), hits: 0) err=Could not find anchor: No matching instruction in range source ID: 5, lines: 197..198, bytes: 7997..8054
2026-09-24T11:28:02.958782Z  WARN foundry_evm_coverage::anchors: could not find anchor item=Line (location: (source ID: 5, lines: 198..199, bytes: 8068..8074), hits: 0) err=Could not find anchor: No matching instruction in range source ID: 5, lines: 198..199, bytes: 8068..8074
2026-09-24T11:28:02.958774Z  WARN foundry_evm_coverage::anchors: could not find anchor item=Line (location: (source ID: 5, lines: 65..66, bytes: 2623..2646), hits: 0) err=Could not find anchor: No matching instruction in range source ID: 5, lines: 65..66, bytes: 2623..2646
2026-09-24T11:28:02.958788Z  WARN foundry_evm_coverage::anchors: could not find anchor item=Statement (location: (source ID: 5, lines: 198..199, bytes: 8068..8074), hits: 0) err=Could not find anchor: No matching instruction in range source ID: 5, lines: 198..199, bytes: 8068..8074
2026-09-24T11:28:02.958808Z  WARN foundry_evm_coverage::anchors: could not find anchor item=Statement (location: (source ID: 5, lines: 198..199, bytes: 8076..8095), hits: 0) err=Could not find anchor: No matching instruction in range source ID: 5, lines: 198..199, bytes: 8076..8095
2026-09-24T11:28:02.958778Z  WARN foundry_evm_coverage::anchors: could not find anchor item=Line (location: (source ID: 11, lines: 129..138, bytes: 5112..5530), hits: 0) err=Could not find anchor: No matching instruction in range source ID: 11, lines: 129..138, bytes: 5112..5530
2026-09-24T11:28:02.958814Z  WARN foundry_evm_coverage::anchors: could not find anchor item=Branch (branch: 15, path: 0) (location: (source ID: 5, lines: 198..199, bytes: 8076..8095), hits: 0) err=Could not find anchor: No matching instruction in range source ID: 5, lines: 198..199, bytes: 8076..8095
2026-09-24T11:28:02.958847Z  WARN foundry_evm_coverage::anchors: could not find anchor item=Line (location: (source ID: 5, lines: 200..201, bytes: 8122..8167), hits: 0) err=Could not find anchor: No matching instruction in range source ID: 5, lines: 200..201, bytes: 8122..8167
2026-09-24T11:28:02.958801Z  WARN foundry_evm_coverage::anchors: could not find anchor item=Statement (location: (source ID: 5, lines: 65..66, bytes: 2623..2646), hits: 0) err=Could not find anchor: No matching instruction in range source ID: 5, lines: 65..66, bytes: 2623..2646
2026-09-24T11:28:02.958853Z  WARN foundry_evm_coverage::anchors: could not find anchor item=Statement (location: (source ID: 5, lines: 200..201, bytes: 8122..8167), hits: 0) err=Could not find anchor: No matching instruction in range source ID: 5, lines: 200..201, bytes: 8122..8167
2026-09-24T11:28:02.958873Z  WARN foundry_evm_coverage::anchors: could not find anchor item=Statement (location: (source ID: 5, lines: 200..202, bytes: 8122..8244), hits: 0) err=Could not find anchor: No matching instruction in range source ID: 5, lines: 200..202, bytes: 8122..8244
2026-09-24T11:28:02.958841Z  WARN foundry_evm_coverage::anchors: could not find anchor item=Function "setPause" (location: (source ID: 11, lines: 129..138, bytes: 5112..5530), hits: 0) err=Could not find anchor: No matching instruction in range source ID: 11, lines: 129..138, bytes: 5112..5530
2026-09-24T11:28:02.958879Z  WARN foundry_evm_coverage::anchors: could not find anchor item=Line (location: (source ID: 5, lines: 201..202, bytes: 8187..8244), hits: 0) err=Could not find anchor: No matching instruction in range source ID: 5, lines: 201..202, bytes: 8187..8244
2026-09-24T11:28:02.958892Z  WARN foundry_evm_coverage::anchors: could not find anchor item=Line (location: (source ID: 11, lines: 130..132, bytes: 5192..5313), hits: 0) err=Could not find anchor: No matching instruction in range source ID: 11, lines: 130..132, bytes: 5192..5313
2026-09-24T11:28:02.958893Z  WARN foundry_evm_coverage::anchors: could not find anchor item=Statement (location: (source ID: 5, lines: 201..202, bytes: 8187..8244), hits: 0) err=Could not find anchor: No matching instruction in range source ID: 5, lines: 201..202, bytes: 8187..8244
2026-09-24T11:28:02.958866Z  WARN foundry_evm_coverage::anchors: could not find anchor item=Statement (location: (source ID: 5, lines: 65..66, bytes: 2650..2674), hits: 0) err=Could not find anchor: No matching instruction in range source ID: 5, lines: 65..66, bytes: 2650..2674
2026-09-24T11:28:02.958906Z  WARN foundry_evm_coverage::anchors: could not find anchor item=Statement (location: (source ID: 11, lines: 130..132, bytes: 5192..5313), hits: 0) err=Could not find anchor: No matching instruction in range source ID: 11, lines: 130..132, bytes: 5192..5313
2026-09-24T11:28:02.958912Z  WARN foundry_evm_coverage::anchors: could not find anchor item=Line (location: (source ID: 5, lines: 202..203, bytes: 8255..8276), hits: 0) err=Could not find anchor: No matching instruction in range source ID: 5, lines: 202..203, bytes: 8255..8276
2026-09-24T11:28:02.958944Z  WARN foundry_evm_coverage::anchors: could not find anchor item=Statement (location: (source ID: 5, lines: 202..203, bytes: 8255..8276), hits: 0) err=Could not find anchor: No matching instruction in range source ID: 5, lines: 202..203, bytes: 8255..8276
2026-09-24T11:28:02.958926Z  WARN foundry_evm_coverage::anchors: could not find anchor item=Statement (location: (source ID: 5, lines: 65..66, bytes: 2678..2710), hits: 0) err=Could not find anchor: No matching instruction in range source ID: 5, lines: 65..66, bytes: 2678..2710
2026-09-24T11:28:02.958950Z  WARN foundry_evm_coverage::anchors: could not find anchor item=Branch (branch: 16, path: 0) (location: (source ID: 5, lines: 202..203, bytes: 8255..8276), hits: 0) err=Could not find anchor: No matching instruction in range source ID: 5, lines: 202..203, bytes: 8255..8276
2026-09-24T11:28:02.958978Z  WARN foundry_evm_coverage::anchors: could not find anchor item=Line (location: (source ID: 5, lines: 203..204, bytes: 8290..8336), hits: 0) err=Could not find anchor: No matching instruction in range source ID: 5, lines: 203..204, bytes: 8290..8336
2026-09-24T11:28:02.958938Z  WARN foundry_evm_coverage::anchors: could not find anchor item=Line (location: (source ID: 11, lines: 131..132, bytes: 5232..5313), hits: 0) err=Could not find anchor: No matching instruction in range source ID: 11, lines: 131..132, bytes: 5232..5313
2026-09-24T11:28:02.958984Z  WARN foundry_evm_coverage::anchors: could not find anchor item=Statement (location: (source ID: 5, lines: 203..204, bytes: 8290..8336), hits: 0) err=Could not find anchor: No matching instruction in range source ID: 5, lines: 203..204, bytes: 8290..8336
2026-09-24T11:28:02.959004Z  WARN foundry_evm_coverage::anchors: could not find anchor item=Statement (location: (source ID: 5, lines: 203..204, bytes: 8338..8363), hits: 0) err=Could not find anchor: No matching instruction in range source ID: 5, lines: 203..204, bytes: 8338..8363
2026-09-24T11:28:02.959010Z  WARN foundry_evm_coverage::anchors: could not find anchor item=Branch (branch: 17, path: 0) (location: (source ID: 5, lines: 203..204, bytes: 8338..8363), hits: 0) err=Could not find anchor: No matching instruction in range source ID: 5, lines: 203..204, bytes: 8338..8363
2026-09-24T11:28:02.959016Z  WARN foundry_evm_coverage::anchors: could not find anchor item=Line (location: (source ID: 5, lines: 204..205, bytes: 8373..8465), hits: 0) err=Could not find anchor: No matching instruction in range source ID: 5, lines: 204..205, bytes: 8373..8465
2026-09-24T11:28:02.958972Z  WARN foundry_evm_coverage::anchors: could not find anchor item=Statement (location: (source ID: 5, lines: 65..68, bytes: 2623..2865), hits: 0) err=Could not find anchor: No matching instruction in range source ID: 5, lines: 65..68, bytes: 2623..2865
2026-09-24T11:28:02.959022Z  WARN foundry_evm_coverage::anchors: could not find anchor item=Statement (location: (source ID: 5, lines: 204..205, bytes: 8373..8465), hits: 0) err=Could not find anchor: No matching instruction in range source ID: 5, lines: 204..205, bytes: 8373..8465
2026-09-24T11:28:02.959035Z  WARN foundry_evm_coverage::anchors: could not find anchor item=Statement (location: (source ID: 5, lines: 65..68, bytes: 2650..2865), hits: 0) err=Could not find anchor: No matching instruction in range source ID: 5, lines: 65..68, bytes: 2650..2865
2026-09-24T11:28:02.959037Z  WARN foundry_evm_coverage::anchors: could not find anchor item=Line (location: (source ID: 5, lines: 205..206, bytes: 8501..8532), hits: 0) err=Could not find anchor: No matching instruction in range source ID: 5, lines: 205..206, bytes: 8501..8532
2026-09-24T11:28:02.959048Z  WARN foundry_evm_coverage::anchors: could not find anchor item=Statement (location: (source ID: 5, lines: 65..68, bytes: 2678..2865), hits: 0) err=Could not find anchor: No matching instruction in range source ID: 5, lines: 65..68, bytes: 2678..2865
2026-09-24T11:28:02.959050Z  WARN foundry_evm_coverage::anchors: could not find anchor item=Statement (location: (source ID: 5, lines: 205..206, bytes: 8501..8532), hits: 0) err=Could not find anchor: No matching instruction in range source ID: 5, lines: 205..206, bytes: 8501..8532
2026-09-24T11:28:02.958998Z  WARN foundry_evm_coverage::anchors: could not find anchor item=Statement (location: (source ID: 11, lines: 131..132, bytes: 5232..5313), hits: 0) err=Could not find anchor: No matching instruction in range source ID: 11, lines: 131..132, bytes: 5232..5313
2026-09-24T11:28:02.959082Z  WARN foundry_evm_coverage::anchors: could not find anchor item=Line (location: (source ID: 11, lines: 132..133, bytes: 5323..5363), hits: 0) err=Could not find anchor: No matching instruction in range source ID: 11, lines: 132..133, bytes: 5323..5363
2026-09-24T11:28:02.959069Z  WARN foundry_evm_coverage::anchors: could not find anchor item=Branch (branch: 18, path: 0) (location: (source ID: 5, lines: 205..206, bytes: 8501..8532), hits: 0) err=Could not find anchor: No matching instruction in range source ID: 5, lines: 205..206, bytes: 8501..8532
2026-09-24T11:28:02.959119Z  WARN foundry_evm_coverage::anchors: could not find anchor item=Line (location: (source ID: 5, lines: 206..207, bytes: 8546..8578), hits: 0) err=Could not find anchor: No matching instruction in range source ID: 5, lines: 206..207, bytes: 8546..8578
2026-09-24T11:28:02.959063Z  WARN foundry_evm_coverage::anchors: could not find anchor item=Line (location: (source ID: 5, lines: 66..67, bytes: 2730..2751), hits: 0) err=Could not find anchor: No matching instruction in range source ID: 5, lines: 66..67, bytes: 2730..2751
2026-09-24T11:28:02.959125Z  WARN foundry_evm_coverage::anchors: could not find anchor item=Statement (location: (source ID: 5, lines: 206..207, bytes: 8546..8578), hits: 0) err=Could not find anchor: No matching instruction in range source ID: 5, lines: 206..207, bytes: 8546..8578
2026-09-24T11:28:02.959137Z  WARN foundry_evm_coverage::anchors: could not find anchor item=Statement (location: (source ID: 5, lines: 66..67, bytes: 2730..2751), hits: 0) err=Could not find anchor: No matching instruction in range source ID: 5, lines: 66..67, bytes: 2730..2751
2026-09-24T11:28:02.959139Z  WARN foundry_evm_coverage::anchors: could not find anchor item=Statement (location: (source ID: 5, lines: 206..207, bytes: 8580..8603), hits: 0) err=Could not find anchor: No matching instruction in range source ID: 5, lines: 206..207, bytes: 8580..8603
2026-09-24T11:28:02.959151Z  WARN foundry_evm_coverage::anchors: could not find anchor item=Statement (location: (source ID: 5, lines: 66..67, bytes: 2755..2772), hits: 0) err=Could not find anchor: No matching instruction in range source ID: 5, lines: 66..67, bytes: 2755..2772
2026-09-24T11:28:02.959152Z  WARN foundry_evm_coverage::anchors: could not find anchor item=Branch (branch: 19, path: 0) (location: (source ID: 5, lines: 206..207, bytes: 8580..8603), hits: 0) err=Could not find anchor: No matching instruction in range source ID: 5, lines: 206..207, bytes: 8580..8603
2026-09-24T11:28:02.959165Z  WARN foundry_evm_coverage::anchors: could not find anchor item=Statement (location: (source ID: 5, lines: 66..67, bytes: 2776..2794), hits: 0) err=Could not find anchor: No matching instruction in range source ID: 5, lines: 66..67, bytes: 2776..2794
2026-09-24T11:28:02.959166Z  WARN foundry_evm_coverage::anchors: could not find anchor item=Line (location: (source ID: 5, lines: 207..208, bytes: 8613..8696), hits: 0) err=Could not find anchor: No matching instruction in range source ID: 5, lines: 207..208, bytes: 8613..8696
2026-09-24T11:28:02.959178Z  WARN foundry_evm_coverage::anchors: could not find anchor item=Statement (location: (source ID: 5, lines: 66..68, bytes: 2730..2865), hits: 0) err=Could not find anchor: No matching instruction in range source ID: 5, lines: 66..68, bytes: 2730..2865
2026-09-24T11:28:02.959180Z  WARN foundry_evm_coverage::anchors: could not find anchor item=Statement (location: (source ID: 5, lines: 207..208, bytes: 8613..8696), hits: 0) err=Could not find anchor: No matching instruction in range source ID: 5, lines: 207..208, bytes: 8613..8696
2026-09-24T11:28:02.959192Z  WARN foundry_evm_coverage::anchors: could not find anchor item=Statement (location: (source ID: 5, lines: 66..68, bytes: 2755..2865), hits: 0) err=Could not find anchor: No matching instruction in range source ID: 5, lines: 66..68, bytes: 2755..2865
2026-09-24T11:28:02.959193Z  WARN foundry_evm_coverage::anchors: could not find anchor item=Statement (location: (source ID: 5, lines: 207..208, bytes: 8645..8696), hits: 0) err=Could not find anchor: No matching instruction in range source ID: 5, lines: 207..208, bytes: 8645..8696
2026-09-24T11:28:02.959226Z  WARN foundry_evm_coverage::anchors: could not find anchor item=Line (location: (source ID: 5, lines: 209..210, bytes: 8723..8755), hits: 0) err=Could not find anchor: No matching instruction in range source ID: 5, lines: 209..210, bytes: 8723..8755
2026-09-24T11:28:02.959112Z  WARN foundry_evm_coverage::anchors: could not find anchor item=Statement (location: (source ID: 11, lines: 132..133, bytes: 5323..5363), hits: 0) err=Could not find anchor: No matching instruction in range source ID: 11, lines: 132..133, bytes: 5323..5363
2026-09-24T11:28:02.959232Z  WARN foundry_evm_coverage::anchors: could not find anchor item=Statement (location: (source ID: 5, lines: 209..210, bytes: 8723..8755), hits: 0) err=Could not find anchor: No matching instruction in range source ID: 5, lines: 209..210, bytes: 8723..8755
2026-09-24T11:28:02.959245Z  WARN foundry_evm_coverage::anchors: could not find anchor item=Line (location: (source ID: 11, lines: 133..134, bytes: 5373..5406), hits: 0) err=Could not find anchor: No matching instruction in range source ID: 11, lines: 133..134, bytes: 5373..5406
2026-09-24T11:28:02.959246Z  WARN foundry_evm_coverage::anchors: could not find anchor item=Statement (location: (source ID: 5, lines: 209..210, bytes: 8759..8793), hits: 0) err=Could not find anchor: No matching instruction in range source ID: 5, lines: 209..210, bytes: 8759..8793
2026-09-24T11:28:02.959259Z  WARN foundry_evm_coverage::anchors: could not find anchor item=Statement (location: (source ID: 11, lines: 133..134, bytes: 5373..5406), hits: 0) err=Could not find anchor: No matching instruction in range source ID: 11, lines: 133..134, bytes: 5373..5406
2026-09-24T11:28:02.959260Z  WARN foundry_evm_coverage::anchors: could not find anchor item=Statement (location: (source ID: 5, lines: 209..210, bytes: 8797..8815), hits: 0) err=Could not find anchor: No matching instruction in range source ID: 5, lines: 209..210, bytes: 8797..8815
2026-09-24T11:28:02.959272Z  WARN foundry_evm_coverage::anchors: could not find anchor item=Line (location: (source ID: 11, lines: 134..135, bytes: 5416..5442), hits: 0) err=Could not find anchor: No matching instruction in range source ID: 11, lines: 134..135, bytes: 5416..5442
2026-09-24T11:28:02.959273Z  WARN foundry_evm_coverage::anchors: could not find anchor item=Statement (location: (source ID: 5, lines: 209..213, bytes: 8723..9057), hits: 0) err=Could not find anchor: No matching instruction in range source ID: 5, lines: 209..213, bytes: 8723..9057
2026-09-24T11:28:02.959285Z  WARN foundry_evm_coverage::anchors: could not find anchor item=Statement (location: (source ID: 11, lines: 134..135, bytes: 5416..5442), hits: 0) err=Could not find anchor: No matching instruction in range source ID: 11, lines: 134..135, bytes: 5416..5442
2026-09-24T11:28:02.959286Z  WARN foundry_evm_coverage::anchors: could not find anchor item=Statement (location: (source ID: 5, lines: 209..213, bytes: 8759..9057), hits: 0) err=Could not find anchor: No matching instruction in range source ID: 5, lines: 209..213, bytes: 8759..9057
2026-09-24T11:28:02.959298Z  WARN foundry_evm_coverage::anchors: could not find anchor item=Line (location: (source ID: 11, lines: 135..136, bytes: 5464..5485), hits: 0) err=Could not find anchor: No matching instruction in range source ID: 11, lines: 135..136, bytes: 5464..5485
2026-09-24T11:28:02.959300Z  WARN foundry_evm_coverage::anchors: could not find anchor item=Statement (location: (source ID: 5, lines: 209..213, bytes: 8797..9057), hits: 0) err=Could not find anchor: No matching instruction in range source ID: 5, lines: 209..213, bytes: 8797..9057
2026-09-24T11:28:02.959311Z  WARN foundry_evm_coverage::anchors: could not find anchor item=Statement (location: (source ID: 11, lines: 135..136, bytes: 5464..5485), hits: 0) err=Could not find anchor: No matching instruction in range source ID: 11, lines: 135..136, bytes: 5464..5485
2026-09-24T11:28:02.959313Z  WARN foundry_evm_coverage::anchors: could not find anchor item=Line (location: (source ID: 5, lines: 210..211, bytes: 8835..8869), hits: 0) err=Could not find anchor: No matching instruction in range source ID: 5, lines: 210..211, bytes: 8835..8869
2026-09-24T11:28:02.959342Z  WARN foundry_evm_coverage::anchors: could not find anchor item=Statement (location: (source ID: 5, lines: 210..211, bytes: 8835..8869), hits: 0) err=Could not find anchor: No matching instruction in range source ID: 5, lines: 210..211, bytes: 8835..8869
2026-09-24T11:28:02.959205Z  WARN foundry_evm_coverage::anchors: could not find anchor item=Statement (location: (source ID: 5, lines: 66..68, bytes: 2776..2865), hits: 0) err=Could not find anchor: No matching instruction in range source ID: 5, lines: 66..68, bytes: 2776..2865
2026-09-24T11:28:02.959348Z  WARN foundry_evm_coverage::anchors: could not find anchor item=Statement (location: (source ID: 5, lines: 210..211, bytes: 8873..8915), hits: 0) err=Could not find anchor: No matching instruction in range source ID: 5, lines: 210..211, bytes: 8873..8915
2026-09-24T11:28:02.959359Z  WARN foundry_evm_coverage::anchors: could not find anchor item=Line (location: (source ID: 5, lines: 67..68, bytes: 2814..2843), hits: 0) err=Could not find anchor: No matching instruction in range source ID: 5, lines: 67..68, bytes: 2814..2843
2026-09-24T11:28:02.959361Z  WARN foundry_evm_coverage::anchors: could not find anchor item=Statement (location: (source ID: 5, lines: 210..213, bytes: 8835..9057), hits: 0) err=Could not find anchor: No matching instruction in range source ID: 5, lines: 210..213, bytes: 8835..9057
2026-09-24T11:28:02.959372Z  WARN foundry_evm_coverage::anchors: could not find anchor item=Statement (location: (source ID: 5, lines: 67..68, bytes: 2814..2843), hits: 0) err=Could not find anchor: No matching instruction in range source ID: 5, lines: 67..68, bytes: 2814..2843
2026-09-24T11:28:02.959374Z  WARN foundry_evm_coverage::anchors: could not find anchor item=Statement (location: (source ID: 5, lines: 210..213, bytes: 8873..9057), hits: 0) err=Could not find anchor: No matching instruction in range source ID: 5, lines: 210..213, bytes: 8873..9057
2026-09-24T11:28:02.959386Z  WARN foundry_evm_coverage::anchors: could not find anchor item=Statement (location: (source ID: 5, lines: 67..68, bytes: 2814..2865), hits: 0) err=Could not find anchor: No matching instruction in range source ID: 5, lines: 67..68, bytes: 2814..2865
2026-09-24T11:28:02.959388Z  WARN foundry_evm_coverage::anchors: could not find anchor item=Line (location: (source ID: 5, lines: 211..212, bytes: 8935..8975), hits: 0) err=Could not find anchor: No matching instruction in range source ID: 5, lines: 211..212, bytes: 8935..8975
2026-09-24T11:28:02.959399Z  WARN foundry_evm_coverage::anchors: could not find anchor item=Statement (location: (source ID: 5, lines: 67..68, bytes: 2847..2865), hits: 0) err=Could not find anchor: No matching instruction in range source ID: 5, lines: 67..68, bytes: 2847..2865
2026-09-24T11:28:02.959401Z  WARN foundry_evm_coverage::anchors: could not find anchor item=Statement (location: (source ID: 5, lines: 211..212, bytes: 8935..8975), hits: 0) err=Could not find anchor: No matching instruction in range source ID: 5, lines: 211..212, bytes: 8935..8975
2026-09-24T11:28:02.959412Z  WARN foundry_evm_coverage::anchors: could not find anchor item=Line (location: (source ID: 5, lines: 68..69, bytes: 2876..2905), hits: 0) err=Could not find anchor: No matching instruction in range source ID: 5, lines: 68..69, bytes: 2876..2905
2026-09-24T11:28:02.959414Z  WARN foundry_evm_coverage::anchors: could not find anchor item=Statement (location: (source ID: 5, lines: 211..212, bytes: 8979..9015), hits: 0) err=Could not find anchor: No matching instruction in range source ID: 5, lines: 211..212, bytes: 8979..9015
2026-09-24T11:28:02.959433Z  WARN foundry_evm_coverage::anchors: could not find anchor item=Statement (location: (source ID: 5, lines: 211..213, bytes: 8935..9057), hits: 0) err=Could not find anchor: No matching instruction in range source ID: 5, lines: 211..213, bytes: 8935..9057
2026-09-24T11:28:02.959447Z  WARN foundry_evm_coverage::anchors: could not find anchor item=Statement (location: (source ID: 5, lines: 211..213, bytes: 8979..9057), hits: 0) err=Could not find anchor: No matching instruction in range source ID: 5, lines: 211..213, bytes: 8979..9057
2026-09-24T11:28:02.959426Z  WARN foundry_evm_coverage::anchors: could not find anchor item=Statement (location: (source ID: 5, lines: 68..69, bytes: 2876..2905), hits: 0) err=Could not find anchor: No matching instruction in range source ID: 5, lines: 68..69, bytes: 2876..2905
2026-09-24T11:28:02.959453Z  WARN foundry_evm_coverage::anchors: could not find anchor item=Line (location: (source ID: 5, lines: 212..213, bytes: 9035..9057), hits: 0) err=Could not find anchor: No matching instruction in range source ID: 5, lines: 212..213, bytes: 9035..9057
2026-09-24T11:28:02.959474Z  WARN foundry_evm_coverage::anchors: could not find anchor item=Statement (location: (source ID: 5, lines: 212..213, bytes: 9035..9057), hits: 0) err=Could not find anchor: No matching instruction in range source ID: 5, lines: 212..213, bytes: 9035..9057
2026-09-24T11:28:02.959324Z  WARN foundry_evm_coverage::anchors: could not find anchor item=Branch (branch: 8, path: 0) (location: (source ID: 11, lines: 135..136, bytes: 5464..5485), hits: 0) err=Could not find anchor: No matching instruction in range source ID: 11, lines: 135..136, bytes: 5464..5485
2026-09-24T11:28:02.959480Z  WARN foundry_evm_coverage::anchors: could not find anchor item=Line (location: (source ID: 5, lines: 213..214, bytes: 9068..9091), hits: 0) err=Could not find anchor: No matching instruction in range source ID: 5, lines: 213..214, bytes: 9068..9091
2026-09-24T11:28:02.959500Z  WARN foundry_evm_coverage::anchors: could not find anchor item=Statement (location: (source ID: 5, lines: 213..214, bytes: 9068..9091), hits: 0) err=Could not find anchor: No matching instruction in range source ID: 5, lines: 213..214, bytes: 9068..9091
2026-09-24T11:28:02.959466Z  WARN foundry_evm_coverage::anchors: could not find anchor item=Branch (branch: 0, path: 0) (location: (source ID: 5, lines: 68..69, bytes: 2876..2905), hits: 0) err=Could not find anchor: No matching instruction in range source ID: 5, lines: 68..69, bytes: 2876..2905
2026-09-24T11:28:02.959505Z  WARN foundry_evm_coverage::anchors: could not find anchor item=Branch (branch: 20, path: 0) (location: (source ID: 5, lines: 213..214, bytes: 9068..9091), hits: 0) err=Could not find anchor: No matching instruction in range source ID: 5, lines: 213..214, bytes: 9068..9091
2026-09-24T11:28:02.959526Z  WARN foundry_evm_coverage::anchors: could not find anchor item=Line (location: (source ID: 5, lines: 214..215, bytes: 9101..9128), hits: 0) err=Could not find anchor: No matching instruction in range source ID: 5, lines: 214..215, bytes: 9101..9128
2026-09-24T11:28:02.959519Z  WARN foundry_evm_coverage::anchors: could not find anchor item=Line (location: (source ID: 5, lines: 69..70, bytes: 2915..2947), hits: 0) err=Could not find anchor: No matching instruction in range source ID: 5, lines: 69..70, bytes: 2915..2947
2026-09-24T11:28:02.959531Z  WARN foundry_evm_coverage::anchors: could not find anchor item=Statement (location: (source ID: 5, lines: 214..215, bytes: 9101..9128), hits: 0) err=Could not find anchor: No matching instruction in range source ID: 5, lines: 214..215, bytes: 9101..9128
2026-09-24T11:28:02.959551Z  WARN foundry_evm_coverage::anchors: could not find anchor item=Line (location: (source ID: 5, lines: 215..216, bytes: 9138..9188), hits: 0) err=Could not find anchor: No matching instruction in range source ID: 5, lines: 215..216, bytes: 9138..9188
2026-09-24T11:28:02.959531Z  WARN foundry_evm_coverage::anchors: could not find anchor item=Branch (branch: 8, path: 1) (location: (source ID: 11, lines: 135..137, bytes: 5452..5523), hits: 0) err=Could not detect branches in source: source ID: 11, lines: 135..137, bytes: 5452..5523
2026-09-24T11:28:02.959557Z  WARN foundry_evm_coverage::anchors: could not find anchor item=Statement (location: (source ID: 5, lines: 215..216, bytes: 9138..9188), hits: 0) err=Could not find anchor: No matching instruction in range source ID: 5, lines: 215..216, bytes: 9138..9188
2026-09-24T11:28:02.959591Z  WARN foundry_evm_coverage::anchors: could not find anchor item=Line (location: (source ID: 5, lines: 218..230, bytes: 9201..9823), hits: 0) err=Could not find anchor: No matching instruction in range source ID: 5, lines: 218..230, bytes: 9201..9823
2026-09-24T11:28:02.959544Z  WARN foundry_evm_coverage::anchors: could not find anchor item=Statement (location: (source ID: 5, lines: 69..70, bytes: 2915..2947), hits: 0) err=Could not find anchor: No matching instruction in range source ID: 5, lines: 69..70, bytes: 2915..2947
2026-09-24T11:28:02.959597Z  WARN foundry_evm_coverage::anchors: could not find anchor item=Function "_consume" (location: (source ID: 5, lines: 218..230, bytes: 9201..9823), hits: 0) err=Could not find anchor: No matching instruction in range source ID: 5, lines: 218..230, bytes: 9201..9823
2026-09-24T11:28:02.959618Z  WARN foundry_evm_coverage::anchors: could not find anchor item=Line (location: (source ID: 5, lines: 222..223, bytes: 9375..9406), hits: 0) err=Could not find anchor: No matching instruction in range source ID: 5, lines: 222..223, bytes: 9375..9406
2026-09-24T11:28:02.959570Z  WARN foundry_evm_coverage::anchors: could not find anchor item=Line (location: (source ID: 11, lines: 136..137, bytes: 5500..5523), hits: 0) err=Could not find anchor: No matching instruction in range source ID: 11, lines: 136..137, bytes: 5500..5523
2026-09-24T11:28:02.959624Z  WARN foundry_evm_coverage::anchors: could not find anchor item=Statement (location: (source ID: 5, lines: 222..223, bytes: 9375..9406), hits: 0) err=Could not find anchor: No matching instruction in range source ID: 5, lines: 222..223, bytes: 9375..9406
2026-09-24T11:28:02.959643Z  WARN foundry_evm_coverage::anchors: could not find anchor item=Line (location: (source ID: 5, lines: 223..224, bytes: 9416..9507), hits: 0) err=Could not find anchor: No matching instruction in range source ID: 5, lines: 223..224, bytes: 9416..9507
2026-09-24T11:28:02.959637Z  WARN foundry_evm_coverage::anchors: could not find anchor item=Statement (location: (source ID: 11, lines: 136..137, bytes: 5500..5523), hits: 0) err=Could not find anchor: No matching instruction in range source ID: 11, lines: 136..137, bytes: 5500..5523
2026-09-24T11:28:02.959610Z  WARN foundry_evm_coverage::anchors: could not find anchor item=Line (location: (source ID: 5, lines: 70..71, bytes: 2961..2979), hits: 0) err=Could not find anchor: No matching instruction in range source ID: 5, lines: 70..71, bytes: 2961..2979
2026-09-24T11:28:02.959649Z  WARN foundry_evm_coverage::anchors: could not find anchor item=Statement (location: (source ID: 5, lines: 223..224, bytes: 9416..9507), hits: 0) err=Could not find anchor: No matching instruction in range source ID: 5, lines: 223..224, bytes: 9416..9507
2026-09-24T11:28:02.959683Z  WARN foundry_evm_coverage::anchors: could not find anchor item=Line (location: (source ID: 5, lines: 224..225, bytes: 9517..9581), hits: 0) err=Could not find anchor: No matching instruction in range source ID: 5, lines: 224..225, bytes: 9517..9581
2026-09-24T11:28:02.959663Z  WARN foundry_evm_coverage::anchors: could not find anchor item=Line (location: (source ID: 11, lines: 139..144, bytes: 5536..5715), hits: 0) err=Could not find anchor: No matching instruction in range source ID: 11, lines: 139..144, bytes: 5536..5715
2026-09-24T11:28:02.959689Z  WARN foundry_evm_coverage::anchors: could not find anchor item=Statement (location: (source ID: 5, lines: 224..225, bytes: 9517..9581), hits: 0) err=Could not find anchor: No matching instruction in range source ID: 5, lines: 224..225, bytes: 9517..9581
2026-09-24T11:28:02.959702Z  WARN foundry_evm_coverage::anchors: could not find anchor item=Function "changeMaximum" (location: (source ID: 11, lines: 139..144, bytes: 5536..5715), hits: 0) err=Could not find anchor: No matching instruction in range source ID: 11, lines: 139..144, bytes: 5536..5715
2026-09-24T11:28:02.959703Z  WARN foundry_evm_coverage::anchors: could not find anchor item=Line (location: (source ID: 5, lines: 225..226, bytes: 9595..9627), hits: 0) err=Could not find anchor: No matching instruction in range source ID: 5, lines: 225..226, bytes: 9595..9627
2026-09-24T11:28:02.959731Z  WARN foundry_evm_coverage::anchors: could not find anchor item=Statement (location: (source ID: 5, lines: 225..226, bytes: 9595..9627), hits: 0) err=Could not find anchor: No matching instruction in range source ID: 5, lines: 225..226, bytes: 9595..9627
2026-09-24T11:28:02.959676Z  WARN foundry_evm_coverage::anchors: could not find anchor item=Statement (location: (source ID: 5, lines: 70..71, bytes: 2961..2979), hits: 0) err=Could not find anchor: No matching instruction in range source ID: 5, lines: 70..71, bytes: 2961..2979
2026-09-24T11:28:02.959738Z  WARN foundry_evm_coverage::anchors: could not find anchor item=Statement (location: (source ID: 5, lines: 225..226, bytes: 9595..9690), hits: 0) err=Could not find anchor: No matching instruction in range source ID: 5, lines: 225..226, bytes: 9595..9690
2026-09-24T11:28:02.959750Z  WARN foundry_evm_coverage::anchors: could not find anchor item=Statement (location: (source ID: 5, lines: 70..71, bytes: 2961..2995), hits: 0) err=Could not find anchor: No matching instruction in range source ID: 5, lines: 70..71, bytes: 2961..2995
2026-09-24T11:28:02.959752Z  WARN foundry_evm_coverage::anchors: could not find anchor item=Statement (location: (source ID: 5, lines: 225..226, bytes: 9631..9666), hits: 0) err=Could not find anchor: No matching instruction in range source ID: 5, lines: 225..226, bytes: 9631..9666
2026-09-24T11:28:02.959763Z  WARN foundry_evm_coverage::anchors: could not find anchor item=Statement (location: (source ID: 5, lines: 70..71, bytes: 2961..3039), hits: 0) err=Could not find anchor: No matching instruction in range source ID: 5, lines: 70..71, bytes: 2961..3039
2026-09-24T11:28:02.959765Z  WARN foundry_evm_coverage::anchors: could not find anchor item=Statement (location: (source ID: 5, lines: 225..226, bytes: 9631..9690), hits: 0) err=Could not find anchor: No matching instruction in range source ID: 5, lines: 225..226, bytes: 9631..9690
2026-09-24T11:28:02.959777Z  WARN foundry_evm_coverage::anchors: could not find anchor item=Statement (location: (source ID: 5, lines: 70..71, bytes: 2999..3020), hits: 0) err=Could not find anchor: No matching instruction in range source ID: 5, lines: 70..71, bytes: 2999..3020
2026-09-24T11:28:02.959779Z  WARN foundry_evm_coverage::anchors: could not find anchor item=Statement (location: (source ID: 5, lines: 225..226, bytes: 9670..9690), hits: 0) err=Could not find anchor: No matching instruction in range source ID: 5, lines: 225..226, bytes: 9670..9690
2026-09-24T11:28:02.959791Z  WARN foundry_evm_coverage::anchors: could not find anchor item=Statement (location: (source ID: 5, lines: 70..71, bytes: 2999..3039), hits: 0) err=Could not find anchor: No matching instruction in range source ID: 5, lines: 70..71, bytes: 2999..3039
2026-09-24T11:28:02.959792Z  WARN foundry_evm_coverage::anchors: could not find anchor item=Branch (branch: 21, path: 0) (location: (source ID: 5, lines: 225..228, bytes: 9692..9740), hits: 0) err=Could not find anchor: No matching instruction in range source ID: 5, lines: 225..228, bytes: 9692..9740
2026-09-24T11:28:02.959805Z  WARN foundry_evm_coverage::anchors: could not find anchor item=Branch (branch: 1, path: 0) (location: (source ID: 5, lines: 70..73, bytes: 3041..3095), hits: 0) err=Could not find anchor: No matching instruction in range source ID: 5, lines: 70..73, bytes: 3041..3095
2026-09-24T11:28:02.959806Z  WARN foundry_evm_coverage::anchors: could not find anchor item=Line (location: (source ID: 5, lines: 226..227, bytes: 9706..9729), hits: 0) err=Could not find anchor: No matching instruction in range source ID: 5, lines: 226..227, bytes: 9706..9729
2026-09-24T11:28:02.959818Z  WARN foundry_evm_coverage::anchors: could not find anchor item=Line (location: (source ID: 5, lines: 71..72, bytes: 3055..3084), hits: 0) err=Could not find anchor: No matching instruction in range source ID: 5, lines: 71..72, bytes: 3055..3084
2026-09-24T11:28:02.959820Z  WARN foundry_evm_coverage::anchors: could not find anchor item=Statement (location: (source ID: 5, lines: 226..227, bytes: 9706..9729), hits: 0) err=Could not find anchor: No matching instruction in range source ID: 5, lines: 226..227, bytes: 9706..9729
2026-09-24T11:28:02.959847Z  WARN foundry_evm_coverage::anchors: could not find anchor item=Line (location: (source ID: 5, lines: 228..229, bytes: 9753..9789), hits: 0) err=Could not find anchor: No matching instruction in range source ID: 5, lines: 228..229, bytes: 9753..9789
2026-09-24T11:28:02.959725Z  WARN foundry_evm_coverage::anchors: could not find anchor item=Line (location: (source ID: 11, lines: 140..141, bytes: 5592..5633), hits: 0) err=Could not find anchor: No matching instruction in range source ID: 11, lines: 140..141, bytes: 5592..5633
2026-09-24T11:28:02.959853Z  WARN foundry_evm_coverage::anchors: could not find anchor item=Statement (location: (source ID: 5, lines: 228..229, bytes: 9753..9789), hits: 0) err=Could not find anchor: No matching instruction in range source ID: 5, lines: 228..229, bytes: 9753..9789
2026-09-24T11:28:02.959872Z  WARN foundry_evm_coverage::anchors: could not find anchor item=Statement (location: (source ID: 5, lines: 228..229, bytes: 9791..9816), hits: 0) err=Could not find anchor: No matching instruction in range source ID: 5, lines: 228..229, bytes: 9791..9816
2026-09-24T11:28:02.959840Z  WARN foundry_evm_coverage::anchors: could not find anchor item=Statement (location: (source ID: 5, lines: 71..72, bytes: 3055..3084), hits: 0) err=Could not find anchor: No matching instruction in range source ID: 5, lines: 71..72, bytes: 3055..3084
2026-09-24T11:28:02.959879Z  WARN foundry_evm_coverage::anchors: could not find anchor item=Branch (branch: 22, path: 0) (location: (source ID: 5, lines: 228..229, bytes: 9791..9816), hits: 0) err=Could not find anchor: No matching instruction in range source ID: 5, lines: 228..229, bytes: 9791..9816
2026-09-24T11:28:02.959866Z  WARN foundry_evm_coverage::anchors: could not find anchor item=Statement (location: (source ID: 11, lines: 140..141, bytes: 5592..5633), hits: 0) err=Could not find anchor: No matching instruction in range source ID: 11, lines: 140..141, bytes: 5592..5633
2026-09-24T11:28:02.959891Z  WARN foundry_evm_coverage::anchors: could not find anchor item=Line (location: (source ID: 5, lines: 73..74, bytes: 3104..3137), hits: 0) err=Could not find anchor: No matching instruction in range source ID: 5, lines: 73..74, bytes: 3104..3137
2026-09-24T11:28:02.959916Z  WARN foundry_evm_coverage::anchors: could not find anchor item=Statement (location: (source ID: 11, lines: 140..141, bytes: 5607..5633), hits: 0) err=Could not find anchor: No matching instruction in range source ID: 11, lines: 140..141, bytes: 5607..5633
2026-09-24T11:28:02.959920Z  WARN foundry_evm_coverage::anchors: could not find anchor item=Line (location: (source ID: 4, lines: 36..45, bytes: 1572..2019), hits: 0) err=Could not find anchor: No matching instruction in range source ID: 4, lines: 36..45, bytes: 1572..2019
2026-09-24T11:28:02.959936Z  WARN foundry_evm_coverage::anchors: could not find anchor item=Statement (location: (source ID: 5, lines: 73..74, bytes: 3104..3137), hits: 0) err=Could not find anchor: No matching instruction in range source ID: 5, lines: 73..74, bytes: 3104..3137
2026-09-24T11:28:02.959949Z  WARN foundry_evm_coverage::anchors: could not find anchor item=Line (location: (source ID: 11, lines: 141..142, bytes: 5643..5670), hits: 0) err=Could not find anchor: No matching instruction in range source ID: 11, lines: 141..142, bytes: 5643..5670
2026-09-24T11:28:02.959961Z  WARN foundry_evm_coverage::anchors: could not find anchor item=Function "constructor" (location: (source ID: 4, lines: 36..45, bytes: 1572..2019), hits: 0) err=Could not find anchor: No matching instruction in range source ID: 4, lines: 36..45, bytes: 1572..2019
2026-09-24T11:28:02.959972Z  WARN foundry_evm_coverage::anchors: could not find anchor item=Line (location: (source ID: 5, lines: 74..75, bytes: 3147..3182), hits: 0) err=Could not find anchor: No matching instruction in range source ID: 5, lines: 74..75, bytes: 3147..3182
2026-09-24T11:28:02.959989Z  WARN foundry_evm_coverage::anchors: could not find anchor item=Statement (location: (source ID: 11, lines: 141..142, bytes: 5643..5670), hits: 0) err=Could not find anchor: No matching instruction in range source ID: 11, lines: 141..142, bytes: 5643..5670
2026-09-24T11:28:02.960006Z  WARN foundry_evm_coverage::anchors: could not find anchor item=Line (location: (source ID: 4, lines: 38..39, bytes: 1687..1715), hits: 0) err=Could not find anchor: No matching instruction in range source ID: 4, lines: 38..39, bytes: 1687..1715
2026-09-24T11:28:02.960019Z  WARN foundry_evm_coverage::anchors: could not find anchor item=Statement (location: (source ID: 5, lines: 74..75, bytes: 3147..3182), hits: 0) err=Could not find anchor: No matching instruction in range source ID: 5, lines: 74..75, bytes: 3147..3182
2026-09-24T11:28:02.960031Z  WARN foundry_evm_coverage::anchors: could not find anchor item=Line (location: (source ID: 11, lines: 142..143, bytes: 5680..5708), hits: 0) err=Could not find anchor: No matching instruction in range source ID: 11, lines: 142..143, bytes: 5680..5708
2026-09-24T11:28:02.960043Z  WARN foundry_evm_coverage::anchors: could not find anchor item=Statement (location: (source ID: 4, lines: 38..39, bytes: 1687..1715), hits: 0) err=Could not find anchor: No matching instruction in range source ID: 4, lines: 38..39, bytes: 1687..1715
2026-09-24T11:28:02.960055Z  WARN foundry_evm_coverage::anchors: could not find anchor item=Line (location: (source ID: 5, lines: 75..76, bytes: 3192..3227), hits: 0) err=Could not find anchor: No matching instruction in range source ID: 5, lines: 75..76, bytes: 3192..3227
2026-09-24T11:28:02.960068Z  WARN foundry_evm_coverage::anchors: could not find anchor item=Statement (location: (source ID: 11, lines: 142..143, bytes: 5680..5708), hits: 0) err=Could not find anchor: No matching instruction in range source ID: 11, lines: 142..143, bytes: 5680..5708
2026-09-24T11:28:02.960079Z  WARN foundry_evm_coverage::anchors: could not find anchor item=Statement (location: (source ID: 4, lines: 38..39, bytes: 1719..1741), hits: 0) err=Could not find anchor: No matching instruction in range source ID: 4, lines: 38..39, bytes: 1719..1741
2026-09-24T11:28:02.960091Z  WARN foundry_evm_coverage::anchors: could not find anchor item=Statement (location: (source ID: 5, lines: 75..76, bytes: 3192..3227), hits: 0) err=Could not find anchor: No matching instruction in range source ID: 5, lines: 75..76, bytes: 3192..3227
2026-09-24T11:28:02.960104Z  WARN foundry_evm_coverage::anchors: could not find anchor item=Line (location: (source ID: 11, lines: 145..152, bytes: 5721..6047), hits: 0) err=Could not find anchor: No matching instruction in range source ID: 11, lines: 145..152, bytes: 5721..6047
2026-09-24T11:28:02.960116Z  WARN foundry_evm_coverage::anchors: could not find anchor item=Statement (location: (source ID: 4, lines: 38..39, bytes: 1745..1770), hits: 0) err=Could not find anchor: No matching instruction in range source ID: 4, lines: 38..39, bytes: 1745..1770
2026-09-24T11:28:02.960129Z  WARN foundry_evm_coverage::anchors: could not find anchor item=Line (location: (source ID: 5, lines: 76..77, bytes: 3237..3270), hits: 0) err=Could not find anchor: No matching instruction in range source ID: 5, lines: 76..77, bytes: 3237..3270
2026-09-24T11:28:02.960142Z  WARN foundry_evm_coverage::anchors: could not find anchor item=Function "_changeMaximum" (location: (source ID: 11, lines: 145..152, bytes: 5721..6047), hits: 0) err=Could not find anchor: No matching instruction in range source ID: 11, lines: 145..152, bytes: 5721..6047
2026-09-24T11:28:02.960153Z  WARN foundry_evm_coverage::anchors: could not find anchor item=Statement (location: (source ID: 4, lines: 38..40, bytes: 1687..1813), hits: 0) err=Could not find anchor: No matching instruction in range source ID: 4, lines: 38..40, bytes: 1687..1813
2026-09-24T11:28:02.960165Z  WARN foundry_evm_coverage::anchors: could not find anchor item=Statement (location: (source ID: 5, lines: 76..77, bytes: 3237..3270), hits: 0) err=Could not find anchor: No matching instruction in range source ID: 5, lines: 76..77, bytes: 3237..3270
2026-09-24T11:28:02.960178Z  WARN foundry_evm_coverage::anchors: could not find anchor item=Line (location: (source ID: 11, lines: 146..147, bytes: 5804..5844), hits: 0) err=Could not find anchor: No matching instruction in range source ID: 11, lines: 146..147, bytes: 5804..5844
2026-09-24T11:28:02.960205Z  WARN foundry_evm_coverage::anchors: could not find anchor item=Statement (location: (source ID: 4, lines: 38..40, bytes: 1719..1813), hits: 0) err=Could not find anchor: No matching instruction in range source ID: 4, lines: 38..40, bytes: 1719..1813
2026-09-24T11:28:02.960218Z  WARN foundry_evm_coverage::anchors: could not find anchor item=Line (location: (source ID: 5, lines: 77..78, bytes: 3280..3323), hits: 0) err=Could not find anchor: No matching instruction in range source ID: 5, lines: 77..78, bytes: 3280..3323
2026-09-24T11:28:02.960230Z  WARN foundry_evm_coverage::anchors: could not find anchor item=Statement (location: (source ID: 11, lines: 146..147, bytes: 5804..5844), hits: 0) err=Could not find anchor: No matching instruction in range source ID: 11, lines: 146..147, bytes: 5804..5844
2026-09-24T11:28:02.960242Z  WARN foundry_evm_coverage::anchors: could not find anchor item=Statement (location: (source ID: 4, lines: 38..40, bytes: 1745..1813), hits: 0) err=Could not find anchor: No matching instruction in range source ID: 4, lines: 38..40, bytes: 1745..1813
2026-09-24T11:28:02.960255Z  WARN foundry_evm_coverage::anchors: could not find anchor item=Statement (location: (source ID: 5, lines: 77..78, bytes: 3280..3323), hits: 0) err=Could not find anchor: No matching instruction in range source ID: 5, lines: 77..78, bytes: 3280..3323
2026-09-24T11:28:02.960267Z  WARN foundry_evm_coverage::anchors: could not find anchor item=Line (location: (source ID: 11, lines: 147..148, bytes: 5854..5885), hits: 0) err=Could not find anchor: No matching instruction in range source ID: 11, lines: 147..148, bytes: 5854..5885
2026-09-24T11:28:02.960279Z  WARN foundry_evm_coverage::anchors: could not find anchor item=Line (location: (source ID: 4, lines: 39..40, bytes: 1790..1813), hits: 0) err=Could not find anchor: No matching instruction in range source ID: 4, lines: 39..40, bytes: 1790..1813
2026-09-24T11:28:02.960291Z  WARN foundry_evm_coverage::anchors: could not find anchor item=Line (location: (source ID: 5, lines: 78..79, bytes: 3333..3374), hits: 0) err=Could not find anchor: No matching instruction in range source ID: 5, lines: 78..79, bytes: 3333..3374
2026-09-24T11:28:02.960304Z  WARN foundry_evm_coverage::anchors: could not find anchor item=Statement (location: (source ID: 11, lines: 147..148, bytes: 5854..5885), hits: 0) err=Could not find anchor: No matching instruction in range source ID: 11, lines: 147..148, bytes: 5854..5885
2026-09-24T11:28:02.960315Z  WARN foundry_evm_coverage::anchors: could not find anchor item=Statement (location: (source ID: 4, lines: 39..40, bytes: 1790..1813), hits: 0) err=Could not find anchor: No matching instruction in range source ID: 4, lines: 39..40, bytes: 1790..1813
2026-09-24T11:28:02.960328Z  WARN foundry_evm_coverage::anchors: could not find anchor item=Statement (location: (source ID: 5, lines: 78..79, bytes: 3333..3374), hits: 0) err=Could not find anchor: No matching instruction in range source ID: 5, lines: 78..79, bytes: 3333..3374
2026-09-24T11:28:02.960341Z  WARN foundry_evm_coverage::anchors: could not find anchor item=Line (location: (source ID: 11, lines: 148..149, bytes: 5899..5935), hits: 0) err=Could not find anchor: No matching instruction in range source ID: 11, lines: 148..149, bytes: 5899..5935
2026-09-24T11:28:02.960355Z  WARN foundry_evm_coverage::anchors: could not find anchor item=Line (location: (source ID: 4, lines: 40..41, bytes: 1824..1853), hits: 0) err=Could not find anchor: No matching instruction in range source ID: 4, lines: 40..41, bytes: 1824..1853
2026-09-24T11:28:02.960367Z  WARN foundry_evm_coverage::anchors: could not find anchor item=Line (location: (source ID: 5, lines: 79..80, bytes: 3384..3405), hits: 0) err=Could not find anchor: No matching instruction in range source ID: 5, lines: 79..80, bytes: 3384..3405
2026-09-24T11:28:02.960380Z  WARN foundry_evm_coverage::anchors: could not find anchor item=Statement (location: (source ID: 11, lines: 148..149, bytes: 5899..5935), hits: 0) err=Could not find anchor: No matching instruction in range source ID: 11, lines: 148..149, bytes: 5899..5935
2026-09-24T11:28:02.960400Z  WARN foundry_evm_coverage::anchors: could not find anchor item=Statement (location: (source ID: 4, lines: 40..41, bytes: 1824..1853), hits: 0) err=Could not find anchor: No matching instruction in range source ID: 4, lines: 40..41, bytes: 1824..1853
2026-09-24T11:28:02.960413Z  WARN foundry_evm_coverage::anchors: could not find anchor item=Statement (location: (source ID: 5, lines: 79..80, bytes: 3384..3405), hits: 0) err=Could not find anchor: No matching instruction in range source ID: 5, lines: 79..80, bytes: 3384..3405
2026-09-24T11:28:02.960425Z  WARN foundry_evm_coverage::anchors: could not find anchor item=Statement (location: (source ID: 11, lines: 148..149, bytes: 5906..5935), hits: 0) err=Could not find anchor: No matching instruction in range source ID: 11, lines: 148..149, bytes: 5906..5935
2026-09-24T11:28:02.960436Z  WARN foundry_evm_coverage::anchors: could not find anchor item=Branch (branch: 0, path: 0) (location: (source ID: 4, lines: 40..41, bytes: 1824..1853), hits: 0) err=Could not find anchor: No matching instruction in range source ID: 4, lines: 40..41, bytes: 1824..1853
2026-09-24T11:28:02.960448Z  WARN foundry_evm_coverage::anchors: could not find anchor item=Line (location: (source ID: 5, lines: 80..81, bytes: 3415..3442), hits: 0) err=Could not find anchor: No matching instruction in range source ID: 5, lines: 80..81, bytes: 3415..3442
2026-09-24T11:28:02.960460Z  WARN foundry_evm_coverage::anchors: could not find anchor item=Statement (location: (source ID: 11, lines: 148..149, bytes: 5937..5977), hits: 0) err=Could not find anchor: No matching instruction in range source ID: 11, lines: 148..149, bytes: 5937..5977
2026-09-24T11:28:02.960472Z  WARN foundry_evm_coverage::anchors: could not find anchor item=Line (location: (source ID: 4, lines: 41..42, bytes: 1867..1905), hits: 0) err=Could not find anchor: No matching instruction in range source ID: 4, lines: 41..42, bytes: 1867..1905
2026-09-24T11:28:02.960484Z  WARN foundry_evm_coverage::anchors: could not find anchor item=Statement (location: (source ID: 5, lines: 80..81, bytes: 3415..3442), hits: 0) err=Could not find anchor: No matching instruction in range source ID: 5, lines: 80..81, bytes: 3415..3442
2026-09-24T11:28:02.960496Z  WARN foundry_evm_coverage::anchors: could not find anchor item=Branch (branch: 9, path: 0) (location: (source ID: 11, lines: 148..149, bytes: 5937..5977), hits: 0) err=Could not find anchor: No matching instruction in range source ID: 11, lines: 148..149, bytes: 5937..5977
2026-09-24T11:28:02.960508Z  WARN foundry_evm_coverage::anchors: could not find anchor item=Statement (location: (source ID: 4, lines: 41..42, bytes: 1867..1905), hits: 0) err=Could not find anchor: No matching instruction in range source ID: 4, lines: 41..42, bytes: 1867..1905
2026-09-24T11:28:02.960520Z  WARN foundry_evm_coverage::anchors: could not find anchor item=Line (location: (source ID: 5, lines: 81..82, bytes: 3452..3486), hits: 0) err=Could not find anchor: No matching instruction in range source ID: 5, lines: 81..82, bytes: 3452..3486
2026-09-24T11:28:02.960533Z  WARN foundry_evm_coverage::anchors: could not find anchor item=Line (location: (source ID: 11, lines: 149..150, bytes: 5987..6016), hits: 0) err=Could not find anchor: No matching instruction in range source ID: 11, lines: 149..150, bytes: 5987..6016
2026-09-24T11:28:02.960544Z  WARN foundry_evm_coverage::anchors: could not find anchor item=Statement (location: (source ID: 4, lines: 41..42, bytes: 1867..1911), hits: 0) err=Could not find anchor: No matching instruction in range source ID: 4, lines: 41..42, bytes: 1867..1911
2026-09-24T11:28:02.960562Z  WARN foundry_evm_coverage::anchors: could not find anchor item=Statement (location: (source ID: 5, lines: 81..82, bytes: 3452..3486), hits: 0) err=Could not find anchor: No matching instruction in range source ID: 5, lines: 81..82, bytes: 3452..3486
2026-09-24T11:28:02.960588Z  WARN foundry_evm_coverage::anchors: could not find anchor item=Statement (location: (source ID: 11, lines: 149..150, bytes: 5987..6016), hits: 0) err=Could not find anchor: No matching instruction in range source ID: 11, lines: 149..150, bytes: 5987..6016
2026-09-24T11:28:02.960628Z  WARN foundry_evm_coverage::anchors: could not find anchor item=Line (location: (source ID: 11, lines: 150..151, bytes: 6026..6040), hits: 0) err=Could not find anchor: No matching instruction in range source ID: 11, lines: 150..151, bytes: 6026..6040
2026-09-24T11:28:02.960600Z  WARN foundry_evm_coverage::anchors: could not find anchor item=Statement (location: (source ID: 4, lines: 41..42, bytes: 1913..1942), hits: 0) err=Could not find anchor: No matching instruction in range source ID: 4, lines: 41..42, bytes: 1913..1942
2026-09-24T11:28:02.960649Z  WARN foundry_evm_coverage::anchors: could not find anchor item=Line (location: (source ID: 5, lines: 93..94, bytes: 3988..4051), hits: 0) err=Could not find anchor: No matching instruction in range source ID: 5, lines: 93..94, bytes: 3988..4051
2026-09-24T11:28:02.960640Z  WARN foundry_evm_coverage::anchors: could not find anchor item=Statement (location: (source ID: 11, lines: 150..151, bytes: 6026..6040), hits: 0) err=Could not find anchor: No matching instruction in range source ID: 11, lines: 150..151, bytes: 6026..6040
2026-09-24T11:28:02.960653Z  WARN foundry_evm_coverage::anchors: could not find anchor item=Branch (branch: 1, path: 0) (location: (source ID: 4, lines: 41..42, bytes: 1913..1942), hits: 0) err=Could not find anchor: No matching instruction in range source ID: 4, lines: 41..42, bytes: 1913..1942
2026-09-24T11:28:02.960661Z  WARN foundry_evm_coverage::anchors: could not find anchor item=Function "_validateRemoteToken" (location: (source ID: 5, lines: 93..94, bytes: 3988..4051), hits: 0) err=Could not find anchor: No matching instruction in range source ID: 5, lines: 93..94, bytes: 3988..4051
2026-09-24T11:28:02.960672Z  WARN foundry_evm_coverage::anchors: could not find anchor item=Line (location: (source ID: 11, lines: 153..177, bytes: 6053..6917), hits: 0) err=Could not find anchor: No matching instruction in range source ID: 11, lines: 153..177, bytes: 6053..6917
2026-09-24T11:28:02.960684Z  WARN foundry_evm_coverage::anchors: could not find anchor item=Line (location: (source ID: 4, lines: 42..43, bytes: 1952..1979), hits: 0) err=Could not find anchor: No matching instruction in range source ID: 4, lines: 42..43, bytes: 1952..1979
2026-09-24T11:28:02.960710Z  WARN foundry_evm_coverage::anchors: could not find anchor item=Function "drainPending" (location: (source ID: 11, lines: 153..177, bytes: 6053..6917), hits: 0) err=Could not find anchor: No matching instruction in range source ID: 11, lines: 153..177, bytes: 6053..6917
2026-09-24T11:28:02.960722Z  WARN foundry_evm_coverage::anchors: could not find anchor item=Statement (location: (source ID: 4, lines: 42..43, bytes: 1952..1979), hits: 0) err=Could not find anchor: No matching instruction in range source ID: 4, lines: 42..43, bytes: 1952..1979
2026-09-24T11:28:02.960735Z  WARN foundry_evm_coverage::anchors: could not find anchor item=Line (location: (source ID: 11, lines: 154..155, bytes: 6096..6133), hits: 0) err=Could not find anchor: No matching instruction in range source ID: 11, lines: 154..155, bytes: 6096..6133
2026-09-24T11:28:02.960741Z  WARN foundry_evm_coverage::anchors: could not find anchor item=Line (location: (source ID: 4, lines: 43..44, bytes: 1989..2012), hits: 0) err=Could not find anchor: No matching instruction in range source ID: 4, lines: 43..44, bytes: 1989..2012
2026-09-24T11:28:02.960747Z  WARN foundry_evm_coverage::anchors: could not find anchor item=Statement (location: (source ID: 11, lines: 154..155, bytes: 6096..6133), hits: 0) err=Could not find anchor: No matching instruction in range source ID: 11, lines: 154..155, bytes: 6096..6133
2026-09-24T11:28:02.960771Z  WARN foundry_evm_coverage::anchors: could not find anchor item=Statement (location: (source ID: 4, lines: 43..44, bytes: 1989..2012), hits: 0) err=Could not find anchor: No matching instruction in range source ID: 4, lines: 43..44, bytes: 1989..2012
2026-09-24T11:28:02.960784Z  WARN foundry_evm_coverage::anchors: could not find anchor item=Line (location: (source ID: 11, lines: 155..156, bytes: 6143..6166), hits: 0) err=Could not find anchor: No matching instruction in range source ID: 11, lines: 155..156, bytes: 6143..6166
2026-09-24T11:28:02.960809Z  WARN foundry_evm_coverage::anchors: could not find anchor item=Statement (location: (source ID: 11, lines: 155..156, bytes: 6143..6166), hits: 0) err=Could not find anchor: No matching instruction in range source ID: 11, lines: 155..156, bytes: 6143..6166
2026-09-24T11:28:02.960820Z  WARN foundry_evm_coverage::anchors: could not find anchor item=Line (location: (source ID: 11, lines: 156..157, bytes: 6176..6192), hits: 0) err=Could not find anchor: No matching instruction in range source ID: 11, lines: 156..157, bytes: 6176..6192
2026-09-24T11:28:02.960830Z  WARN foundry_evm_coverage::anchors: could not find anchor item=Statement (location: (source ID: 11, lines: 156..157, bytes: 6176..6192), hits: 0) err=Could not find anchor: No matching instruction in range source ID: 11, lines: 156..157, bytes: 6176..6192
2026-09-24T11:28:02.960841Z  WARN foundry_evm_coverage::anchors: could not find anchor item=Line (location: (source ID: 11, lines: 157..158, bytes: 6202..6240), hits: 0) err=Could not find anchor: No matching instruction in range source ID: 11, lines: 157..158, bytes: 6202..6240
2026-09-24T11:28:02.960851Z  WARN foundry_evm_coverage::anchors: could not find anchor item=Statement (location: (source ID: 11, lines: 157..158, bytes: 6202..6240), hits: 0) err=Could not find anchor: No matching instruction in range source ID: 11, lines: 157..158, bytes: 6202..6240
2026-09-24T11:28:02.960861Z  WARN foundry_evm_coverage::anchors: could not find anchor item=Line (location: (source ID: 11, lines: 158..159, bytes: 6250..6274), hits: 0) err=Could not find anchor: No matching instruction in range source ID: 11, lines: 158..159, bytes: 6250..6274
2026-09-24T11:28:02.960872Z  WARN foundry_evm_coverage::anchors: could not find anchor item=Statement (location: (source ID: 11, lines: 158..159, bytes: 6250..6274), hits: 0) err=Could not find anchor: No matching instruction in range source ID: 11, lines: 158..159, bytes: 6250..6274
2026-09-24T11:28:02.960882Z  WARN foundry_evm_coverage::anchors: could not find anchor item=Line (location: (source ID: 11, lines: 159..160, bytes: 6284..6301), hits: 0) err=Could not find anchor: No matching instruction in range source ID: 11, lines: 159..160, bytes: 6284..6301
2026-09-24T11:28:02.960892Z  WARN foundry_evm_coverage::anchors: could not find anchor item=Statement (location: (source ID: 11, lines: 159..160, bytes: 6284..6301), hits: 0) err=Could not find anchor: No matching instruction in range source ID: 11, lines: 159..160, bytes: 6284..6301
2026-09-24T11:28:02.960902Z  WARN foundry_evm_coverage::anchors: could not find anchor item=Line (location: (source ID: 11, lines: 160..161, bytes: 6316..6325), hits: 0) err=Could not find anchor: No matching instruction in range source ID: 11, lines: 160..161, bytes: 6316..6325
2026-09-24T11:28:02.960913Z  WARN foundry_evm_coverage::anchors: could not find anchor item=Statement (location: (source ID: 11, lines: 160..161, bytes: 6316..6325), hits: 0) err=Could not find anchor: No matching instruction in range source ID: 11, lines: 160..161, bytes: 6316..6325
2026-09-24T11:28:02.960948Z  WARN foundry_evm_coverage::anchors: could not find anchor item=Statement (location: (source ID: 11, lines: 160..161, bytes: 6327..6346), hits: 0) err=Could not find anchor: No matching instruction in range source ID: 11, lines: 160..161, bytes: 6327..6346
2026-09-24T11:28:02.960959Z  WARN foundry_evm_coverage::anchors: could not find anchor item=Statement (location: (source ID: 11, lines: 160..161, bytes: 6348..6351), hits: 0) err=Could not find anchor: No matching instruction in range source ID: 11, lines: 160..161, bytes: 6348..6351
2026-09-24T11:28:02.960969Z  WARN foundry_evm_coverage::anchors: could not find anchor item=Line (location: (source ID: 11, lines: 161..162, bytes: 6371..6381), hits: 0) err=Could not find anchor: No matching instruction in range source ID: 11, lines: 161..162, bytes: 6371..6381
2026-09-24T11:28:02.960979Z  WARN foundry_evm_coverage::anchors: could not find anchor item=Statement (location: (source ID: 11, lines: 161..162, bytes: 6371..6381), hits: 0) err=Could not find anchor: No matching instruction in range source ID: 11, lines: 161..162, bytes: 6371..6381
2026-09-24T11:28:02.960990Z  WARN foundry_evm_coverage::anchors: could not find anchor item=Branch (branch: 10, path: 0) (location: (source ID: 11, lines: 161..166, bytes: 6383..6535), hits: 0) err=Could not find anchor: No matching instruction in range source ID: 11, lines: 161..166, bytes: 6383..6535
2026-09-24T11:28:02.961000Z  WARN foundry_evm_coverage::anchors: could not find anchor item=Line (location: (source ID: 11, lines: 162..163, bytes: 6401..6436), hits: 0) err=Could not find anchor: No matching instruction in range source ID: 11, lines: 162..163, bytes: 6401..6436
2026-09-24T11:28:02.961010Z  WARN foundry_evm_coverage::anchors: could not find anchor item=Statement (location: (source ID: 11, lines: 162..163, bytes: 6401..6436), hits: 0) err=Could not find anchor: No matching instruction in range source ID: 11, lines: 162..163, bytes: 6401..6436
2026-09-24T11:28:02.961021Z  WARN foundry_evm_coverage::anchors: could not find anchor item=Line (location: (source ID: 11, lines: 163..164, bytes: 6454..6470), hits: 0) err=Could not find anchor: No matching instruction in range source ID: 11, lines: 163..164, bytes: 6454..6470
2026-09-24T11:28:02.961031Z  WARN foundry_evm_coverage::anchors: could not find anchor item=Statement (location: (source ID: 11, lines: 163..164, bytes: 6454..6470), hits: 0) err=Could not find anchor: No matching instruction in range source ID: 11, lines: 163..164, bytes: 6454..6470
2026-09-24T11:28:02.961041Z  WARN foundry_evm_coverage::anchors: could not find anchor item=Line (location: (source ID: 11, lines: 164..165, bytes: 6488..6520), hits: 0) err=Could not find anchor: No matching instruction in range source ID: 11, lines: 164..165, bytes: 6488..6520
2026-09-24T11:28:02.961052Z  WARN foundry_evm_coverage::anchors: could not find anchor item=Statement (location: (source ID: 11, lines: 164..165, bytes: 6488..6520), hits: 0) err=Could not find anchor: No matching instruction in range source ID: 11, lines: 164..165, bytes: 6488..6520
2026-09-24T11:28:02.961062Z  WARN foundry_evm_coverage::anchors: could not find anchor item=Line (location: (source ID: 11, lines: 167..168, bytes: 6554..6591), hits: 0) err=Could not find anchor: No matching instruction in range source ID: 11, lines: 167..168, bytes: 6554..6591
2026-09-24T11:28:02.961072Z  WARN foundry_evm_coverage::anchors: could not find anchor item=Statement (location: (source ID: 11, lines: 167..168, bytes: 6554..6591), hits: 0) err=Could not find anchor: No matching instruction in range source ID: 11, lines: 167..168, bytes: 6554..6591
2026-09-24T11:28:02.961082Z  WARN foundry_evm_coverage::anchors: could not find anchor item=Line (location: (source ID: 11, lines: 168..169, bytes: 6606..6615), hits: 0) err=Could not find anchor: No matching instruction in range source ID: 11, lines: 168..169, bytes: 6606..6615
2026-09-24T11:28:02.961106Z  WARN foundry_evm_coverage::anchors: could not find anchor item=Statement (location: (source ID: 11, lines: 168..169, bytes: 6606..6615), hits: 0) err=Could not find anchor: No matching instruction in range source ID: 11, lines: 168..169, bytes: 6606..6615
2026-09-24T11:28:02.961116Z  WARN foundry_evm_coverage::anchors: could not find anchor item=Statement (location: (source ID: 11, lines: 168..169, bytes: 6617..6639), hits: 0) err=Could not find anchor: No matching instruction in range source ID: 11, lines: 168..169, bytes: 6617..6639
2026-09-24T11:28:02.961127Z  WARN foundry_evm_coverage::anchors: could not find anchor item=Statement (location: (source ID: 11, lines: 168..169, bytes: 6641..6644), hits: 0) err=Could not find anchor: No matching instruction in range source ID: 11, lines: 168..169, bytes: 6641..6644
2026-09-24T11:28:02.961137Z  WARN foundry_evm_coverage::anchors: could not find anchor item=Line (location: (source ID: 11, lines: 169..170, bytes: 6664..6676), hits: 0) err=Could not find anchor: No matching instruction in range source ID: 11, lines: 169..170, bytes: 6664..6676
2026-09-24T11:28:02.961137Z  WARN foundry_evm_coverage::anchors: could not find anchor item=Line (location: (source ID: 5, lines: 63..83, bytes: 2550..3493), hits: 0) err=Could not find anchor: No matching instruction in range source ID: 5, lines: 63..83, bytes: 2550..3493
2026-09-24T11:28:02.961148Z  WARN foundry_evm_coverage::anchors: could not find anchor item=Statement (location: (source ID: 11, lines: 169..170, bytes: 6664..6676), hits: 0) err=Could not find anchor: No matching instruction in range source ID: 11, lines: 169..170, bytes: 6664..6676
2026-09-24T11:28:02.961157Z  WARN foundry_evm_coverage::anchors: could not find anchor item=Function "constructor" (location: (source ID: 5, lines: 63..83, bytes: 2550..3493), hits: 0) err=Could not find anchor: No matching instruction in range source ID: 5, lines: 63..83, bytes: 2550..3493
2026-09-24T11:28:02.961162Z  WARN foundry_evm_coverage::anchors: could not find anchor item=Branch (branch: 11, path: 0) (location: (source ID: 11, lines: 169..175, bytes: 6678..6901), hits: 0) err=Could not find anchor: No matching instruction in range source ID: 11, lines: 169..175, bytes: 6678..6901
2026-09-24T11:28:02.961170Z  WARN foundry_evm_coverage::anchors: could not find anchor item=Line (location: (source ID: 5, lines: 65..66, bytes: 2623..2646), hits: 0) err=Could not find anchor: No matching instruction in range source ID: 5, lines: 65..66, bytes: 2623..2646
2026-09-24T11:28:02.961174Z  WARN foundry_evm_coverage::anchors: could not find anchor item=Line (location: (source ID: 11, lines: 170..171, bytes: 6696..6736), hits: 0) err=Could not find anchor: No matching instruction in range source ID: 11, lines: 170..171, bytes: 6696..6736
2026-09-24T11:28:02.961182Z  WARN foundry_evm_coverage::anchors: could not find anchor item=Statement (location: (source ID: 5, lines: 65..66, bytes: 2623..2646), hits: 0) err=Could not find anchor: No matching instruction in range source ID: 5, lines: 65..66, bytes: 2623..2646
2026-09-24T11:28:02.961186Z  WARN foundry_evm_coverage::anchors: could not find anchor item=Statement (location: (source ID: 11, lines: 170..171, bytes: 6696..6736), hits: 0) err=Could not find anchor: No matching instruction in range source ID: 11, lines: 170..171, bytes: 6696..6736
2026-09-24T11:28:02.961194Z  WARN foundry_evm_coverage::anchors: could not find anchor item=Statement (location: (source ID: 5, lines: 65..66, bytes: 2650..2674), hits: 0) err=Could not find anchor: No matching instruction in range source ID: 5, lines: 65..66, bytes: 2650..2674
2026-09-24T11:28:02.961198Z  WARN foundry_evm_coverage::anchors: could not find anchor item=Line (location: (source ID: 11, lines: 171..172, bytes: 6754..6772), hits: 0) err=Could not find anchor: No matching instruction in range source ID: 11, lines: 171..172, bytes: 6754..6772
2026-09-24T11:28:02.961206Z  WARN foundry_evm_coverage::anchors: could not find anchor item=Statement (location: (source ID: 5, lines: 65..66, bytes: 2678..2710), hits: 0) err=Could not find anchor: No matching instruction in range source ID: 5, lines: 65..66, bytes: 2678..2710
2026-09-24T11:28:02.961210Z  WARN foundry_evm_coverage::anchors: could not find anchor item=Statement (location: (source ID: 11, lines: 171..172, bytes: 6754..6772), hits: 0) err=Could not find anchor: No matching instruction in range source ID: 11, lines: 171..172, bytes: 6754..6772
2026-09-24T11:28:02.961227Z  WARN foundry_evm_coverage::anchors: could not find anchor item=Statement (location: (source ID: 5, lines: 65..68, bytes: 2623..2865), hits: 0) err=Could not find anchor: No matching instruction in range source ID: 5, lines: 65..68, bytes: 2623..2865
2026-09-24T11:28:02.961239Z  WARN foundry_evm_coverage::anchors: could not find anchor item=Line (location: (source ID: 11, lines: 172..173, bytes: 6790..6828), hits: 0) err=Could not find anchor: No matching instruction in range source ID: 11, lines: 172..173, bytes: 6790..6828
2026-09-24T11:28:02.961246Z  WARN foundry_evm_coverage::anchors: could not find anchor item=Statement (location: (source ID: 5, lines: 65..68, bytes: 2650..2865), hits: 0) err=Could not find anchor: No matching instruction in range source ID: 5, lines: 65..68, bytes: 2650..2865
2026-09-24T11:28:02.961251Z  WARN foundry_evm_coverage::anchors: could not find anchor item=Statement (location: (source ID: 11, lines: 172..173, bytes: 6790..6828), hits: 0) err=Could not find anchor: No matching instruction in range source ID: 11, lines: 172..173, bytes: 6790..6828
2026-09-24T11:28:02.961258Z  WARN foundry_evm_coverage::anchors: could not find anchor item=Statement (location: (source ID: 5, lines: 65..68, bytes: 2678..2865), hits: 0) err=Could not find anchor: No matching instruction in range source ID: 5, lines: 65..68, bytes: 2678..2865
2026-09-24T11:28:02.961263Z  WARN foundry_evm_coverage::anchors: could not find anchor item=Line (location: (source ID: 11, lines: 173..174, bytes: 6846..6886), hits: 0) err=Could not find anchor: No matching instruction in range source ID: 11, lines: 173..174, bytes: 6846..6886
2026-09-24T11:28:02.961270Z  WARN foundry_evm_coverage::anchors: could not find anchor item=Line (location: (source ID: 5, lines: 66..67, bytes: 2730..2751), hits: 0) err=Could not find anchor: No matching instruction in range source ID: 5, lines: 66..67, bytes: 2730..2751
2026-09-24T11:28:02.961275Z  WARN foundry_evm_coverage::anchors: could not find anchor item=Statement (location: (source ID: 11, lines: 173..174, bytes: 6846..6886), hits: 0) err=Could not find anchor: No matching instruction in range source ID: 11, lines: 173..174, bytes: 6846..6886
2026-09-24T11:28:02.961283Z  WARN foundry_evm_coverage::anchors: could not find anchor item=Statement (location: (source ID: 5, lines: 66..67, bytes: 2730..2751), hits: 0) err=Could not find anchor: No matching instruction in range source ID: 5, lines: 66..67, bytes: 2730..2751
2026-09-24T11:28:02.961288Z  WARN foundry_evm_coverage::anchors: could not find anchor item=Line (location: (source ID: 14, lines: 26..48, bytes: 1100..2002), hits: 0) err=Could not find anchor: No matching instruction in range source ID: 14, lines: 26..48, bytes: 1100..2002
2026-09-24T11:28:02.961297Z  WARN foundry_evm_coverage::anchors: could not find anchor item=Statement (location: (source ID: 5, lines: 66..67, bytes: 2755..2772), hits: 0) err=Could not find anchor: No matching instruction in range source ID: 5, lines: 66..67, bytes: 2755..2772
2026-09-24T11:28:02.961299Z  WARN foundry_evm_coverage::anchors: could not find anchor item=Function "setUp" (location: (source ID: 14, lines: 26..48, bytes: 1100..2002), hits: 0) err=Could not find anchor: No matching instruction in range source ID: 14, lines: 26..48, bytes: 1100..2002
2026-09-24T11:28:02.961311Z  WARN foundry_evm_coverage::anchors: could not find anchor item=Statement (location: (source ID: 5, lines: 66..67, bytes: 2776..2794), hits: 0) err=Could not find anchor: No matching instruction in range source ID: 5, lines: 66..67, bytes: 2776..2794
2026-09-24T11:28:02.961319Z  WARN foundry_evm_coverage::anchors: could not find anchor item=Line (location: (source ID: 14, lines: 27..28, bytes: 1142..1183), hits: 0) err=Could not find anchor: No matching instruction in range source ID: 14, lines: 27..28, bytes: 1142..1183
2026-09-24T11:28:02.961328Z  WARN foundry_evm_coverage::anchors: could not find anchor item=Statement (location: (source ID: 5, lines: 66..68, bytes: 2730..2865), hits: 0) err=Could not find anchor: No matching instruction in range source ID: 5, lines: 66..68, bytes: 2730..2865
2026-09-24T11:28:02.961342Z  WARN foundry_evm_coverage::anchors: could not find anchor item=Statement (location: (source ID: 14, lines: 27..28, bytes: 1142..1183), hits: 0) err=Could not find anchor: No matching instruction in range source ID: 14, lines: 27..28, bytes: 1142..1183
2026-09-24T11:28:02.961354Z  WARN foundry_evm_coverage::anchors: could not find anchor item=Statement (location: (source ID: 5, lines: 66..68, bytes: 2755..2865), hits: 0) err=Could not find anchor: No matching instruction in range source ID: 5, lines: 66..68, bytes: 2755..2865
2026-09-24T11:28:02.961376Z  WARN foundry_evm_coverage::anchors: could not find anchor item=Line (location: (source ID: 14, lines: 28..29, bytes: 1193..1244), hits: 0) err=Could not find anchor: No matching instruction in range source ID: 14, lines: 28..29, bytes: 1193..1244
2026-09-24T11:28:02.961381Z  WARN foundry_evm_coverage::anchors: could not find anchor item=Statement (location: (source ID: 5, lines: 66..68, bytes: 2776..2865), hits: 0) err=Could not find anchor: No matching instruction in range source ID: 5, lines: 66..68, bytes: 2776..2865
2026-09-24T11:28:02.961387Z  WARN foundry_evm_coverage::anchors: could not find anchor item=Statement (location: (source ID: 14, lines: 28..29, bytes: 1193..1244), hits: 0) err=Could not find anchor: No matching instruction in range source ID: 14, lines: 28..29, bytes: 1193..1244
2026-09-24T11:28:02.961395Z  WARN foundry_evm_coverage::anchors: could not find anchor item=Line (location: (source ID: 5, lines: 67..68, bytes: 2814..2843), hits: 0) err=Could not find anchor: No matching instruction in range source ID: 5, lines: 67..68, bytes: 2814..2843
2026-09-24T11:28:02.961397Z  WARN foundry_evm_coverage::anchors: could not find anchor item=Line (location: (source ID: 14, lines: 29..30, bytes: 1254..1282), hits: 0) err=Could not find anchor: No matching instruction in range source ID: 14, lines: 29..30, bytes: 1254..1282
2026-09-24T11:28:02.961407Z  WARN foundry_evm_coverage::anchors: could not find anchor item=Statement (location: (source ID: 5, lines: 67..68, bytes: 2814..2843), hits: 0) err=Could not find anchor: No matching instruction in range source ID: 5, lines: 67..68, bytes: 2814..2843
2026-09-24T11:28:02.961411Z  WARN foundry_evm_coverage::anchors: could not find anchor item=Statement (location: (source ID: 14, lines: 29..30, bytes: 1254..1282), hits: 0) err=Could not find anchor: No matching instruction in range source ID: 14, lines: 29..30, bytes: 1254..1282
2026-09-24T11:28:02.961419Z  WARN foundry_evm_coverage::anchors: could not find anchor item=Statement (location: (source ID: 5, lines: 67..68, bytes: 2814..2865), hits: 0) err=Could not find anchor: No matching instruction in range source ID: 5, lines: 67..68, bytes: 2814..2865
2026-09-24T11:28:02.961422Z  WARN foundry_evm_coverage::anchors: could not find anchor item=Line (location: (source ID: 14, lines: 30..31, bytes: 1292..1384), hits: 0) err=Could not find anchor: No matching instruction in range source ID: 14, lines: 30..31, bytes: 1292..1384
2026-09-24T11:28:02.961432Z  WARN foundry_evm_coverage::anchors: could not find anchor item=Statement (location: (source ID: 5, lines: 67..68, bytes: 2847..2865), hits: 0) err=Could not find anchor: No matching instruction in range source ID: 5, lines: 67..68, bytes: 2847..2865
2026-09-24T11:28:02.961435Z  WARN foundry_evm_coverage::anchors: could not find anchor item=Statement (location: (source ID: 14, lines: 30..31, bytes: 1292..1384), hits: 0) err=Could not find anchor: No matching instruction in range source ID: 14, lines: 30..31, bytes: 1292..1384
2026-09-24T11:28:02.961457Z  WARN foundry_evm_coverage::anchors: could not find anchor item=Line (location: (source ID: 14, lines: 31..38, bytes: 1394..1603), hits: 0) err=Could not find anchor: No matching instruction in range source ID: 14, lines: 31..38, bytes: 1394..1603
2026-09-24T11:28:02.961467Z  WARN foundry_evm_coverage::anchors: could not find anchor item=Statement (location: (source ID: 14, lines: 31..38, bytes: 1394..1603), hits: 0) err=Could not find anchor: No matching instruction in range source ID: 14, lines: 31..38, bytes: 1394..1603
2026-09-24T11:28:02.961477Z  WARN foundry_evm_coverage::anchors: could not find anchor item=Line (location: (source ID: 14, lines: 38..39, bytes: 1613..1644), hits: 0) err=Could not find anchor: No matching instruction in range source ID: 14, lines: 38..39, bytes: 1613..1644
2026-09-24T11:28:02.961487Z  WARN foundry_evm_coverage::anchors: could not find anchor item=Statement (location: (source ID: 14, lines: 38..39, bytes: 1613..1644), hits: 0) err=Could not find anchor: No matching instruction in range source ID: 14, lines: 38..39, bytes: 1613..1644
2026-09-24T11:28:02.961444Z  WARN foundry_evm_coverage::anchors: could not find anchor item=Line (location: (source ID: 5, lines: 68..69, bytes: 2876..2905), hits: 0) err=Could not find anchor: No matching instruction in range source ID: 5, lines: 68..69, bytes: 2876..2905
2026-09-24T11:28:02.961497Z  WARN foundry_evm_coverage::anchors: could not find anchor item=Line (location: (source ID: 14, lines: 39..40, bytes: 1654..1716), hits: 0) err=Could not find anchor: No matching instruction in range source ID: 14, lines: 39..40, bytes: 1654..1716
2026-09-24T11:28:02.961511Z  WARN foundry_evm_coverage::anchors: could not find anchor item=Statement (location: (source ID: 5, lines: 68..69, bytes: 2876..2905), hits: 0) err=Could not find anchor: No matching instruction in range source ID: 5, lines: 68..69, bytes: 2876..2905
2026-09-24T11:28:02.961521Z  WARN foundry_evm_coverage::anchors: could not find anchor item=Statement (location: (source ID: 14, lines: 39..40, bytes: 1654..1716), hits: 0) err=Could not find anchor: No matching instruction in range source ID: 14, lines: 39..40, bytes: 1654..1716
2026-09-24T11:28:02.961530Z  WARN foundry_evm_coverage::anchors: could not find anchor item=Branch (branch: 0, path: 0) (location: (source ID: 5, lines: 68..69, bytes: 2876..2905), hits: 0) err=Could not find anchor: No matching instruction in range source ID: 5, lines: 68..69, bytes: 2876..2905
2026-09-24T11:28:02.961532Z  WARN foundry_evm_coverage::anchors: could not find anchor item=Line (location: (source ID: 14, lines: 40..41, bytes: 1726..1772), hits: 0) err=Could not find anchor: No matching instruction in range source ID: 14, lines: 40..41, bytes: 1726..1772
2026-09-24T11:28:02.961543Z  WARN foundry_evm_coverage::anchors: could not find anchor item=Line (location: (source ID: 5, lines: 69..70, bytes: 2915..2947), hits: 0) err=Could not find anchor: No matching instruction in range source ID: 5, lines: 69..70, bytes: 2915..2947
2026-09-24T11:28:02.961547Z  WARN foundry_evm_coverage::anchors: could not find anchor item=Statement (location: (source ID: 14, lines: 40..41, bytes: 1726..1772), hits: 0) err=Could not find anchor: No matching instruction in range source ID: 14, lines: 40..41, bytes: 1726..1772
2026-09-24T11:28:02.961555Z  WARN foundry_evm_coverage::anchors: could not find anchor item=Statement (location: (source ID: 5, lines: 69..70, bytes: 2915..2947), hits: 0) err=Could not find anchor: No matching instruction in range source ID: 5, lines: 69..70, bytes: 2915..2947
2026-09-24T11:28:02.961557Z  WARN foundry_evm_coverage::anchors: could not find anchor item=Line (location: (source ID: 14, lines: 41..42, bytes: 1782..1798), hits: 0) err=Could not find anchor: No matching instruction in range source ID: 14, lines: 41..42, bytes: 1782..1798
2026-09-24T11:28:02.961569Z  WARN foundry_evm_coverage::anchors: could not find anchor item=Line (location: (source ID: 5, lines: 70..71, bytes: 2961..2979), hits: 0) err=Could not find anchor: No matching instruction in range source ID: 5, lines: 70..71, bytes: 2961..2979
2026-09-24T11:28:02.961573Z  WARN foundry_evm_coverage::anchors: could not find anchor item=Statement (location: (source ID: 14, lines: 41..42, bytes: 1782..1798), hits: 0) err=Could not find anchor: No matching instruction in range source ID: 14, lines: 41..42, bytes: 1782..1798
2026-09-24T11:28:02.961591Z  WARN foundry_evm_coverage::anchors: could not find anchor item=Statement (location: (source ID: 5, lines: 70..71, bytes: 2961..2979), hits: 0) err=Could not find anchor: No matching instruction in range source ID: 5, lines: 70..71, bytes: 2961..2979
2026-09-24T11:28:02.961601Z  WARN foundry_evm_coverage::anchors: could not find anchor item=Line (location: (source ID: 14, lines: 42..43, bytes: 1808..1825), hits: 0) err=Could not find anchor: No matching instruction in range source ID: 14, lines: 42..43, bytes: 1808..1825
2026-09-24T11:28:02.961612Z  WARN foundry_evm_coverage::anchors: could not find anchor item=Statement (location: (source ID: 14, lines: 42..43, bytes: 1808..1825), hits: 0) err=Could not find anchor: No matching instruction in range source ID: 14, lines: 42..43, bytes: 1808..1825
2026-09-24T11:28:02.961623Z  WARN foundry_evm_coverage::anchors: could not find anchor item=Line (location: (source ID: 14, lines: 43..44, bytes: 1835..1877), hits: 0) err=Could not find anchor: No matching instruction in range source ID: 14, lines: 43..44, bytes: 1835..1877
2026-09-24T11:28:02.961613Z  WARN foundry_evm_coverage::anchors: could not find anchor item=Statement (location: (source ID: 5, lines: 70..71, bytes: 2961..2995), hits: 0) err=Could not find anchor: No matching instruction in range source ID: 5, lines: 70..71, bytes: 2961..2995
2026-09-24T11:28:02.961633Z  WARN foundry_evm_coverage::anchors: could not find anchor item=Statement (location: (source ID: 14, lines: 43..44, bytes: 1835..1877), hits: 0) err=Could not find anchor: No matching instruction in range source ID: 14, lines: 43..44, bytes: 1835..1877
2026-09-24T11:28:02.961647Z  WARN foundry_evm_coverage::anchors: could not find anchor item=Statement (location: (source ID: 5, lines: 70..71, bytes: 2961..3039), hits: 0) err=Could not find anchor: No matching instruction in range source ID: 5, lines: 70..71, bytes: 2961..3039
2026-09-24T11:28:02.961656Z  WARN foundry_evm_coverage::anchors: could not find anchor item=Line (location: (source ID: 14, lines: 44..45, bytes: 1887..1902), hits: 0) err=Could not find anchor: No matching instruction in range source ID: 14, lines: 44..45, bytes: 1887..1902
2026-09-24T11:28:02.961665Z  WARN foundry_evm_coverage::anchors: could not find anchor item=Statement (location: (source ID: 5, lines: 70..71, bytes: 2999..3020), hits: 0) err=Could not find anchor: No matching instruction in range source ID: 5, lines: 70..71, bytes: 2999..3020
2026-09-24T11:28:02.961667Z  WARN foundry_evm_coverage::anchors: could not find anchor item=Statement (location: (source ID: 14, lines: 44..45, bytes: 1887..1902), hits: 0) err=Could not find anchor: No matching instruction in range source ID: 14, lines: 44..45, bytes: 1887..1902
2026-09-24T11:28:02.961679Z  WARN foundry_evm_coverage::anchors: could not find anchor item=Statement (location: (source ID: 5, lines: 70..71, bytes: 2999..3039), hits: 0) err=Could not find anchor: No matching instruction in range source ID: 5, lines: 70..71, bytes: 2999..3039
2026-09-24T11:28:02.961682Z  WARN foundry_evm_coverage::anchors: could not find anchor item=Line (location: (source ID: 14, lines: 45..46, bytes: 1912..1960), hits: 0) err=Could not find anchor: No matching instruction in range source ID: 14, lines: 45..46, bytes: 1912..1960
2026-09-24T11:28:02.961691Z  WARN foundry_evm_coverage::anchors: could not find anchor item=Branch (branch: 1, path: 0) (location: (source ID: 5, lines: 70..73, bytes: 3041..3095), hits: 0) err=Could not find anchor: No matching instruction in range source ID: 5, lines: 70..73, bytes: 3041..3095
2026-09-24T11:28:02.961692Z  WARN foundry_evm_coverage::anchors: could not find anchor item=Statement (location: (source ID: 14, lines: 45..46, bytes: 1912..1960), hits: 0) err=Could not find anchor: No matching instruction in range source ID: 14, lines: 45..46, bytes: 1912..1960
2026-09-24T11:28:02.961705Z  WARN foundry_evm_coverage::anchors: could not find anchor item=Line (location: (source ID: 5, lines: 71..72, bytes: 3055..3084), hits: 0) err=Could not find anchor: No matching instruction in range source ID: 5, lines: 71..72, bytes: 3055..3084
2026-09-24T11:28:02.961740Z  WARN foundry_evm_coverage::anchors: could not find anchor item=Line (location: (source ID: 14, lines: 46..47, bytes: 1970..1995), hits: 0) err=Could not find anchor: No matching instruction in range source ID: 14, lines: 46..47, bytes: 1970..1995
2026-09-24T11:28:02.961755Z  WARN foundry_evm_coverage::anchors: could not find anchor item=Statement (location: (source ID: 5, lines: 71..72, bytes: 3055..3084), hits: 0) err=Could not find anchor: No matching instruction in range source ID: 5, lines: 71..72, bytes: 3055..3084
2026-09-24T11:28:02.961764Z  WARN foundry_evm_coverage::anchors: could not find anchor item=Statement (location: (source ID: 14, lines: 46..47, bytes: 1970..1995), hits: 0) err=Could not find anchor: No matching instruction in range source ID: 14, lines: 46..47, bytes: 1970..1995
2026-09-24T11:28:02.961773Z  WARN foundry_evm_coverage::anchors: could not find anchor item=Line (location: (source ID: 5, lines: 73..74, bytes: 3104..3137), hits: 0) err=Could not find anchor: No matching instruction in range source ID: 5, lines: 73..74, bytes: 3104..3137
2026-09-24T11:28:02.961776Z  WARN foundry_evm_coverage::anchors: could not find anchor item=Line (location: (source ID: 14, lines: 49..52, bytes: 2008..2105), hits: 0) err=Could not find anchor: No matching instruction in range source ID: 14, lines: 49..52, bytes: 2008..2105
2026-09-24T11:28:02.961787Z  WARN foundry_evm_coverage::anchors: could not find anchor item=Statement (location: (source ID: 5, lines: 73..74, bytes: 3104..3137), hits: 0) err=Could not find anchor: No matching instruction in range source ID: 5, lines: 73..74, bytes: 3104..3137
2026-09-24T11:28:02.961791Z  WARN foundry_evm_coverage::anchors: could not find anchor item=Function "_metadataMaxAge" (location: (source ID: 14, lines: 49..52, bytes: 2008..2105), hits: 0) err=Could not find anchor: No matching instruction in range source ID: 14, lines: 49..52, bytes: 2008..2105
2026-09-24T11:28:02.961799Z  WARN foundry_evm_coverage::anchors: could not find anchor item=Line (location: (source ID: 5, lines: 74..75, bytes: 3147..3182), hits: 0) err=Could not find anchor: No matching instruction in range source ID: 5, lines: 74..75, bytes: 3147..3182
2026-09-24T11:28:02.961801Z  WARN foundry_evm_coverage::anchors: could not find anchor item=Line (location: (source ID: 14, lines: 50..51, bytes: 2085..2098), hits: 0) err=Could not find anchor: No matching instruction in range source ID: 14, lines: 50..51, bytes: 2085..2098
2026-09-24T11:28:02.961813Z  WARN foundry_evm_coverage::anchors: could not find anchor item=Statement (location: (source ID: 5, lines: 74..75, bytes: 3147..3182), hits: 0) err=Could not find anchor: No matching instruction in range source ID: 5, lines: 74..75, bytes: 3147..3182
2026-09-24T11:28:02.961816Z  WARN foundry_evm_coverage::anchors: could not find anchor item=Statement (location: (source ID: 14, lines: 50..51, bytes: 2085..2098), hits: 0) err=Could not find anchor: No matching instruction in range source ID: 14, lines: 50..51, bytes: 2085..2098
2026-09-24T11:28:02.961824Z  WARN foundry_evm_coverage::anchors: could not find anchor item=Line (location: (source ID: 5, lines: 75..76, bytes: 3192..3227), hits: 0) err=Could not find anchor: No matching instruction in range source ID: 5, lines: 75..76, bytes: 3192..3227
2026-09-24T11:28:02.961837Z  WARN foundry_evm_coverage::anchors: could not find anchor item=Statement (location: (source ID: 5, lines: 75..76, bytes: 3192..3227), hits: 0) err=Could not find anchor: No matching instruction in range source ID: 5, lines: 75..76, bytes: 3192..3227
2026-09-24T11:28:02.961838Z  WARN foundry_evm_coverage::anchors: could not find anchor item=Line (location: (source ID: 14, lines: 68..71, bytes: 2657..2764), hits: 0) err=Could not find anchor: No matching instruction in range source ID: 14, lines: 68..71, bytes: 2657..2764
2026-09-24T11:28:02.961860Z  WARN foundry_evm_coverage::anchors: could not find anchor item=Line (location: (source ID: 5, lines: 76..77, bytes: 3237..3270), hits: 0) err=Could not find anchor: No matching instruction in range source ID: 5, lines: 76..77, bytes: 3237..3270
2026-09-24T11:28:02.961869Z  WARN foundry_evm_coverage::anchors: could not find anchor item=Function "_net" (location: (source ID: 14, lines: 68..71, bytes: 2657..2764), hits: 0) err=Could not find anchor: No matching instruction in range source ID: 14, lines: 68..71, bytes: 2657..2764
2026-09-24T11:28:02.961879Z  WARN foundry_evm_coverage::anchors: could not find anchor item=Statement (location: (source ID: 5, lines: 76..77, bytes: 3237..3270), hits: 0) err=Could not find anchor: No matching instruction in range source ID: 5, lines: 76..77, bytes: 3237..3270
2026-09-24T11:28:02.961881Z  WARN foundry_evm_coverage::anchors: could not find anchor item=Line (location: (source ID: 14, lines: 69..70, bytes: 2729..2757), hits: 0) err=Could not find anchor: No matching instruction in range source ID: 14, lines: 69..70, bytes: 2729..2757
2026-09-24T11:28:02.961893Z  WARN foundry_evm_coverage::anchors: could not find anchor item=Line (location: (source ID: 5, lines: 77..78, bytes: 3280..3323), hits: 0) err=Could not find anchor: No matching instruction in range source ID: 5, lines: 77..78, bytes: 3280..3323
2026-09-24T11:28:02.961896Z  WARN foundry_evm_coverage::anchors: could not find anchor item=Statement (location: (source ID: 14, lines: 69..70, bytes: 2729..2757), hits: 0) err=Could not find anchor: No matching instruction in range source ID: 14, lines: 69..70, bytes: 2729..2757
2026-09-24T11:28:02.961905Z  WARN foundry_evm_coverage::anchors: could not find anchor item=Statement (location: (source ID: 5, lines: 77..78, bytes: 3280..3323), hits: 0) err=Could not find anchor: No matching instruction in range source ID: 5, lines: 77..78, bytes: 3280..3323
2026-09-24T11:28:02.961907Z  WARN foundry_evm_coverage::anchors: could not find anchor item=Statement (location: (source ID: 14, lines: 69..70, bytes: 2736..2757), hits: 0) err=Could not find anchor: No matching instruction in range source ID: 14, lines: 69..70, bytes: 2736..2757
2026-09-24T11:28:02.961918Z  WARN foundry_evm_coverage::anchors: could not find anchor item=Line (location: (source ID: 5, lines: 78..79, bytes: 3333..3374), hits: 0) err=Could not find anchor: No matching instruction in range source ID: 5, lines: 78..79, bytes: 3333..3374
2026-09-24T11:28:02.961922Z  WARN foundry_evm_coverage::anchors: could not find anchor item=Statement (location: (source ID: 14, lines: 69..70, bytes: 2745..2757), hits: 0) err=Could not find anchor: No matching instruction in range source ID: 14, lines: 69..70, bytes: 2745..2757
2026-09-24T11:28:02.961930Z  WARN foundry_evm_coverage::anchors: could not find anchor item=Statement (location: (source ID: 5, lines: 78..79, bytes: 3333..3374), hits: 0) err=Could not find anchor: No matching instruction in range source ID: 5, lines: 78..79, bytes: 3333..3374
2026-09-24T11:28:02.961933Z  WARN foundry_evm_coverage::anchors: could not find anchor item=Line (location: (source ID: 14, lines: 72..79, bytes: 2770..3104), hits: 0) err=Could not find anchor: No matching instruction in range source ID: 14, lines: 72..79, bytes: 2770..3104
2026-09-24T11:28:02.961943Z  WARN foundry_evm_coverage::anchors: could not find anchor item=Line (location: (source ID: 5, lines: 79..80, bytes: 3384..3405), hits: 0) err=Could not find anchor: No matching instruction in range source ID: 5, lines: 79..80, bytes: 3384..3405
2026-09-24T11:28:02.961947Z  WARN foundry_evm_coverage::anchors: could not find anchor item=Function "_deposit" (location: (source ID: 14, lines: 72..79, bytes: 2770..3104), hits: 0) err=Could not find anchor: No matching instruction in range source ID: 14, lines: 72..79, bytes: 2770..3104
2026-09-24T11:28:02.961954Z  WARN foundry_evm_coverage::anchors: could not find anchor item=Statement (location: (source ID: 5, lines: 79..80, bytes: 3384..3405), hits: 0) err=Could not find anchor: No matching instruction in range source ID: 5, lines: 79..80, bytes: 3384..3405
2026-09-24T11:28:02.961981Z  WARN foundry_evm_coverage::anchors: could not find anchor item=Line (location: (source ID: 14, lines: 73..74, bytes: 2872..2904), hits: 0) err=Could not find anchor: No matching instruction in range source ID: 14, lines: 73..74, bytes: 2872..2904
2026-09-24T11:28:02.962006Z  WARN foundry_evm_coverage::anchors: could not find anchor item=Statement (location: (source ID: 14, lines: 73..74, bytes: 2872..2904), hits: 0) err=Could not find anchor: No matching instruction in range source ID: 14, lines: 73..74, bytes: 2872..2904
2026-09-24T11:28:02.962016Z  WARN foundry_evm_coverage::anchors: could not find anchor item=Statement (location: (source ID: 14, lines: 73..74, bytes: 2886..2904), hits: 0) err=Could not find anchor: No matching instruction in range source ID: 14, lines: 73..74, bytes: 2886..2904
2026-09-24T11:28:02.962026Z  WARN foundry_evm_coverage::anchors: could not find anchor item=Line (location: (source ID: 14, lines: 74..75, bytes: 2914..2929), hits: 0) err=Could not find anchor: No matching instruction in range source ID: 14, lines: 74..75, bytes: 2914..2929
2026-09-24T11:28:02.961995Z  WARN foundry_evm_coverage::anchors: could not find anchor item=Line (location: (source ID: 5, lines: 80..81, bytes: 3415..3442), hits: 0) err=Could not find anchor: No matching instruction in range source ID: 5, lines: 80..81, bytes: 3415..3442
2026-09-24T11:28:02.962036Z  WARN foundry_evm_coverage::anchors: could not find anchor item=Statement (location: (source ID: 14, lines: 74..75, bytes: 2914..2929), hits: 0) err=Could not find anchor: No matching instruction in range source ID: 14, lines: 74..75, bytes: 2914..2929
2026-09-24T11:28:02.962050Z  WARN foundry_evm_coverage::anchors: could not find anchor item=Statement (location: (source ID: 5, lines: 80..81, bytes: 3415..3442), hits: 0) err=Could not find anchor: No matching instruction in range source ID: 5, lines: 80..81, bytes: 3415..3442
2026-09-24T11:28:02.962060Z  WARN foundry_evm_coverage::anchors: could not find anchor item=Line (location: (source ID: 14, lines: 75..76, bytes: 2939..2995), hits: 0) err=Could not find anchor: No matching instruction in range source ID: 14, lines: 75..76, bytes: 2939..2995
2026-09-24T11:28:02.962074Z  WARN foundry_evm_coverage::anchors: could not find anchor item=Line (location: (source ID: 5, lines: 81..82, bytes: 3452..3486), hits: 0) err=Could not find anchor: No matching instruction in range source ID: 5, lines: 81..82, bytes: 3452..3486
2026-09-24T11:28:02.962082Z  WARN foundry_evm_coverage::anchors: could not find anchor item=Statement (location: (source ID: 14, lines: 75..76, bytes: 2939..2995), hits: 0) err=Could not find anchor: No matching instruction in range source ID: 14, lines: 75..76, bytes: 2939..2995
2026-09-24T11:28:02.962092Z  WARN foundry_evm_coverage::anchors: could not find anchor item=Statement (location: (source ID: 5, lines: 81..82, bytes: 3452..3486), hits: 0) err=Could not find anchor: No matching instruction in range source ID: 5, lines: 81..82, bytes: 3452..3486
2026-09-24T11:28:02.962096Z  WARN foundry_evm_coverage::anchors: could not find anchor item=Statement (location: (source ID: 14, lines: 75..76, bytes: 2952..2995), hits: 0) err=Could not find anchor: No matching instruction in range source ID: 14, lines: 75..76, bytes: 2952..2995
2026-09-24T11:28:02.962106Z  WARN foundry_evm_coverage::anchors: could not find anchor item=Line (location: (source ID: 14, lines: 76..77, bytes: 3005..3056), hits: 0) err=Could not find anchor: No matching instruction in range source ID: 14, lines: 76..77, bytes: 3005..3056
2026-09-24T11:28:02.962115Z  WARN foundry_evm_coverage::anchors: could not find anchor item=Statement (location: (source ID: 14, lines: 76..77, bytes: 3005..3056), hits: 0) err=Could not find anchor: No matching instruction in range source ID: 14, lines: 76..77, bytes: 3005..3056
2026-09-24T11:28:02.962132Z  WARN foundry_evm_coverage::anchors: could not find anchor item=Line (location: (source ID: 14, lines: 77..78, bytes: 3066..3097), hits: 0) err=Could not find anchor: No matching instruction in range source ID: 14, lines: 77..78, bytes: 3066..3097
2026-09-24T11:28:02.962140Z  WARN foundry_evm_coverage::anchors: could not find anchor item=Statement (location: (source ID: 14, lines: 77..78, bytes: 3066..3097), hits: 0) err=Could not find anchor: No matching instruction in range source ID: 14, lines: 77..78, bytes: 3066..3097
2026-09-24T11:28:02.962149Z  WARN foundry_evm_coverage::anchors: could not find anchor item=Line (location: (source ID: 14, lines: 80..84, bytes: 3110..3270), hits: 0) err=Could not find anchor: No matching instruction in range source ID: 14, lines: 80..84, bytes: 3110..3270
2026-09-24T11:28:02.962157Z  WARN foundry_evm_coverage::anchors: could not find anchor item=Function "_mint" (location: (source ID: 14, lines: 80..84, bytes: 3110..3270), hits: 0) err=Could not find anchor: No matching instruction in range source ID: 14, lines: 80..84, bytes: 3110..3270
2026-09-24T11:28:02.962165Z  WARN foundry_evm_coverage::anchors: could not find anchor item=Line (location: (source ID: 14, lines: 81..82, bytes: 3190..3222), hits: 0) err=Could not find anchor: No matching instruction in range source ID: 14, lines: 81..82, bytes: 3190..3222
2026-09-24T11:28:02.962174Z  WARN foundry_evm_coverage::anchors: could not find anchor item=Statement (location: (source ID: 14, lines: 81..82, bytes: 3190..3222), hits: 0) err=Could not find anchor: No matching instruction in range source ID: 14, lines: 81..82, bytes: 3190..3222
2026-09-24T11:28:02.962182Z  WARN foundry_evm_coverage::anchors: could not find anchor item=Line (location: (source ID: 14, lines: 82..83, bytes: 3232..3263), hits: 0) err=Could not find anchor: No matching instruction in range source ID: 14, lines: 82..83, bytes: 3232..3263
2026-09-24T11:28:02.962190Z  WARN foundry_evm_coverage::anchors: could not find anchor item=Statement (location: (source ID: 14, lines: 82..83, bytes: 3232..3263), hits: 0) err=Could not find anchor: No matching instruction in range source ID: 14, lines: 82..83, bytes: 3232..3263
2026-09-24T11:28:02.962198Z  WARN foundry_evm_coverage::anchors: could not find anchor item=Line (location: (source ID: 14, lines: 85..92, bytes: 3276..3613), hits: 0) err=Could not find anchor: No matching instruction in range source ID: 14, lines: 85..92, bytes: 3276..3613
2026-09-24T11:28:02.962207Z  WARN foundry_evm_coverage::anchors: could not find anchor item=Function "_redeem" (location: (source ID: 14, lines: 85..92, bytes: 3276..3613), hits: 0) err=Could not find anchor: No matching instruction in range source ID: 14, lines: 85..92, bytes: 3276..3613
2026-09-24T11:28:02.962215Z  WARN foundry_evm_coverage::anchors: could not find anchor item=Line (location: (source ID: 14, lines: 86..87, bytes: 3378..3411), hits: 0) err=Could not find anchor: No matching instruction in range source ID: 14, lines: 86..87, bytes: 3378..3411
2026-09-24T11:28:02.962223Z  WARN foundry_evm_coverage::anchors: could not find anchor item=Statement (location: (source ID: 14, lines: 86..87, bytes: 3378..3411), hits: 0) err=Could not find anchor: No matching instruction in range source ID: 14, lines: 86..87, bytes: 3378..3411
2026-09-24T11:28:02.962231Z  WARN foundry_evm_coverage::anchors: could not find anchor item=Statement (location: (source ID: 14, lines: 86..87, bytes: 3392..3411), hits: 0) err=Could not find anchor: No matching instruction in range source ID: 14, lines: 86..87, bytes: 3392..3411
2026-09-24T11:28:02.962240Z  WARN foundry_evm_coverage::anchors: could not find anchor item=Line (location: (source ID: 14, lines: 87..88, bytes: 3421..3436), hits: 0) err=Could not find anchor: No matching instruction in range source ID: 14, lines: 87..88, bytes: 3421..3436
2026-09-24T11:28:02.962261Z  WARN foundry_evm_coverage::anchors: could not find anchor item=Statement (location: (source ID: 14, lines: 87..88, bytes: 3421..3436), hits: 0) err=Could not find anchor: No matching instruction in range source ID: 14, lines: 87..88, bytes: 3421..3436
2026-09-24T11:28:02.962269Z  WARN foundry_evm_coverage::anchors: could not find anchor item=Line (location: (source ID: 14, lines: 88..89, bytes: 3446..3503), hits: 0) err=Could not find anchor: No matching instruction in range source ID: 14, lines: 88..89, bytes: 3446..3503
2026-09-24T11:28:02.962277Z  WARN foundry_evm_coverage::anchors: could not find anchor item=Statement (location: (source ID: 14, lines: 88..89, bytes: 3446..3503), hits: 0) err=Could not find anchor: No matching instruction in range source ID: 14, lines: 88..89, bytes: 3446..3503
2026-09-24T11:28:02.962286Z  WARN foundry_evm_coverage::anchors: could not find anchor item=Statement (location: (source ID: 14, lines: 88..89, bytes: 3459..3503), hits: 0) err=Could not find anchor: No matching instruction in range source ID: 14, lines: 88..89, bytes: 3459..3503
2026-09-24T11:28:02.962294Z  WARN foundry_evm_coverage::anchors: could not find anchor item=Line (location: (source ID: 14, lines: 89..90, bytes: 3513..3570), hits: 0) err=Could not find anchor: No matching instruction in range source ID: 14, lines: 89..90, bytes: 3513..3570
2026-09-24T11:28:02.962302Z  WARN foundry_evm_coverage::anchors: could not find anchor item=Statement (location: (source ID: 14, lines: 89..90, bytes: 3513..3570), hits: 0) err=Could not find anchor: No matching instruction in range source ID: 14, lines: 89..90, bytes: 3513..3570
2026-09-24T11:28:02.962311Z  WARN foundry_evm_coverage::anchors: could not find anchor item=Line (location: (source ID: 14, lines: 90..91, bytes: 3580..3606), hits: 0) err=Could not find anchor: No matching instruction in range source ID: 14, lines: 90..91, bytes: 3580..3606
2026-09-24T11:28:02.962319Z  WARN foundry_evm_coverage::anchors: could not find anchor item=Statement (location: (source ID: 14, lines: 90..91, bytes: 3580..3606), hits: 0) err=Could not find anchor: No matching instruction in range source ID: 14, lines: 90..91, bytes: 3580..3606
2026-09-24T11:28:02.962327Z  WARN foundry_evm_coverage::anchors: could not find anchor item=Line (location: (source ID: 14, lines: 93..98, bytes: 3619..3835), hits: 0) err=Could not find anchor: No matching instruction in range source ID: 14, lines: 93..98, bytes: 3619..3835
2026-09-24T11:28:02.962335Z  WARN foundry_evm_coverage::anchors: could not find anchor item=Function "_metadata" (location: (source ID: 14, lines: 93..98, bytes: 3619..3835), hits: 0) err=Could not find anchor: No matching instruction in range source ID: 14, lines: 93..98, bytes: 3619..3835
2026-09-24T11:28:02.962344Z  WARN foundry_evm_coverage::anchors: could not find anchor item=Line (location: (source ID: 14, lines: 94..95, bytes: 3690..3726), hits: 0) err=Could not find anchor: No matching instruction in range source ID: 14, lines: 94..95, bytes: 3690..3726
2026-09-24T11:28:02.962352Z  WARN foundry_evm_coverage::anchors: could not find anchor item=Statement (location: (source ID: 14, lines: 94..95, bytes: 3690..3726), hits: 0) err=Could not find anchor: No matching instruction in range source ID: 14, lines: 94..95, bytes: 3690..3726
2026-09-24T11:28:02.962360Z  WARN foundry_evm_coverage::anchors: could not find anchor item=Statement (location: (source ID: 14, lines: 94..95, bytes: 3703..3726), hits: 0) err=Could not find anchor: No matching instruction in range source ID: 14, lines: 94..95, bytes: 3703..3726
2026-09-24T11:28:02.962368Z  WARN foundry_evm_coverage::anchors: could not find anchor item=Line (location: (source ID: 14, lines: 95..96, bytes: 3736..3787), hits: 0) err=Could not find anchor: No matching instruction in range source ID: 14, lines: 95..96, bytes: 3736..3787
2026-09-24T11:28:02.962377Z  WARN foundry_evm_coverage::anchors: could not find anchor item=Statement (location: (source ID: 14, lines: 95..96, bytes: 3736..3787), hits: 0) err=Could not find anchor: No matching instruction in range source ID: 14, lines: 95..96, bytes: 3736..3787
2026-09-24T11:28:02.962399Z  WARN foundry_evm_coverage::anchors: could not find anchor item=Line (location: (source ID: 14, lines: 96..97, bytes: 3797..3828), hits: 0) err=Could not find anchor: No matching instruction in range source ID: 14, lines: 96..97, bytes: 3797..3828
2026-09-24T11:28:02.962408Z  WARN foundry_evm_coverage::anchors: could not find anchor item=Statement (location: (source ID: 14, lines: 96..97, bytes: 3797..3828), hits: 0) err=Could not find anchor: No matching instruction in range source ID: 14, lines: 96..97, bytes: 3797..3828
Running tests...

Ran 8 tests for test/Metadata.t.sol:MetadataTest
[PASS] test_ExpiredMetadataFailsClosedButRawRedemptionRemainsAvailable() (gas: 2051908)
[PASS] test_InterfacesAndConversion() (gas: 774917)
[PASS] test_MetadataReplayAndUnauthorizedUpdatesRejected() (gas: 789798)
[PASS] test_OutOfOrderSnapshotsCannotOverwriteNewerState() (gas: 1389823)
[PASS] test_ScheduledActionCanBeCancelledByNewSnapshot() (gas: 1416395)
[PASS] test_ScheduledSplitDoesNotChangeRawBacking() (gas: 1588750)
[PASS] test_StaleMessageRequiresFreshPublication() (gas: 1390935)
[PASS] test_UninitializedMetadataDoesNotMisrepresentShares() (gas: 799293)
Suite result: ok. 8 passed; 0 failed; 0 skipped; finished in 10.48ms (7.76ms CPU time)

Ran 1 test for test/Governance.t.sol:GovernanceTest
[PASS] test_TimelockHasNoDeployerBypassAndGuardianCannotResume() (gas: 6317122)
Suite result: ok. 1 passed; 0 failed; 0 skipped; finished in 4.07ms (1.70ms CPU time)

Ran 2 tests for test/AssetExpansion.t.sol:AssetExpansionTest
[PASS] test_AddThirteenthAssetPreservesExistingTwelvePairs() (gas: 146489259)
[PASS] test_OneAssetMessageCannotMintAnotherAndPairPauseIsIsolated() (gas: 22486066)
Suite result: ok. 2 passed; 0 failed; 0 skipped; finished in 24.23ms (26.58ms CPU time)

Ran 12 tests for test/Metadata.t.sol:MonthlyMetadataTest
[PASS] test_AnyoneCanRenewUnchangedMetadataBeforeExpiry() (gas: 1422004)
[PASS] test_DelayedDeliveryDoesNotRestartThirtyDayLifetime() (gas: 1391695)
[PASS] test_ExpiredMetadataFailsClosedButRawRedemptionRemainsAvailable() (gas: 2051908)
[PASS] test_InterfacesAndConversion() (gas: 774962)
[PASS] test_MetadataLifetimeConstructorBounds() (gas: 1849404)
[PASS] test_MetadataReplayAndUnauthorizedUpdatesRejected() (gas: 789776)
[PASS] test_OutOfOrderSnapshotsCannotOverwriteNewerState() (gas: 1389801)
[PASS] test_ScheduledActionCanBeCancelledByNewSnapshot() (gas: 1416417)
[PASS] test_ScheduledSplitDoesNotChangeRawBacking() (gas: 1588772)
[PASS] test_StaleMessageRequiresFreshPublication() (gas: 1390980)
[PASS] test_ThirtyDayFreshnessBoundary() (gas: 775301)
[PASS] test_UninitializedMetadataDoesNotMisrepresentShares() (gas: 799271)
Suite result: ok. 12 passed; 0 failed; 0 skipped; finished in 24.82ms (22.22ms CPU time)

Ran 6 tests for test/DeploymentConfig.t.sol:DeploymentConfigTest
[PASS] test_DecimalStringsPreserveRawTokenPrecision() (gas: 15473841)
[PASS] test_NewDeploymentRejectsHistoricalCeilingDifferentFromInitialMaximum() (gas: 15450517)
[PASS] test_ObsoleteCapConfigRejectedBeforeDeployment() (gas: 15403601)
[PASS] test_ObsoleteRateConfigRejectedBeforeDeployment() (gas: 15417820)
[PASS] test_PlaceholderDeploymentFailsBeforeBroadcast() (gas: 15131266)
[PASS] test_ValidDeploymentCreatesTimelockOwnedPausedEndpoints() (gas: 32028398)
Suite result: ok. 6 passed; 0 failed; 0 skipped; finished in 28.81ms (13.34ms CPU time)

Ran 7 tests for test/TreasuryGovernance.t.sol:TreasuryGovernanceTest
[PASS] test_BlockedReplacementRollsBackAndRotationRestoresDeposits() (gas: 924747)
[PASS] test_GuardianPauseIsImmediateEvenWithTimelockOwner() (gas: 2462719)
[PASS] test_InvalidTreasuriesRejectedWithoutChangingRecipient() (gas: 45412)
[PASS] test_RotationAffectsFutureFeesOnlyAndPreservesPendingClaimAndBacking() (gas: 2016494)
[PASS] test_TreasuryCannotChangeDuringDepositEvenThroughOwnerCallback() (gas: 887294)
[PASS] test_TreasuryChangeRequiresMatureTimelockOperation() (gas: 3283864)
[PASS] test_UsersGuardianAndTreasuryCannotRedirectFees() (gas: 28195)
Suite result: ok. 7 passed; 0 failed; 0 skipped; finished in 41.37ms (12.22ms CPU time)

Ran 4 tests for test/HardwareWalletGovernance.t.sol:HardwareWalletGovernanceTest
[PASS] test_SharedEOARolesKeepTimelockOwnershipOnBothSides() (gas: 50759664)
[PASS] test_SharedWalletPausesImmediatelyButResumeWaitsForTimelock() (gas: 25062237)
[PASS] test_TreasuryChangeCannotBypassDelayWithSharedWallet() (gas: 24934795)
[PASS] test_ZeroAuthoritiesAndShortDelayRejectedBeforeDeployment() (gas: 22046541)
Suite result: ok. 4 passed; 0 failed; 0 skipped; finished in 48.77ms (15.21ms CPU time)

Ran 14 tests for test/TransferLimitGovernance.t.sol:TransferLimitGovernanceTest
[PASS] testFuzz_InboundCeilingNeverDecreasesAcrossChanges(uint256,uint256) (runs: 256, μ: 76874, ~: 80238)
[PASS] test_AllPendingLegacyMessagesCompleteWithoutWaitingAfterDecrease() (gas: 12540865)
[PASS] test_BothChangesRequireMatureTimelockWithoutPausingService() (gas: 3323457)
[PASS] test_ChangesNeedNoPauseAndNeverChangeLaneState() (gas: 76473)
[PASS] test_IncomingCeilingCannotBeLoweredOrZeroed() (gas: 46142)
[PASS] test_IncomingCeilingCannotChangeThroughOwnerCallbackDuringDeposit() (gas: 880669)
[PASS] test_LegacyCeilingStillRejectsLargerAuthenticatedMessage() (gas: 834630)
[PASS] test_LoweringPreservesPendingDepositsBurnsAndReplayProtection() (gas: 2719178)
[PASS] test_MaximumCannotChangeThroughOwnerCallbackDuringDeposit() (gas: 878861)
[PASS] test_NoFormerCapacityOrUint128CeilingOnConfiguredMaximum() (gas: 1368110)
[PASS] test_PrepareBothReceiversBeforeActivatingLargerRequestsWithoutPause() (gas: 2590748)
[PASS] test_RepeatedTransfersAndMaximumChangesHaveNoQuota() (gas: 24877071)
[PASS] test_UsersGuardianAndTreasuryCannotChangeEitherMaximum() (gas: 79447)
[PASS] test_ZeroAndUnpreparedMaximumRejected() (gas: 46522)
Suite result: ok. 14 passed; 0 failed; 0 skipped; finished in 60.57ms (111.86ms CPU time)

Ran 8 tests for test/EdgeCases.t.sol:EdgeCasesTest
[PASS] testFuzz_InvalidAuthenticatedMetadata(uint8) (runs: 256, μ: 712198, ~: 712460)
[PASS] testFuzz_InvalidEndpointConfiguration(uint8) (runs: 256, μ: 129947, ~: 129778)
[PASS] test_BackgroundBackingDeficitBlocksNewDeposits() (gas: 810747)
[PASS] test_BadSourceMetadataAndMessageFees() (gas: 76780)
[PASS] test_GuardianRotationAndInvalidMasks() (gas: 39472)
[PASS] test_PendingGettersAndInvalidConstructor() (gas: 919473)
[PASS] test_RawSnapshotReadableWhileStaleAndFullPrecisionConversion() (gas: 1535624)
[PASS] test_SupplyCanGrowInSameBlockWithoutTotalCap() (gas: 2049116)
Suite result: ok. 8 passed; 0 failed; 0 skipped; finished in 177.15ms (246.87ms CPU time)

Ran 13 tests for test/InternalAudit.t.sol:InternalAuditTest
[PASS] testFuzz_DirtyAbiWordsRejectedAndClaimStillDeliverable(uint8) (runs: 256, μ: 868299, ~: 863430)
[PASS] test_AlreadyReadyUnpauseDoesNotWaitAfterANewEmergencyPause() (gas: 6295686)
[PASS] test_DelayedOwnershipMigrationCanRemoveTimelockEntirely() (gas: 6300536)
[PASS] test_ExpiredScheduleIsNormalizedOnSourcePublication() (gas: 797013)
[PASS] test_FeeRecipientMayAlsoBeDepositorWithoutChangingBacking() (gas: 9389632)
[PASS] test_ForgedExcessRedemptionCannotSpendDonatedSurplus() (gas: 1441125)
[PASS] test_GovernanceCanReduceInitialTimelockDelayToZero() (gas: 6317904)
[PASS] test_ImmediateFeeRemainsPaidDuringDelayedDestinationExecution() (gas: 826443)
[PASS] test_IncompatibleRemoteMaximumRequiresGovernanceCorrectionNotJustWaiting() (gas: 9522814)
[PASS] test_RawTransfersRemainAvailableWithAllBridgeLanesPausedAndStaleMetadata() (gas: 1541195)
[PASS] test_ReleaseCallbackCannotReenterOrSpendSameClaimTwice() (gas: 1914547)
[PASS] test_RoundTripBeyondFormerTotalCapWithOutOfOrderDelivery() (gas: 2568530)
[PASS] test_WrongEntryPointDoesNotConsumeTransferOrMetadata() (gas: 1566804)
Suite result: ok. 13 passed; 0 failed; 0 skipped; finished in 178.25ms (202.70ms CPU time)

Ran 15 tests for test/SignedVAA.t.sol:SignedVAATest
[PASS] testFuzz_AnyTruncatedSignedVaaCannotMint(uint256) (runs: 256, μ: 499075, ~: 484812)
[PASS] test_AlternativeQuorumCannotReplaySameSequence() (gas: 696085)
[PASS] test_DuplicateGuardianCannotCountTwiceTowardQuorum() (gas: 545511)
[PASS] test_ExpiredAttestationNeedsResigningAndReSigningCannotDoubleMint() (gas: 1336692)
[PASS] test_ExpiredGuardianSetRejected() (gas: 678926)
[PASS] test_InsufficientQuorumRejected() (gas: 498236)
[PASS] test_NewGuardianKeysRecoverPendingMintWithoutReplay() (gas: 1247302)
[PASS] test_NewGuardianKeysRecoverPendingReleaseWithoutDoublePayment() (gas: 1594143)
[PASS] test_OutOfBoundsGuardianIndexRejected() (gas: 505422)
[PASS] test_RealBinaryVaaRoundTripAcrossDifferentEvmDomains() (gas: 962993)
[PASS] test_TamperedSignedPayloadRejected() (gas: 511677)
[PASS] test_TruncatedVAARejected() (gas: 27396)
[PASS] test_UnknownGuardianSetRejected() (gas: 495137)
[PASS] test_UnsupportedVaaVersionRejected() (gas: 459463)
[PASS] test_WrongGuardianSignatureRejected() (gas: 510995)
Suite result: ok. 15 passed; 0 failed; 0 skipped; finished in 206.12ms (245.95ms CPU time)

Ran 34 tests for test/Bridge.t.sol:BridgeTest
[PASS] testFuzz_InvalidAuthenticatedMessages(uint8) (runs: 256, μ: 765313, ~: 762135)
[PASS] testFuzz_RoundTripAndImmediateFee(uint256) (runs: 256, μ: 1347265, ~: 1350146)
[PASS] test_BackingDeficitBlocksExitsUntilRestored() (gas: 1476042)
[PASS] test_BurnReplay() (gas: 1427810)
[PASS] test_ChainChangeRejected() (gas: 650447)
[PASS] test_CoreDomainMismatchRejectedAtConstruction() (gas: 125225)
[PASS] test_DefaultPausedAndPeerRequired() (gas: 3805102)
[PASS] test_DonationsAreNotMintable() (gas: 801402)
[PASS] test_EmergencyGuardianCanPauseButCannotResume() (gas: 819270)
[PASS] test_FailedFeeTransferRollsBackEverything() (gas: 148666)
[PASS] test_FeeExample100Becomes995() (gas: 1357431)
[PASS] test_FeeRounding() (gas: 14411)
[PASS] test_IncorrectNativeFeesRejected() (gas: 75430)
[PASS] test_IssuerFreezeRetry() (gas: 1372332)
[PASS] test_ManyUsersCanDepositAndRedeemInSameBlockWithoutSharedQuota() (gas: 40546446)
[PASS] test_NativeMessageFeesExactAndSeparate() (gas: 1397522)
[PASS] test_OwnerCannotMintOrBurn() (gas: 11592)
[PASS] test_PauseNewDepositsPreservesExit() (gas: 1345530)
[PASS] test_PausedReleaseCanRetry() (gas: 1346275)
[PASS] test_PendingAndOutOfOrder() (gas: 2032398)
[PASS] test_PendingDepositsAccumulateWithoutSharedQuota() (gas: 1252790)
[PASS] test_PublishFailureRollsBackFeeDepositAndBurn() (gas: 941337)
[PASS] test_RapidRoundTripsNeedNoRefillOrWaiting() (gas: 24570918)
[PASS] test_ReentrancyGuardRejectsTokenCallback() (gas: 939343)
[PASS] test_ReplayIndependentOfHashAndSignatures() (gas: 869222)
[PASS] test_TaxedDepositRollsBack() (gas: 118008)
[PASS] test_TaxedReleaseRetry() (gas: 1367340)
[PASS] test_ThirdPartyCannotBurn() (gas: 809877)
[PASS] test_ThirdPartyRelayAndPermissionlessTransfer() (gas: 1442751)
[PASS] test_TrailingPayloadRejected() (gas: 744587)
[PASS] test_TransferMaximumChecked() (gas: 22174)
[PASS] test_UnattestedRejected() (gas: 33227)
[PASS] test_UnauthorizedAdministration() (gas: 34727)
[PASS] test_ZeroAndInvalidRecipient() (gas: 65675)
Suite result: ok. 34 passed; 0 failed; 0 skipped; finished in 384.84ms (481.35ms CPU time)

Ran 1 test for test/BridgeInvariant.t.sol:BridgeInvariantTest
[PASS] invariant_ReservesCoverSupplyAndEveryPendingClaim() (runs: 128, calls: 8192, reverts: 0)

╭---------------+-------------------+-------+---------+----------╮
| Contract      | Selector          | Calls | Reverts | Discards |
+================================================================+
| BridgeHandler | advanceTime       | 957   | 0       | 0        |
|---------------+-------------------+-------+---------+----------|
| BridgeHandler | changeMaximum     | 1059  | 0       | 0        |
|---------------+-------------------+-------+---------+----------|
| BridgeHandler | deliverDeposit    | 1077  | 0       | 0        |
|---------------+-------------------+-------+---------+----------|
| BridgeHandler | deliverRedemption | 1081  | 0       | 0        |
|---------------+-------------------+-------+---------+----------|
| BridgeHandler | deposit           | 1006  | 0       | 0        |
|---------------+-------------------+-------+---------+----------|
| BridgeHandler | redeem            | 992   | 0       | 0        |
|---------------+-------------------+-------+---------+----------|
| BridgeHandler | setPause          | 985   | 0       | 0        |
|---------------+-------------------+-------+---------+----------|
| BridgeHandler | transferWrapped   | 1035  | 0       | 0        |
╰---------------+-------------------+-------+---------+----------╯

Suite result: ok. 1 passed; 0 failed; 0 skipped; finished in 2.39s (2.39s CPU time)

Ran 13 test suites in 2.39s (3.58s CPU time): 125 tests passed, 0 failed, 0 skipped (125 total tests)

╭------------------------------------+------------------+------------------+----------------+-----------------╮
| File                               | % Lines          | % Statements     | % Branches     | % Funcs         |
+=============================================================================================================+
| script/Deploy.s.sol                | 100.00% (49/49)  | 100.00% (53/53)  | 85.00% (17/20) | 100.00% (3/3)   |
|------------------------------------+------------------+------------------+----------------+-----------------|
| script/LocalDemo.s.sol             | 0.00% (0/38)     | 0.00% (0/43)     | 0.00% (0/6)    | 0.00% (0/2)     |
|------------------------------------+------------------+------------------+----------------+-----------------|
| src/DestinationBridge.sol          | 95.83% (23/24)   | 87.50% (21/24)   | 25.00% (1/4)   | 100.00% (5/5)   |
|------------------------------------+------------------+------------------+----------------+-----------------|
| src/SourceVault.sol                | 98.18% (54/55)   | 97.62% (82/84)   | 81.82% (9/11)  | 100.00% (7/7)   |
|------------------------------------+------------------+------------------+----------------+-----------------|
| src/WormholeEndpoint.sol           | 100.00% (98/98)  | 99.34% (150/151) | 95.65% (22/23) | 100.00% (18/18) |
|------------------------------------+------------------+------------------+----------------+-----------------|
| src/WrappedAsset.sol               | 100.00% (64/64)  | 100.00% (88/88)  | 100.00% (7/7)  | 100.00% (17/17) |
|------------------------------------+------------------+------------------+----------------+-----------------|
| test/BridgeInvariant.t.sol         | 82.24% (88/107)  | 83.70% (113/135) | 84.62% (11/13) | 91.67% (11/12)  |
|------------------------------------+------------------+------------------+----------------+-----------------|
| test/DeploymentConfig.t.sol        | 100.00% (4/4)    | 100.00% (4/4)    | 100.00% (0/0)  | 100.00% (2/2)   |
|------------------------------------+------------------+------------------+----------------+-----------------|
| test/Fixture.sol                   | 100.00% (40/40)  | 100.00% (39/39)  | 100.00% (0/0)  | 100.00% (8/8)   |
|------------------------------------+------------------+------------------+----------------+-----------------|
| test/mocks/MockStockToken.sol      | 100.00% (30/30)  | 100.00% (30/30)  | 100.00% (6/6)  | 100.00% (10/10) |
|------------------------------------+------------------+------------------+----------------+-----------------|
| test/mocks/MockWormholeCore.sol    | 100.00% (30/30)  | 100.00% (24/24)  | 80.00% (4/5)   | 100.00% (7/7)   |
|------------------------------------+------------------+------------------+----------------+-----------------|
| test/mocks/VerifiedCoreHarness.sol | 100.00% (12/12)  | 100.00% (9/9)    | 50.00% (1/2)   | 100.00% (3/3)   |
|------------------------------------+------------------+------------------+----------------+-----------------|
| Total                              | 89.29% (492/551) | 89.62% (613/684) | 80.41% (78/97) | 96.81% (91/94)  |
╰------------------------------------+------------------+------------------+----------------+-----------------╯
Wrote LCOV report.
